city,place_id,lat,lon,base,visibility,dt,timezone,id,name,cod,coord.lon,coord.lat,main.temp,main.feels_like,main.temp_min,main.temp_max,main.pressure,main.humidity,main.sea_level,main.grnd_level,wind.speed,wind.deg,clouds.all,sys.type,sys.id,sys.country,sys.sunrise,sys.sunset,wind.gust,rain.1h,data.0.id,data.0.main,data.0.description,data.0.icon,hotels
Aigues-Mortes,83169163,43.5661521,4.19154,stations,10000,1787845700,7200,3038493,Aigues-Mortes,200,4.1915,43.5662,27.98,32.52,27.21,27.98,1011,83,1011,1010,10.29,120,88,1.0,6518.0,FR,1787806879,1787855327,,,804,Clouds,overcast clouds,04d,"[{'name': 'Artemia Aigues-Mortes - Hôtel avec piscine - Bornes électriques - Parking privé - Local vélo-moto', 'price': '€ 94', 'score': 'Avec une note de 8,9 8,9 Superbe 1 380 expériences vécues'}, {'name': ""Hotel L'Escale"", 'price': '€ 109', 'score': 'Avec une note de 8,4 8,4 Très bien 484 expériences vécues'}, {'name': 'La Villa Mazarin', 'price': '€ 203', 'score': 'Avec une note de 9,2 9,2 Fabuleux 1 276 expériences vécues'}, {'name': 'Hotel Saint Louis - Au Coeur des Remparts', 'price': '€ 118', 'score': 'Avec une note de 8,6 8,6 Superbe 1 320 expériences vécues'}, {'name': 'Hôtel La Maison des Croisades - Au pied des Remparts', 'price': '€ 105', 'score': 'Avec une note de 9,0 9,0 Fabuleux 1 019 expériences vécues'}, {'name': 'Le Mas Des Sables', 'price': '€ 99', 'score': 'Avec une note de 8,0 8,0 Très bien 607 expériences vécues'}, {'name': 'Hotel Des 4 Vents ""Esprit Camargue"" Parking Privé Gratuit', 'price': '€ 103', 'score': 'Avec une note de 8,4 8,4 Très bien 591 expériences vécues'}, {'name': 'Maison vacances', 'price': '€ 173', 'score': 'Avec une note de 9,1 9,1 Fabuleux 49 expériences vécues'}, {'name': 'Hôtel-Restaurant ""Chez Carrière""', 'price': '€ 105', 'score': 'Avec une note de 8,9 8,9 Superbe 398 expériences vécues'}, {'name': 'La Maison de Lyna - Suites de charme intra-muros avec parking & autonomie', 'price': '€ 168', 'score': 'Avec une note de 9,0 9,0 Fabuleux 321 expériences vécues'}, {'name': 'Factory duplex Aigues-Mortes moderne & chaleureux', 'price': '€ 109', 'score': 'Avec une note de 9,7 9,7 Exceptionnel 17 expériences vécues'}, {'name': '27 côté remparts', 'price': '€ 110', 'score': 'Avec une note de 9,4 9,4 Fabuleux 181 expériences vécues'}, {'name': 'LE PALMIER Aigues-Mortes PARKING Petite Camargue', 'price': '€ 127', 'score': 'Avec une note de 9,8 9,8 Exceptionnel 13 expériences vécues'}, {'name': 'Maison Teiss', 'price': '€ 89', 'score': 'Avec une note de 9,2 9,2 Fabuleux 9 expériences vécues'}, {'name': 'Hotel Les Templiers', 'price': '€ 155', 'score': 'Avec une note de 8,7 8,7 Superbe 143 expériences vécues'}, {'name': 'Boutique Hôtel des Remparts & Spa', 'price': '€ 447', 'score': 'Avec une note de 9,4 9,4 Fabuleux 219 expériences vécues'}, {'name': ""VILLA ADOYA Chambre d'hôtes Aigues-Mortes intra muros au calme climatisation réversible PISCINE WIFI ascenseur PARKING gratuit"", 'price': '€ 177', 'score': 'Avec une note de 9,4 9,4 Fabuleux 94 expériences vécues'}, {'name': 'La fricassée', 'price': '€ 84', 'score': 'Avec une note de 8,8 8,8 Superbe 161 expériences vécues'}, {'name': 'Chambre BELEM - Piscine chauffée - MAS SAINT LOUIS', 'price': '€ 109', 'score': 'Avec une note de 8,8 8,8 Superbe 23 expériences vécues'}, {'name': 'La Maison du Môle', 'price': '€ 175', 'score': 'Avec une note de 9,7 9,7 Exceptionnel 231 expériences vécues'}, {'name': 'LA PENICHE - Bed And Bicycle - Aigues Mortes', 'price': '€ 209', 'score': 'Avec une note de 8,9 8,9 Superbe 101 expériences vécues'}, {'name': 'Ô 36 Rempart Sud BB', 'price': '€ 122', 'score': 'Avec une note de 9,0 9,0 Fabuleux 246 expériences vécues'}, {'name': 'Sxcape ROOM', 'price': '€ 266', 'score': 'Avec une note de 9,6 9,6 Exceptionnel 6 expériences vécues'}, {'name': 'appartement Aigues-Mortes', 'price': '€ 106', 'score': 'Avec une note de 7,4 7,4 Bien 19 expériences vécues'}, {'name': ""Chambres d'hotes Deluxe Jacuzzi Mas de l'Etoile"", 'price': '€ 316', 'score': 'Avec une note de 8,6 8,6 Superbe 82 expériences vécues'}]"
Aix-en-Provence,83161830,43.5298424,5.4474738,stations,10000,1787845703,7200,3038354,Aix-en-Provence,200,5.4475,43.5298,30.81,34.45,30.14,32.07,1012,60,1012,980,3.58,76,100,2.0,2006832.0,FR,1787806580,1787855022,6.71,,804,Clouds,overcast clouds,04d,"[{'name': 'Aparthotel Adagio Access Aix-en-Provence Université', 'price': '€ 91', 'score': 'Avec une note de 8,3 8,3 Très bien 4 095 expériences vécues'}, {'name': ""B&B HOTEL Aix-en-Provence Pont de l'Arc"", 'price': '€ 70', 'score': 'Avec une note de 7,4 7,4 Bien 2 352 expériences vécues'}, {'name': 'ibis Aix en Provence', 'price': '€ 104', 'score': 'Avec une note de 7,9 7,9 Bien 1 890 expériences vécues'}, {'name': ""Appart'hôtel Odalys City - Aix en Provence Centre Palais des Congrès"", 'price': '€ 127', 'score': 'Avec une note de 8,0 8,0 Très bien 2 226 expériences vécues'}, {'name': 'thecamp hôtel - Aix en Provence', 'price': '€ 111', 'score': 'Avec une note de 8,3 8,3 Très bien 3 502 expériences vécues'}, {'name': 'ibis budget Aix en Provence', 'price': '€ 81', 'score': 'Avec une note de 7,9 7,9 Bien 1 631 expériences vécues'}, {'name': 'Radisson Hotel Aix En Provence', 'price': '€ 251', 'score': 'Avec une note de 8,0 8,0 Très bien 1 770 expériences vécues'}, {'name': 'Hôtel des Augustins', 'price': '€ 169', 'score': 'Avec une note de 8,4 8,4 Très bien 2 148 expériences vécues'}, {'name': 'Setclub Hôtel & Spa Aix-en-Provence', 'price': '€ 187', 'score': 'Avec une note de 8,1 8,1 Très bien 1 401 expériences vécues'}, {'name': ""Campanile Prime - Aix-en-Provence Sud - Pont de l'Arc"", 'price': '€ 103', 'score': 'Avec une note de 8,1 8,1 Très bien 1 119 expériences vécues'}, {'name': 'Grand Hôtel Roi René Aix - MGallery Collection', 'price': '€ 260', 'score': 'Avec une note de 8,4 8,4 Très bien 1 280 expériences vécues'}, {'name': 'Renaissance Aix-en-Provence Hotel', 'price': '€ 284', 'score': 'Avec une note de 8,5 8,5 Très bien 1 269 expériences vécues'}, {'name': 'Villa Zola', 'price': '€ 100', 'score': 'Avec une note de 8,8 8,8 Superbe 247 expériences vécues'}, {'name': 'Le petit nid Aixois', 'price': '€ 212', 'score': 'Avec une note de 8,7 8,7 Superbe 9 expériences vécues'}, {'name': 'Ibis Styles Aix-en-Provence Universite', 'price': '€ 128', 'score': 'Avec une note de 8,5 8,5 Très bien 11 expériences vécues'}, {'name': 'Best Western Hotel le Galice Aix-en-Provence', 'price': '€ 1 217', 'score': 'Avec une note de 8,1 8,1 Très bien 2 531 expériences vécues'}, {'name': ""Novotel Aix-en-Provence Pont de L'Arc"", 'price': '€ 175', 'score': 'Avec une note de 8,0 8,0 Très bien 640 expériences vécues'}, {'name': 'Hôtel Rotonde Aix-en-Provence centre', 'price': '€ 172', 'score': 'Avec une note de 8,4 8,4 Très bien 208 expériences vécues'}, {'name': 'Le Concorde', 'price': '€ 124', 'score': 'Avec une note de 8,0 8,0 Très bien 2 439 expériences vécues'}, {'name': ""L'étape Aixoise - appartement climatisé terrasse centre ville Rotonde cours Mirabeau allées provençales"", 'price': '€ 186', 'score': 'Avec une note de 8,9 8,9 Superbe 21 expériences vécues'}, {'name': 'Èrsextius, LMR1, Aix-en-Provence', 'price': '€ 140', 'score': 'Avec une note de 8,9 8,9 Superbe 10 expériences vécues'}, {'name': ""Appart'hôtel Odalys City - Aix en Provence Ouest"", 'price': '€ 91', 'score': 'Avec une note de 8,2 8,2 Très bien 2 663 expériences vécues'}, {'name': 'Hôtel Saint Christophe Aix en Provence Centre Ville by Germain Collection', 'price': '€ 159', 'score': 'Avec une note de 8,9 8,9 Superbe 736 expériences vécues'}, {'name': 'Garden & City Aix En Provence - Puyricard', 'price': '€ 83', 'score': 'Avec une note de 6,6 6,6 Note 697 expériences vécues'}, {'name': 'City Résidence Aix-en-Provence', 'price': '€ 83', 'score': 'Avec une note de 7,3 7,3 Bien 2 224 expériences vécues'}]"
Amiens,99155202,49.8941708,2.2956951,stations,6744,1787845542,7200,3037854,Amiens,200,2.2957,49.8942,25.69,25.96,25.69,25.69,1008,63,1008,997,3.52,296,100,,,FR,1787806707,1787856408,5.05,,804,Clouds,overcast clouds,04d,"[{'name': 'Ibis Budget Amiens Centre Gare', 'price': '€ 68', 'score': 'Avec une note de 8,3 8,3 Très bien 3 285 expériences vécues'}, {'name': 'ibis Styles Amiens Sud', 'price': '€ 113', 'score': 'Avec une note de 8,5 8,5 Très bien 5 099 expériences vécues'}, {'name': 'Holiday Inn Express Amiens by IHG', 'price': '€ 105', 'score': 'Avec une note de 7,9 7,9 Bien 3 479 expériences vécues'}, {'name': 'ibis Styles Amiens Centre', 'price': '€ 138', 'score': 'Avec une note de 8,6 8,6 Superbe 1 517 expériences vécues'}, {'name': 'Mercure Amiens Cathédrale', 'price': '€ 142', 'score': 'Avec une note de 8,3 8,3 Très bien 1 762 expériences vécues'}, {'name': 'Comfort Hotel Amiens Nord', 'price': '€ 66', 'score': 'Avec une note de 7,3 7,3 Bien 2 140 expériences vécues'}, {'name': ""Appart'City Confort Amiens Gare"", 'price': '€ 76', 'score': 'Avec une note de 7,8 7,8 Bien 2 329 expériences vécues'}, {'name': 'Moxy Amiens', 'price': '€ 102', 'score': 'Avec une note de 8,4 8,4 Très bien 1 855 expériences vécues'}, {'name': 'B&B HOTEL Amiens Sud', 'price': '€ 82', 'score': 'Avec une note de 8,4 8,4 Très bien 77 expériences vécues'}, {'name': 'You Hotel Amiens - Handwritten Collection', 'price': '€ 139', 'score': 'Avec une note de 8,9 8,9 Superbe 189 expériences vécues'}, {'name': 'Le Saint Louis', 'price': '€ 76', 'score': 'Avec une note de 8,2 8,2 Très bien 1 240 expériences vécues'}, {'name': 'Hotel Le Prieuré et La Résidence', 'price': '€ 118', 'score': 'Avec une note de 8,4 8,4 Très bien 1 254 expériences vécues'}, {'name': 'B&B HOTEL Amiens Centre Cathédrale', 'price': '€ 75', 'score': 'Avec une note de 8,2 8,2 Très bien 2 462 expériences vécues'}, {'name': 'Hôtel De Normandie', 'price': '€ 71', 'score': 'Avec une note de 7,0 7,0 Bien 585 expériences vécues'}, {'name': ""Grand Hotel de L'Univers"", 'price': '€ 90', 'score': 'Avec une note de 7,9 7,9 Bien 1 106 expériences vécues'}, {'name': ""Appt 3 à deux pas de la gare d'Amiens"", 'price': '€ 55', 'score': 'Avec une note de 6,2 6,2 Note 202 expériences vécues'}, {'name': 'Appart Ciné Spa Amiens Cathédrale Parking Beffroi', 'price': '€ 117', 'score': 'Avec une note de 9,3 9,3 Fabuleux 25 expériences vécues'}, {'name': 'Hôtel Central Anzac Amiens Gare', 'price': '€ 61', 'score': 'Avec une note de 7,1 7,1 Bien 1 409 expériences vécues'}, {'name': ""DOMITYS - L'Edito"", 'price': '€ 84', 'score': 'Avec une note de 8,6 8,6 Superbe 186 expériences vécues'}, {'name': 'Bel appartement 2 chambres proche St Leu', 'price': '€ 118', 'score': 'Avec une note de 9,0 9,0 Fabuleux 38 expériences vécues'}, {'name': 'Maison Calme Terrasse et Jardin Vue Forêt', 'price': '€ 132', 'score': 'Avec une note de 9,1 9,1 Fabuleux 40 expériences vécues'}, {'name': ""Logis Hôtel - La Chambre d'Amiens"", 'price': '€ 118', 'score': 'Avec une note de 8,3 8,3 Très bien 1 260 expériences vécues'}, {'name': 'Urbs Amiens Sud', 'price': '€ 89', 'score': 'Avec une note de 9,5 9,5 Exceptionnel 321 expériences vécues'}, {'name': 'Maison Ulysse', 'price': '€ 178', 'score': 'Avec une note de 9,0 9,0 Fabuleux 237 expériences vécues'}, {'name': 'Confort et Design-Prés de la Cathédrale', 'price': '€ 74', 'score': 'Avec une note de 8,5 8,5 Très bien 13 expériences vécues'}]"
Annecy,88514330,45.8992348,6.1288847,stations,10000,1787845461,7200,3037543,Annecy,200,6.1289,45.8992,32.08,32.39,32.08,32.79,1010,40,1010,926,1.03,0,79,1.0,6500.0,FR,1787806200,1787855076,,,803,Clouds,broken clouds,04d,"[{'name': 'B&B HOTEL Annecy Cran-Gevrier', 'price': '€ 106', 'score': 'Avec une note de 7,9 7,9 Bien 3 189 expériences vécues'}, {'name': 'Le Pélican', 'price': '€ 407', 'score': 'Avec une note de 8,8 8,8 Superbe 4 912 expériences vécues'}, {'name': 'Aparthotel Adagio Annecy Centre', 'price': '€ 199', 'score': 'Avec une note de 8,3 8,3 Très bien 2 828 expériences vécues'}, {'name': 'Centre Jean XXIII', 'price': '€ 205', 'score': 'Avec une note de 8,1 8,1 Très bien 3 048 expériences vécues'}, {'name': 'Moxy Annecy', 'price': '€ 191', 'score': 'Avec une note de 8,4 8,4 Très bien 3 229 expériences vécues'}, {'name': 'Allobroges Park Hôtel', 'price': '€ 213', 'score': 'Avec une note de 8,9 8,9 Superbe 2 829 expériences vécues'}, {'name': ""Hôtel du Palais de l'Isle"", 'price': '€ 256', 'score': 'Avec une note de 7,9 7,9 Bien 2 196 expériences vécues'}, {'name': 'Hôtel La Cour du 6', 'price': '€ 257', 'score': 'Avec une note de 9,0 9,0 Fabuleux 704 expériences vécues'}, {'name': ""Comfort Aparthotel Les Hauts d'Annecy"", 'price': '€ 133', 'score': 'Avec une note de 7,6 7,6 Bien 5 378 expériences vécues'}, {'name': 'Best Western Plus Hotel Carlton Annecy', 'price': '€ 223', 'score': 'Avec une note de 8,7 8,7 Superbe 2 656 expériences vécues'}, {'name': 'chez Marjorie', 'price': '€ 141', 'score': 'Avec une note de 8,7 8,7 Superbe 204 expériences vécues'}, {'name': ""Le Splendid Hotel Lac D'Annecy - Handwritten Collection"", 'price': '€ 442', 'score': 'Avec une note de 8,6 8,6 Superbe 1 896 expériences vécues'}, {'name': 'Hotel de Savoie', 'price': '€ 165', 'score': 'Avec une note de 6,2 6,2 Note 798 expériences vécues'}, {'name': 'La Chapelle', 'price': '€ 241', 'score': 'Avec une note de 9,4 9,4 Fabuleux 114 expériences vécues'}, {'name': 'Campanile Annecy - Cran Gevrier', 'price': '€ 168', 'score': 'Avec une note de 7,4 7,4 Bien 1 878 expériences vécues'}, {'name': 'Rivage Hôtel & Spa Annecy', 'price': '€ 689', 'score': 'Avec une note de 8,9 8,9 Superbe 2 543 expériences vécues'}, {'name': 'Impérial Palace', 'price': '€ 424', 'score': 'Avec une note de 8,8 8,8 Superbe 3 859 expériences vécues'}, {'name': 'La loge de pierre au coeur de la vieille ville d Annecy', 'price': '€ 198', 'score': 'Avec une note de 9,2 9,2 Fabuleux 37 expériences vécues'}, {'name': 'greet hôtel Annecy Cran-Gevrier by Accor', 'price': '€ 122', 'score': 'Avec une note de 7,5 7,5 Bien 1 767 expériences vécues'}, {'name': 'Appart Hotel Neostelia', 'price': '€ 160', 'score': 'Avec une note de 8,7 8,7 Superbe 2 247 expériences vécues'}, {'name': 'FH Confort Annecy', 'price': '€ 93', 'score': 'Avec une note de 7,3 7,3 Bien 1 859 expériences vécues'}, {'name': 'Ibis Styles Annecy Le Vieux', 'price': '€ 196', 'score': 'Avec une note de 7,6 7,6 Bien 1 069 expériences vécues'}, {'name': 'Sure Hotel by Best Western Annecy', 'price': '€ 117', 'score': 'Avec une note de 7,9 7,9 Bien 2 342 expériences vécues'}, {'name': 'ROYAL Annecy Apparthôtel', 'price': '€ 354', 'score': 'Avec une note de 8,7 8,7 Superbe 2 078 expériences vécues'}, {'name': 'Mercure Annecy Centre', 'price': '€ 220', 'score': 'Avec une note de 7,6 7,6 Bien 403 expériences vécues'}]"
Avignon,82758863,43.9492493,4.8059012,stations,10000,1787845709,7200,3035681,Avignon,200,4.8059,43.9492,33.43,35.2,32.35,34.21,1011,43,1011,1004,7.72,160,95,2.0,2024181.0,FR,1787806697,1787855213,,,804,Clouds,overcast clouds,04d,"[{'name': 'ibis budget Avignon Centre', 'price': '€ 80', 'score': 'Avec une note de 8,0 8,0 Très bien 4 010 expériences vécues'}, {'name': 'Hôtel Le Bristol', 'price': '€ 96', 'score': 'Avec une note de 8,4 8,4 Très bien 4 486 expériences vécues'}, {'name': 'Mercure Avignon TGV Hotel & Spa', 'price': '€ 145', 'score': 'Avec une note de 8,6 8,6 Superbe 2 320 expériences vécues'}, {'name': 'hotelF1 Avignon Centre Courtine gare TGV', 'price': '€ 48', 'score': 'Avec une note de 7,2 7,2 Bien 2 121 expériences vécues'}, {'name': 'Auberge de jeunesse HI Avignon', 'price': '€ 139', 'score': 'Avec une note de 8,0 8,0 Très bien 864 expériences vécues'}, {'name': 'Novotel Avignon Centre', 'price': '€ 172', 'score': 'Avec une note de 8,2 8,2 Très bien 1 002 expériences vécues'}, {'name': 'Mercure Pont d’Avignon Centre', 'price': '€ 146', 'score': 'Avec une note de 8,1 8,1 Très bien 235 expériences vécues'}, {'name': 'Golden Tulip Avignon Le Paradou', 'price': '€ 107', 'score': 'Avec une note de 8,3 8,3 Très bien 2 256 expériences vécues'}, {'name': 'Hotel Cristol', 'price': '€ 79', 'score': 'Avec une note de 7,2 7,2 Bien 572 expériences vécues'}, {'name': ""ibis Avignon Centre Pont De L'Europe"", 'price': '€ 77', 'score': 'Avec une note de 7,6 7,6 Bien 1 101 expériences vécues'}, {'name': 'ApartHotel Sainte-Marthe', 'price': '€ 67', 'score': 'Avec une note de 8,0 8,0 Très bien 5 659 expériences vécues'}, {'name': 'ibis Styles Avignon Sud', 'price': '€ 108', 'score': 'Avec une note de 8,4 8,4 Très bien 2 360 expériences vécues'}, {'name': 'B&B HOTEL Avignon Sud Parc des Expositions', 'price': '€ 79', 'score': 'Avec une note de 6,3 6,3 Note 1 538 expériences vécues'}, {'name': 'ibis Avignon Sud', 'price': '€ 89', 'score': 'Avec une note de 7,7 7,7 Bien 2 001 expériences vécues'}, {'name': 'Best Western Plus Le Lavarin Avignon', 'price': '€ 108', 'score': 'Avec une note de 8,1 8,1 Très bien 1 784 expériences vécues'}, {'name': 'Avignon Grand Hotel', 'price': '€ 202', 'score': 'Avec une note de 8,1 8,1 Très bien 2 442 expériences vécues'}, {'name': 'Brit Hotel Avignon Sud Le Calendal', 'price': '€ 82', 'score': 'Avec une note de 8,2 8,2 Très bien 329 expériences vécues'}, {'name': 'Hôtel Cloitre Saint Louis Avignon', 'price': '€ 175', 'score': 'Avec une note de 7,7 7,7 Bien 3 016 expériences vécues'}, {'name': 'Hotel Alizéa', 'price': '€ 56', 'score': 'Avec une note de 5,7 5,7 Note 1 001 expériences vécues'}, {'name': 'Renovated loft Historic Center Place Pie', 'price': '€ 108', 'score': 'Avec une note de 9,3 9,3 Fabuleux 4 expériences vécues'}, {'name': 'Les Murmures du Palais - Terrasse privée avec vue', 'price': '€ 126', 'score': 'Avec une note de 9,4 9,4 Fabuleux 12 expériences vécues'}, {'name': 'APPARTEMENT N7 INTRA MUROS T2 - CLIMATISATION- WiFi - Palais des Papes', 'price': '€ 86', 'score': 'Avec une note de 9,0 9,0 Fabuleux 5 expériences vécues'}, {'name': 'Hôtel Central', 'price': '€ 73', 'score': 'Avec une note de 8,0 8,0 Très bien 2 329 expériences vécues'}, {'name': 'Hôtel Les Corps Saints', 'price': '€ 84', 'score': 'Avec une note de 7,1 7,1 Bien 1 666 expériences vécues'}, {'name': 'Hôtel Boquier, Avignon Centre', 'price': '€ 127', 'score': 'Avec une note de 8,4 8,4 Très bien 290 expériences vécues'}]"
Barjols,83002405,43.558133,6.0056803,stations,10000,1787845711,7200,3034918,Barjols,200,6.0057,43.5581,28.83,32.72,28.15,29.16,1014,72,1014,970,3.4,0,23,5.0,50014318.0,FR,1787806444,1787854891,7.4,0.41,500,Rain,light rain,10d,"[{'name': '2 pièces dans le centre historique de Barjols', 'price': '€ 68', 'score': 'Avec une note de 8,9 8,9 Superbe 31 expériences vécues'}, {'name': ""Logis Hôtel du Pont d'Or"", 'price': '€ 76', 'score': 'Avec une note de 7,9 7,9 Bien 68 expériences vécues'}, {'name': 'Chambre d hotes ""Lilimyna"" avec petit déjeuner', 'price': '€ 106', 'score': 'Avec une note de 9,1 9,1 Fabuleux 94 expériences vécues'}, {'name': 'La cabane des amoureux', 'price': '€ 193', 'score': 'Avec une note de 8,4 8,4 Très bien 51 expériences vécues'}, {'name': 'La Suite - Loft Spa', 'price': '€ 241', 'score': 'Avec une note de 8,6 8,6 Superbe 25 expériences vécues'}, {'name': 'La Pampa en Provence - Maison de vacances', 'price': '€ 1 173', 'score': None}, {'name': 'Independent studio Varages', 'price': '€ 63', 'score': None}, {'name': 'ÉcoHavre Correns', 'price': '€ 90', 'score': 'Avec une note de 7,6 7,6 Bien 37 expériences vécues'}, {'name': 'Auberge du Parc - Correns', 'price': '€ 157', 'score': 'Avec une note de 9,3 9,3 Fabuleux 81 expériences vécues'}, {'name': 'Le Refuge', 'price': '€ 105', 'score': 'Avec une note de 9,2 9,2 Fabuleux 105 expériences vécues'}, {'name': 'Campagne de la source St Martin BB', 'price': '€ 92', 'score': 'Avec une note de 9,4 9,4 Fabuleux 210 expériences vécues'}, {'name': 'Cosy & Chill Appartements - Au cœur du village de Cotignac, en Provence', 'price': '€ 114', 'score': 'Avec une note de 9,0 9,0 Fabuleux 117 expériences vécues'}, {'name': 'Hotel restaurant les pins', 'price': '€ 105', 'score': 'Avec une note de 8,8 8,8 Superbe 101 expériences vécues'}, {'name': ""Villa Asunda B&B Spa & Sauna, Chambres d'Hôtes"", 'price': '€ 122', 'score': 'Avec une note de 9,1 9,1 Fabuleux 124 expériences vécues'}, {'name': 'Chambre Indépendante sur terrain avec piscine', 'price': '€ 100', 'score': 'Avec une note de 9,5 9,5 Exceptionnel 4 expériences vécues'}, {'name': 'Cozy studio in medieval town', 'price': '€ 95', 'score': 'Avec une note de 9,0 9,0 Fabuleux 3 expériences vécues'}, {'name': 'Hôtel La Falaise', 'price': '€ 158', 'score': 'Avec une note de 8,3 8,3 Très bien 233 expériences vécues'}, {'name': 'Les maisons de loup a loup', 'price': '€ 162', 'score': 'Avec une note de 9,6 9,6 Exceptionnel 181 expériences vécues'}, {'name': 'LE CUPIDON', 'price': '€ 160', 'score': 'Avec une note de 9,2 9,2 Fabuleux 56 expériences vécues'}, {'name': 'Chambre indépendante, grand lit 180x200cm, piscine de 16m avec vue magnifique', 'price': '€ 116', 'score': 'Avec une note de 9,5 9,5 Exceptionnel 34 expériences vécues'}, {'name': ""Chambre d'hôtes cotignac"", 'price': '€ 95', 'score': 'Avec une note de 8,8 8,8 Superbe 65 expériences vécues'}, {'name': '4 safraniers', 'price': '€ 65', 'score': 'Avec une note de 8,8 8,8 Superbe 154 expériences vécues'}, {'name': 'OFILDLEAU', 'price': '€ 100', 'score': 'Avec une note de 9,1 9,1 Fabuleux 234 expériences vécues'}, {'name': 'Les Voûtes Secrètes - Love Room avec Balnéo à Bras', 'price': '€ 197', 'score': 'Avec une note de 9,8 9,8 Exceptionnel 13 expériences vécues'}, {'name': 'Domaine du PIAOU ""chambres & table d\'hôte""', 'price': '€ 213', 'score': 'Avec une note de 9,8 9,8 Exceptionnel 100 expériences vécues'}]"
Bayeux,280655053,49.2764624,-0.7024738,stations,6796,1787845616,7200,6447202,Bayeux,200,-0.7039,49.2841,18.16,18.12,18.16,18.16,1009,80,1009,1003,2.88,78,100,1.0,6569.0,FR,1787807495,1787857059,3.84,,804,Clouds,overcast clouds,04d,"[{'name': 'B&B HOTEL Bayeux', 'price': '€ 142', 'score': 'Avec une note de 8,2 8,2 Très bien 687 expériences vécues'}, {'name': 'Ibis Budget Bayeux', 'price': '€ 95', 'score': 'Avec une note de 8,1 8,1 Très bien 2 038 expériences vécues'}, {'name': ""Hôtel d'Argouges"", 'price': '€ 158', 'score': 'Avec une note de 8,7 8,7 Superbe 1 111 expériences vécues'}, {'name': 'B&B Nathalie', 'price': '€ 174', 'score': 'Avec une note de 9,6 9,6 Exceptionnel 439 expériences vécues'}, {'name': 'Novotel Bayeux', 'price': '€ 183', 'score': 'Avec une note de 8,1 8,1 Très bien 771 expériences vécues'}, {'name': 'Hôtel De Brunville & Spa', 'price': '€ 160', 'score': 'Avec une note de 7,9 7,9 Bien 1 636 expériences vécues'}, {'name': 'Domaine de Bayeux', 'price': '€ 319', 'score': 'Avec une note de 9,4 9,4 Fabuleux 716 expériences vécues'}, {'name': 'Campanile Bayeux', 'price': '€ 166', 'score': 'Avec une note de 7,7 7,7 Bien 1 283 expériences vécues'}, {'name': 'Le Castel Guesthouse', 'price': '€ 282', 'score': 'Avec une note de 8,5 8,5 Très bien 802 expériences vécues'}, {'name': ""Hotel Le Lion D'Or et Restaurant La Table Du Lion"", 'price': '€ 194', 'score': 'Avec une note de 8,7 8,7 Superbe 832 expériences vécues'}, {'name': 'Churchill Hotel Bayeux Centre', 'price': '€ 231', 'score': 'Avec une note de 8,6 8,6 Superbe 646 expériences vécues'}, {'name': 'Hôtel Le Saint Patrice', 'price': '€ 150', 'score': 'Avec une note de 8,2 8,2 Très bien 757 expériences vécues'}, {'name': 'Hôtel Le Bayeux', 'price': '€ 160', 'score': 'Avec une note de 7,2 7,2 Bien 435 expériences vécues'}, {'name': 'La Parenthese - Charme & Coeur Historique', 'price': '€ 199', 'score': 'Avec une note de 8,6 8,6 Superbe 13 expériences vécues'}, {'name': 'Le Clos de la Chapelle Bayeux', 'price': '€ 230', 'score': 'Avec une note de 9,5 9,5 Exceptionnel 165 expériences vécues'}, {'name': 'Grand Hôtel du Luxembourg & Spa', 'price': '€ 218', 'score': 'Avec une note de 7,9 7,9 Bien 422 expériences vécues'}, {'name': 'Duplex appartement in Bayeux', 'price': '€ 125', 'score': 'Avec une note de 6,9 6,9 Note 15 expériences vécues'}, {'name': ""D-DAY's"", 'price': '€ 140', 'score': 'Avec une note de 9,1 9,1 Fabuleux 32 expériences vécues'}, {'name': 'Aggarthi Bed and Breakfast', 'price': '€ 279', 'score': 'Avec une note de 9,3 9,3 Fabuleux 324 expériences vécues'}, {'name': 'Cozy, quiet apartment', 'price': '€ 246', 'score': 'Avec une note de 9,0 9,0 Fabuleux 1 expérience vécue'}, {'name': 'Belle Normandy', 'price': '€ 363', 'score': 'Avec une note de 8,7 8,7 Superbe 104 expériences vécues'}, {'name': 'Villa Lara Hotel', 'price': '€ 561', 'score': 'Avec une note de 9,5 9,5 Exceptionnel 158 expériences vécues'}, {'name': 'Le Tardif, Noble Guesthouse', 'price': '€ 362', 'score': 'Avec une note de 9,5 9,5 Exceptionnel 100 expériences vécues'}, {'name': ""L'ATELIER DU VIEUX BOIS Spa"", 'price': '€ 643', 'score': 'Avec une note de 9,3 9,3 Fabuleux 20 expériences vécues'}, {'name': 'Château Saint Gilles - Bayeux', 'price': '€ 317', 'score': 'Avec une note de 9,3 9,3 Fabuleux 446 expériences vécues'}]"
Bayonne,290541150,43.4945144,-1.4736657,stations,10000,1787845716,7200,3034475,Bayonne,200,-1.4737,43.4945,24.42,24.95,24.42,25.1,1008,78,1008,1003,4.12,330,100,1.0,6478.0,FR,1787808246,1787856678,9.77,,804,Clouds,overcast clouds,04d,"[{'name': 'Premiere Classe Bayonne', 'price': '€ 133', 'score': 'Avec une note de 7,1 7,1 Bien 887 expériences vécues'}, {'name': 'Hôtel Le Bayonne', 'price': '€ 240', 'score': 'Avec une note de 8,1 8,1 Très bien 2 847 expériences vécues'}, {'name': 'Hostel20 Bayonne', 'price': '€ 152', 'score': 'Avec une note de 7,8 7,8 Bien 1 996 expériences vécues'}, {'name': 'OKKO Hotels Bayonne Centre', 'price': '€ 179', 'score': 'Avec une note de 8,3 8,3 Très bien 2 968 expériences vécues'}, {'name': 'B&B HOTEL Bayonne', 'price': '€ 150', 'score': 'Avec une note de 7,0 7,0 Bien 2 376 expériences vécues'}, {'name': 'Campanile NATURE - Bayonne', 'price': '€ 189', 'score': 'Avec une note de 6,9 6,9 Note 1 429 expériences vécues'}, {'name': 'ibis Bayonne Centre', 'price': '€ 153', 'score': 'Avec une note de 8,1 8,1 Très bien 1 422 expériences vécues'}, {'name': 'ibis Styles Bayonne', 'price': '€ 233', 'score': 'Avec une note de 8,6 8,6 Superbe 1 091 expériences vécues'}, {'name': 'Temporesidence Cathedrale', 'price': '€ 104', 'score': 'Avec une note de 7,8 7,8 Bien 1 418 expériences vécues'}, {'name': 'Hôtel Mercure Bayonne Centre Le Grand Hotel', 'price': '€ 182', 'score': 'Avec une note de 8,5 8,5 Très bien 638 expériences vécues'}, {'name': 'hotelF1 Bayonne', 'price': '€ 89', 'score': 'Avec une note de 5,2 5,2 Note 1 217 expériences vécues'}, {'name': 'Hôtel des Basses Pyrénées - Bayonne', 'price': '€ 191', 'score': 'Avec une note de 8,6 8,6 Superbe 906 expériences vécues'}, {'name': ""Appart'Hôtel Bellevue"", 'price': '€ 168', 'score': 'Avec une note de 8,4 8,4 Très bien 429 expériences vécues'}, {'name': 'Baionakoa Résidence', 'price': '€ 189', 'score': 'Avec une note de 9,1 9,1 Fabuleux 381 expériences vécues'}, {'name': 'Villa AJNA Bayonne', 'price': '€ 344', 'score': 'Avec une note de 8,4 8,4 Très bien 111 expériences vécues'}, {'name': 'Hôtel Villa la Renaissance', 'price': '€ 243', 'score': 'Avec une note de 9,0 9,0 Fabuleux 510 expériences vécues'}, {'name': 'Halle Coeur de Ville', 'price': '€ 141', 'score': 'Avec une note de 6,0 6,0 Note 3 expériences vécues'}, {'name': 'Au Fil Basque - Coeur de Bayonne - Proche des Halles', 'price': '€ 177', 'score': 'Avec une note de 1,0 1,0 Note 1 expérience vécue'}, {'name': 'B&B HOTEL Bayonne Tarnos', 'price': '€ 192', 'score': 'Avec une note de 7,9 7,9 Bien 2 044 expériences vécues'}, {'name': 'Kyriad ECO - Anglet Côte Basque', 'price': '€ 134', 'score': 'Avec une note de 7,1 7,1 Bien 1 382 expériences vécues'}, {'name': 'Matsya Hostel', 'price': '€ 97', 'score': 'Avec une note de 8,6 8,6 Superbe 66 expériences vécues'}, {'name': 'Superbe Appartement dans Maison entre Biarritz et Hossegor', 'price': '€ 223', 'score': 'Avec une note de 4,3 4,3 Note 3 expériences vécues'}, {'name': 'Hotel Bistrot FINE', 'price': '€ 147', 'score': 'Avec une note de 6,9 6,9 Note 376 expériences vécues'}, {'name': 'Art-Villa Merkel - 28 pers - 11 chambr - 10 WC - Piscine', 'price': '€ 1 504', 'score': 'Avec une note de 8,6 8,6 Superbe 36 expériences vécues'}, {'name': 'Mer et Golf', 'price': '€ 202', 'score': 'Avec une note de 5,9 5,9 Note 6 458 expériences vécues'}]"
Besançon,92178036,47.2380222,6.0243622,stations,10000,1787845156,7200,3033123,Besançon,200,6.0241,47.2378,31.83,34.78,29.13,32.6,1009,53,1009,970,0.9,341,100,5.0,50014141.0,FR,1787806094,1787855232,2.0,,804,Clouds,overcast clouds,04d,"[{'name': 'ibis Styles Besançon', 'price': '€ 106', 'score': 'Avec une note de 7,8 7,8 Bien 5 297 expériences vécues'}, {'name': 'Premiere Classe Besancon Ecole Valentin', 'price': '€ 44', 'score': 'Avec une note de 6,9 6,9 Note 2 053 expériences vécues'}, {'name': 'Comfort Aparthotel Besancon La City', 'price': '€ 83', 'score': 'Avec une note de 7,8 7,8 Bien 2 031 expériences vécues'}, {'name': 'ibis budget Besançon Centre Gare', 'price': '€ 78', 'score': 'Avec une note de 7,7 7,7 Bien 2 325 expériences vécues'}, {'name': 'B&B HOTEL Besançon Valentin', 'price': '€ 88', 'score': 'Avec une note de 8,4 8,4 Très bien 2 822 expériences vécues'}, {'name': 'Hôtel de Paris', 'price': '€ 107', 'score': 'Avec une note de 8,7 8,7 Superbe 2 150 expériences vécues'}, {'name': 'Campanile NATURE - Besançon Ouest Chateaufarine', 'price': '€ 83', 'score': 'Avec une note de 7,8 7,8 Bien 332 expériences vécues'}, {'name': 'Hôtel Restaurant Spa Le Sauvage', 'price': '€ 153', 'score': 'Avec une note de 8,6 8,6 Superbe 1 228 expériences vécues'}, {'name': 'Temis hôtel Besançon', 'price': '€ 71', 'score': 'Avec une note de 8,1 8,1 Très bien 2 377 expériences vécues'}, {'name': 'Best Western Citadelle', 'price': '€ 94', 'score': 'Avec une note de 8,1 8,1 Très bien 2 069 expériences vécues'}, {'name': 'hotelF1 Besancon Ouest Micropolis', 'price': '€ 34', 'score': 'Avec une note de 4,4 4,4 Note 820 expériences vécues'}, {'name': 'Hôtel AKENA Besançon', 'price': '€ 96', 'score': 'Avec une note de 8,7 8,7 Superbe 2 496 expériences vécues'}, {'name': 'ibis Besançon Centre la City', 'price': '€ 87', 'score': 'Avec une note de 7,9 7,9 Bien 2 341 expériences vécues'}, {'name': 'B&B HOTEL Besançon Chateaufarine', 'price': '€ 74', 'score': 'Avec une note de 7,8 7,8 Bien 1 720 expériences vécues'}, {'name': 'ibis Besançon Centre Ville', 'price': '€ 118', 'score': 'Avec une note de 8,3 8,3 Très bien 1 061 expériences vécues'}, {'name': 'Hôtel Siatel Besançon Chateaufarine', 'price': '€ 64', 'score': 'Avec une note de 7,6 7,6 Bien 788 expériences vécues'}, {'name': 'Comfort Aparthotel Besancon Hauts du Chazal', 'price': '€ 90', 'score': 'Avec une note de 7,9 7,9 Bien 1 850 expériences vécues'}, {'name': 'Hotel Restaurant Vesontio', 'price': '€ 75', 'score': 'Avec une note de 8,6 8,6 Superbe 949 expériences vécues'}, {'name': 'Hotel Du Nord', 'price': '€ 79', 'score': 'Avec une note de 8,3 8,3 Très bien 2 044 expériences vécues'}, {'name': 'Hotel Campanile Besançon Nord Ecole Valentin', 'price': '€ 67', 'score': 'Avec une note de 7,4 7,4 Bien 1 051 expériences vécues'}, {'name': 'Logis Hôtel Victor Hugo & Spa', 'price': '€ 137', 'score': 'Avec une note de 8,1 8,1 Très bien 724 expériences vécues'}, {'name': ""Brit Hotel Besancon l'Horloge"", 'price': '€ 72', 'score': 'Avec une note de 7,6 7,6 Bien 1 184 expériences vécues'}, {'name': 'Mercure Besancon Parc Micaud - Hotel & Bar', 'price': '€ 121', 'score': 'Avec une note de 8,0 8,0 Très bien 511 expériences vécues'}, {'name': 'Best Western Hotel Fontaine Argent', 'price': '€ 111', 'score': 'Avec une note de 8,7 8,7 Superbe 773 expériences vécues'}, {'name': 'Le Cocon des Granges - Hyper-centre Cosy - 2 chambres & canapé lit', 'price': '€ 148', 'score': 'Avec une note de 7,7 7,7 Bien 12 expériences vécues'}]"
Biarritz,291804595,43.4832523,-1.5592776,stations,10000,1787845615,7200,3032797,Biarritz,200,-1.5586,43.4832,24.3,24.82,24.3,24.85,1008,78,1008,1004,4.12,330,100,1.0,6478.0,FR,1787808267,1787856698,9.77,,804,Clouds,overcast clouds,04d,"[{'name': 'Premiere Classe Biarritz', 'price': '€ 124', 'score': 'Avec une note de 5,8 5,8 Note 3 455 expériences vécues'}, {'name': 'Campanile NATURE - Biarritz', 'price': '€ 155', 'score': 'Avec une note de 7,2 7,2 Bien 3 035 expériences vécues'}, {'name': 'Mercure Président Biarritz Plage', 'price': '€ 275', 'score': 'Avec une note de 8,4 8,4 Très bien 951 expériences vécues'}, {'name': 'Hôtel Le Windsor Biarritz', 'price': '€ 259', 'score': 'Avec une note de 8,0 8,0 Très bien 2 382 expériences vécues'}, {'name': 'Hôtel Les Alizés', 'price': '€ 155', 'score': 'Avec une note de 7,4 7,4 Bien 1 235 expériences vécues'}, {'name': 'Alfred Hotels Port-Vieux', 'price': '€ 296', 'score': 'Avec une note de 9,2 9,2 Fabuleux 1 352 expériences vécues'}, {'name': 'Hotel Plaza Biarritz Plage - Handwritten Collection', 'price': '€ 299', 'score': 'Avec une note de 8,7 8,7 Superbe 945 expériences vécues'}, {'name': 'Grand Tonic Hotel & SPA NUXE', 'price': '€ 538', 'score': 'Avec une note de 8,0 8,0 Très bien 1 311 expériences vécues'}, {'name': 'Sure Hotel by Best Western Biarritz Aeroport', 'price': '€ 146', 'score': 'Avec une note de 8,0 8,0 Très bien 1 980 expériences vécues'}, {'name': 'Hotel Marbella', 'price': '€ 177', 'score': 'Avec une note de 7,9 7,9 Bien 1 340 expériences vécues'}, {'name': 'Hôtel Florida', 'price': '€ 357', 'score': 'Avec une note de 7,5 7,5 Bien 930 expériences vécues'}, {'name': 'Hôtel du Palais Biarritz, in The Unbound Collection by Hyatt', 'price': '€ 1 160', 'score': 'Avec une note de 9,4 9,4 Fabuleux 782 expériences vécues'}, {'name': 'Maison Atalaye - Hôtel entièrement rénové', 'price': '€ 355', 'score': 'Avec une note de 9,5 9,5 Exceptionnel 32 expériences vécues'}, {'name': 'Hôtel La Suite', 'price': '€ 452', 'score': 'Avec une note de 8,3 8,3 Très bien 365 expériences vécues'}, {'name': 'Regina Experimental Biarritz', 'price': '€ 504', 'score': 'Avec une note de 8,5 8,5 Très bien 802 expériences vécues'}, {'name': 'Urban Style Biarritz Le Relais', 'price': '€ 194', 'score': 'Avec une note de 8,1 8,1 Très bien 231 expériences vécues'}, {'name': 'Hôtel Parc Mazon-Biarritz', 'price': '€ 168', 'score': 'Avec une note de 8,2 8,2 Très bien 420 expériences vécues'}, {'name': 'Hotel Saint Julien', 'price': '€ 419', 'score': 'Avec une note de 9,2 9,2 Fabuleux 583 expériences vécues'}, {'name': 'Le Garage Biarritz Hôtel', 'price': '€ 511', 'score': 'Avec une note de 9,0 9,0 Fabuleux 604 expériences vécues'}, {'name': 'Hôtel PALMITO', 'price': '€ 251', 'score': 'Avec une note de 8,5 8,5 Très bien 1 362 expériences vécues'}, {'name': ""Hotel de l'Océan et restaurant - Coeur de ville"", 'price': '€ 200', 'score': 'Avec une note de 8,0 8,0 Très bien 542 expériences vécues'}, {'name': 'Hôtel Maïtagaria', 'price': '€ 219', 'score': 'Avec une note de 8,4 8,4 Très bien 522 expériences vécues'}, {'name': 'Hôtel VAL FLORES LOGIS', 'price': '€ 158', 'score': 'Avec une note de 7,5 7,5 Bien 786 expériences vécues'}, {'name': 'Hôtel Oxo', 'price': '€ 166', 'score': 'Avec une note de 7,4 7,4 Bien 681 expériences vécues'}, {'name': 'Sofitel Biarritz Le Miramar Thalassa', 'price': '€ 391', 'score': 'Avec une note de 7,6 7,6 Bien 490 expériences vécues'}]"
Bormes-les-Mimosas,82947484,43.1506968,6.3419285,stations,10000,1787845722,7200,3031532,Bormes-les-Mimosas,200,6.3419,43.1507,28.1,31.73,27.26,29.76,1014,76,1014,998,6.69,100,83,2.0,2006377.0,FR,1787806398,1787854775,,,803,Clouds,broken clouds,04d,"[{'name': 'Hotel La Voile', 'price': '€ 105', 'score': 'Avec une note de 7,9 7,9 Bien 1 017 expériences vécues'}, {'name': 'Hostellerie du Cigalou', 'price': '€ 159', 'score': 'Avec une note de 8,8 8,8 Superbe 432 expériences vécues'}, {'name': 'Hotel Restaurant Bellevue', 'price': '€ 107', 'score': 'Avec une note de 7,6 7,6 Bien 486 expériences vécues'}, {'name': 'Hôtel Paradis', 'price': '€ 183', 'score': 'Avec une note de 7,9 7,9 Bien 563 expériences vécues'}, {'name': 'Eden Rose Grand Hotel BW Premier Collection', 'price': '€ 352', 'score': 'Avec une note de 9,1 9,1 Fabuleux 317 expériences vécues'}, {'name': 'Auberge du Dom', 'price': '€ 223', 'score': 'Avec une note de 8,4 8,4 Très bien 166 expériences vécues'}, {'name': 'Spacieux appartement dans résidence avec piscine', 'price': '€ 265', 'score': 'Avec une note de 8,6 8,6 Superbe 5 expériences vécues'}, {'name': 'Hôtel Beau Rivage', 'price': '€ 205', 'score': 'Avec une note de 8,8 8,8 Superbe 457 expériences vécues'}, {'name': 'Résidence Kaliopé', 'price': '€ 193', 'score': 'Avec une note de 8,5 8,5 Très bien 1 027 expériences vécues'}, {'name': 'Hotel Espadon bleu', 'price': '€ 152', 'score': 'Avec une note de 9,3 9,3 Fabuleux 786 expériences vécues'}, {'name': 'Anglade Hotel', 'price': '€ 178', 'score': 'Avec une note de 9,0 9,0 Fabuleux 654 expériences vécues'}, {'name': ""Hôtel-Club du Domaine d'Aiguebelle, USSIM Vacances"", 'price': '€ 178', 'score': 'Avec une note de 8,4 8,4 Très bien 498 expériences vécues'}, {'name': ""Hotel L'Escapade"", 'price': '€ 193', 'score': 'Avec une note de 9,0 9,0 Fabuleux 537 expériences vécues'}, {'name': 'Hôtel Le Rabelais', 'price': '€ 210', 'score': 'Avec une note de 8,9 8,9 Superbe 466 expériences vécues'}, {'name': 'Hotel de la Plage', 'price': '€ 165', 'score': 'Avec une note de 8,7 8,7 Superbe 211 expériences vécues'}, {'name': 'Hotel Le Grand Pavois', 'price': '€ 150', 'score': 'Avec une note de 9,0 9,0 Fabuleux 410 expériences vécues'}, {'name': ""Hotel L'Orangeraie"", 'price': '€ 191', 'score': 'Avec une note de 8,7 8,7 Superbe 488 expériences vécues'}, {'name': 'Auberge De La Calanque', 'price': '€ 229', 'score': 'Avec une note de 8,6 8,6 Superbe 145 expériences vécues'}, {'name': 'Hôtel La Petite Bohème', 'price': '€ 185', 'score': 'Avec une note de 8,8 8,8 Superbe 715 expériences vécues'}, {'name': 'Hôtel Baptistin', 'price': '€ 235', 'score': 'Avec une note de 9,0 9,0 Fabuleux 485 expériences vécues'}, {'name': 'Les Alcyons', 'price': '€ 216', 'score': 'Avec une note de 8,7 8,7 Superbe 314 expériences vécues'}, {'name': 'Hôtel Les Roches - Relais & Châteaux', 'price': '€ 825', 'score': 'Avec une note de 9,4 9,4 Fabuleux 88 expériences vécues'}, {'name': 'Hôtel Beau Soleil', 'price': '€ 183', 'score': 'Avec une note de 8,9 8,9 Superbe 316 expériences vécues'}, {'name': 'Hotel Les Flots Bleus', 'price': '€ 310', 'score': 'Avec une note de 8,3 8,3 Très bien 188 expériences vécues'}, {'name': 'Atypical loft with private pool', 'price': '€ 428', 'score': 'Avec une note de 9,5 9,5 Exceptionnel 8 expériences vécues'}]"
Bédeilhac-et-Aynat,84249524,42.8816132,1.5674969,stations,10000,1787845724,7200,6426331,Tarascon-sur-Ariège,200,1.5675,42.8816,28.28,29.87,26.39,28.43,1010,60,1010,882,3.88,223,49,2.0,2092354.0,FR,1787807568,1787855896,18.07,,802,Clouds,scattered clouds,03d,"[{'name': ""Le Manoir d'Agnès Logis hôtel restaurant"", 'price': '€ 112', 'score': 'Avec une note de 8,8 8,8 Superbe 407 expériences vécues'}, {'name': 'Hôtel Confort 09 ou HC-09', 'price': '€ 69', 'score': 'Avec une note de 8,5 8,5 Très bien 749 expériences vécues'}, {'name': 'Logis Hôtel Restaurant de la Poste', 'price': '€ 79', 'score': 'Avec une note de 7,5 7,5 Bien 528 expériences vécues'}, {'name': 'Hôtel Le Bellevue', 'price': '€ 88', 'score': 'Avec une note de 8,1 8,1 Très bien 347 expériences vécues'}, {'name': 'Hôtel Terranostra', 'price': '€ 114', 'score': 'Avec une note de 8,4 8,4 Très bien 418 expériences vécues'}, {'name': 'En pleine montagne', 'price': '€ 116', 'score': 'Avec une note de 6,4 6,4 Note 41 expériences vécues'}, {'name': 'Gite Julie Anne', 'price': '€ 75', 'score': 'Avec une note de 9,0 9,0 Fabuleux 3 expériences vécues'}, {'name': ""Le Clos Cathala Chambres d'Hôtes"", 'price': '€ 304', 'score': 'Avec une note de 9,1 9,1 Fabuleux 81 expériences vécues'}, {'name': ""Grand gîte au coeur d'un charmant village"", 'price': '€ 307', 'score': 'Avec une note de 9,0 9,0 Fabuleux 26 expériences vécues'}, {'name': 'The Originals Access, Hôtel Foix', 'price': '€ 63', 'score': 'Avec une note de 7,9 7,9 Bien 1 332 expériences vécues'}, {'name': 'Hôtel Le Lons', 'price': '€ 121', 'score': 'Avec une note de 8,3 8,3 Très bien 841 expériences vécues'}, {'name': 'Hotel du Lac & Restaurant Foix', 'price': '€ 95', 'score': 'Avec une note de 8,5 8,5 Très bien 859 expériences vécues'}, {'name': 'Eau Berges - Chez Mamie', 'price': '€ 98', 'score': 'Avec une note de 9,4 9,4 Fabuleux 33 expériences vécues'}, {'name': '3 pièces au rez de chaussée centre historique, calme, vue sur le jardin', 'price': '€ 123', 'score': 'Avec une note de 8,4 8,4 Très bien 28 expériences vécues'}, {'name': ""Maison L'Orriégeoise"", 'price': '€ 89', 'score': 'Avec une note de 7,8 7,8 Bien 24 expériences vécues'}, {'name': '3 pièces spacieux plein centre, parking,clim, terrasse, jardin', 'price': '€ 158', 'score': 'Avec une note de 9,3 9,3 Fabuleux 43 expériences vécues'}, {'name': 'Eau Berges', 'price': '€ 172', 'score': 'Avec une note de 6,5 6,5 Note 13 expériences vécues'}, {'name': 'Un second souffle', 'price': '€ 119', 'score': 'Avec une note de 9,0 9,0 Fabuleux 141 expériences vécues'}, {'name': 'Chateau de Gudanes', 'price': '€ 235', 'score': 'Avec une note de 10 10 Exceptionnel 5 expériences vécues'}, {'name': 'La Petite Fuxéenne', 'price': '€ 127', 'score': 'Avec une note de 8,0 8,0 Très bien 52 expériences vécues'}, {'name': 'Auberge Les Myrtilles', 'price': '€ 96', 'score': 'Avec une note de 8,9 8,9 Superbe 77 expériences vécues'}, {'name': 'Les Bordes De Paloumières', 'price': '€ 130', 'score': 'Avec une note de 8,1 8,1 Très bien 60 expériences vécues'}, {'name': 'Appartement cosy centre ville', 'price': '€ 98', 'score': 'Avec une note de 7,1 7,1 Bien 22 expériences vécues'}, {'name': 'La Fenêtre Saint-Volusien - Vue directe - Charme ancien - Centre historique', 'price': '€ 96', 'score': 'Avec une note de 8,8 8,8 Superbe 91 expériences vécues'}, {'name': 'La Maison-frite, pour un séjour insolite à Foix !', 'price': '€ 112', 'score': 'Avec une note de 7,3 7,3 Bien 42 expériences vécues'}]"
Camon,99400021,49.8874246,2.3446546,stations,8958,1787845727,7200,3029003,Camon,200,2.3447,49.8874,27.51,28.94,27.51,27.51,1008,62,1008,997,3.6,293,100,1.0,6446.0,FR,1787806696,1787856396,5.17,,804,Clouds,overcast clouds,04d,"[{'name': 'B&B HOTEL Amiens Longueau', 'price': '€ 59', 'score': 'Avec une note de 6,7 6,7 Note 1 338 expériences vécues'}, {'name': 'Brit Hotel Confort Amiens', 'price': '€ 75', 'score': 'Avec une note de 7,8 7,8 Bien 973 expériences vécues'}, {'name': 'Campanile Amiens - Glisy', 'price': '€ 79', 'score': 'Avec une note de 8,1 8,1 Très bien 1 400 expériences vécues'}, {'name': 'Ibis Budget Amiens Centre Gare', 'price': '€ 68', 'score': 'Avec une note de 8,3 8,3 Très bien 3 285 expériences vécues'}, {'name': 'hotelF1 Amiens Est', 'price': '€ 41', 'score': 'Avec une note de 7,0 7,0 Bien 433 expériences vécues'}, {'name': 'Premiere Classe Amiens Est - Glisy', 'price': '€ 41', 'score': 'Avec une note de 7,6 7,6 Bien 1 151 expériences vécues'}, {'name': 'Holiday Inn Express Amiens by IHG', 'price': '€ 105', 'score': 'Avec une note de 7,9 7,9 Bien 3 479 expériences vécues'}, {'name': 'ibis Styles Amiens Centre', 'price': '€ 138', 'score': 'Avec une note de 8,6 8,6 Superbe 1 517 expériences vécues'}, {'name': 'Mercure Amiens Cathédrale', 'price': '€ 142', 'score': 'Avec une note de 8,3 8,3 Très bien 1 762 expériences vécues'}, {'name': 'initial by balladins Amiens / Longueau', 'price': '€ 42', 'score': 'Avec une note de 7,9 7,9 Bien 404 expériences vécues'}, {'name': ""Appart'City Confort Amiens Gare"", 'price': '€ 76', 'score': 'Avec une note de 7,8 7,8 Bien 2 329 expériences vécues'}, {'name': 'Moxy Amiens', 'price': '€ 102', 'score': 'Avec une note de 8,4 8,4 Très bien 1 855 expériences vécues'}, {'name': 'B&B HOTEL Amiens Sud', 'price': '€ 82', 'score': 'Avec une note de 8,4 8,4 Très bien 77 expériences vécues'}, {'name': 'You Hotel Amiens - Handwritten Collection', 'price': '€ 139', 'score': 'Avec une note de 8,9 8,9 Superbe 189 expériences vécues'}, {'name': 'Le Saint Louis', 'price': '€ 76', 'score': 'Avec une note de 8,2 8,2 Très bien 1 240 expériences vécues'}, {'name': 'Novotel Amiens Pôle Jules Verne', 'price': '€ 129', 'score': 'Avec une note de 6,9 6,9 Note 439 expériences vécues'}, {'name': 'Hotel Le Prieuré et La Résidence', 'price': '€ 118', 'score': 'Avec une note de 8,4 8,4 Très bien 1 254 expériences vécues'}, {'name': 'B&B HOTEL Amiens Centre Cathédrale', 'price': '€ 75', 'score': 'Avec une note de 8,2 8,2 Très bien 2 462 expériences vécues'}, {'name': 'Hôtel De Normandie', 'price': '€ 71', 'score': 'Avec une note de 7,0 7,0 Bien 585 expériences vécues'}, {'name': ""Grand Hotel de L'Univers"", 'price': '€ 90', 'score': 'Avec une note de 7,9 7,9 Bien 1 106 expériences vécues'}, {'name': 'Appart Ciné Spa Amiens Cathédrale Parking Beffroi', 'price': '€ 117', 'score': 'Avec une note de 9,3 9,3 Fabuleux 25 expériences vécues'}, {'name': 'Hôtel Central Anzac Amiens Gare', 'price': '€ 61', 'score': 'Avec une note de 7,1 7,1 Bien 1 409 expériences vécues'}, {'name': 'Bel appartement 2 chambres proche St Leu', 'price': '€ 118', 'score': 'Avec une note de 9,0 9,0 Fabuleux 38 expériences vécues'}, {'name': 'Maison Calme Terrasse et Jardin Vue Forêt', 'price': '€ 132', 'score': 'Avec une note de 9,1 9,1 Fabuleux 40 expériences vécues'}, {'name': 'Glisy Hôtel', 'price': '€ 39', 'score': 'Avec une note de 5,3 5,3 Note 400 expériences vécues'}]"
Carcassonne,84831324,43.2130358,2.3491069,stations,10000,1787845729,7200,3028641,Carcassonne,200,2.3491,43.213,30.06,35.18,30.06,30.06,1007,70,1007,978,12.35,70,43,1.0,6513.0,FR,1787807352,1787855738,17.49,,802,Clouds,scattered clouds,03d,"[{'name': 'Tribe Carcassonne', 'price': '€ 169', 'score': 'Avec une note de 8,1 8,1 Très bien 3 262 expériences vécues'}, {'name': 'ibis Styles Carcassonne La Cité', 'price': '€ 131', 'score': 'Avec une note de 8,6 8,6 Superbe 2 827 expériences vécues'}, {'name': 'Hotel du Roi & Spa by SOWELL COLLECTION', 'price': '€ 136', 'score': 'Avec une note de 8,3 8,3 Très bien 1 577 expériences vécues'}, {'name': 'Campanile Carcassonne Est - La Cité', 'price': '€ 86', 'score': 'Avec une note de 8,2 8,2 Très bien 1 624 expériences vécues'}, {'name': 'ibis budget Carcassonne Aéroport - A61', 'price': '€ 71', 'score': 'Avec une note de 7,7 7,7 Bien 1 986 expériences vécues'}, {'name': ""SalutBB Chambre d'hote"", 'price': '€ 164', 'score': 'Avec une note de 9,7 9,7 Exceptionnel 697 expériences vécues'}, {'name': 'SOWELL HOTELS Les Chevaliers', 'price': '€ 101', 'score': 'Avec une note de 8,0 8,0 Très bien 2 489 expériences vécues'}, {'name': 'Le PALACE, Auberge', 'price': '€ 48', 'score': 'Avec une note de 7,7 7,7 Bien 203 expériences vécues'}, {'name': ""LA COUR CARREE - chambres d'hôtes"", 'price': '€ 120', 'score': 'Avec une note de 9,7 9,7 Exceptionnel 750 expériences vécues'}, {'name': 'Hôtel Château de Cavanac', 'price': '€ 172', 'score': 'Avec une note de 8,8 8,8 Superbe 658 expériences vécues'}, {'name': 'Hotel Espace Cite', 'price': '€ 91', 'score': 'Avec une note de 8,7 8,7 Superbe 3 067 expériences vécues'}, {'name': 'Cerise Carcassonne Sud', 'price': '€ 125', 'score': 'Avec une note de 7,7 7,7 Bien 3 133 expériences vécues'}, {'name': 'B&B HOTEL Carcassonne Rocadest La Cité', 'price': '€ 106', 'score': 'Avec une note de 8,4 8,4 Très bien 586 expériences vécues'}, {'name': 'Hôtel Le Donjon - Cœur de La Cité Médiévale', 'price': '€ 203', 'score': 'Avec une note de 8,4 8,4 Très bien 2 479 expériences vécues'}, {'name': ""L'art de Gambetta ConciergerieDameCarcas"", 'price': '€ 171', 'score': 'Avec une note de 9,4 9,4 Fabuleux 113 expériences vécues'}, {'name': ""Hotel Class'Eco Carcassonne"", 'price': '€ 42', 'score': 'Avec une note de 5,5 5,5 Note 787 expériences vécues'}, {'name': 'Comfort Aparthotel Carcassonne', 'price': '€ 107', 'score': 'Avec une note de 7,6 7,6 Bien 3 246 expériences vécues'}, {'name': 'Fully equipped apartment', 'price': '€ 67', 'score': 'Avec une note de 7,3 7,3 Bien 17 expériences vécues'}, {'name': 'Hostel Coeur de cité', 'price': '€ 81', 'score': 'Avec une note de 7,7 7,7 Bien 248 expériences vécues'}, {'name': 'ibis Carcassonne Centre - La Cité', 'price': '€ 109', 'score': 'Avec une note de 7,2 7,2 Bien 1 388 expériences vécues'}, {'name': 'Les Studios de la Bastide', 'price': '€ 48', 'score': 'Avec une note de 7,1 7,1 Bien 114 expériences vécues'}, {'name': 'Saint-Germain T2 Residence Apartment', 'price': '€ 131', 'score': 'Avec une note de 8,7 8,7 Superbe 37 expériences vécues'}, {'name': 'Pont Levis Boutique Hôtel - 50m Cité Remparts Carcassonne', 'price': '€ 262', 'score': 'Avec une note de 8,9 8,9 Superbe 377 expériences vécues'}, {'name': 'L’UNDERGROUND Studio Hyper-Centre', 'price': '€ 67', 'score': 'Avec une note de 8,1 8,1 Très bien 77 expériences vécues'}, {'name': 'Ô Berge De La Cité', 'price': '€ 88', 'score': 'Avec une note de 8,8 8,8 Superbe 98 expériences vécues'}]"
Carla-Bayle,86409456,43.1500386,1.3936011,stations,10000,1787845731,7200,6446851,Artigat,200,1.3936,43.15,30.79,31.4,29.55,30.79,1007,45,1007,969,4.18,241,93,2.0,20300.0,FR,1787807587,1787855961,12.29,,804,Clouds,overcast clouds,04d,"[{'name': ""chambre chez l'habitant"", 'price': '€ 40', 'score': 'Avec une note de 8,4 8,4 Très bien 18 expériences vécues'}, {'name': 'Chalet Pyrénéen', 'price': '€ 132', 'score': 'Avec une note de 8,4 8,4 Très bien 89 expériences vécues'}, {'name': 'Chalet Ariégeois', 'price': '€ 135', 'score': 'Avec une note de 8,1 8,1 Très bien 42 expériences vécues'}, {'name': 'chambre hote independante', 'price': '€ 76', 'score': 'Avec une note de 1,0 1,0 Note 1 expérience vécue'}, {'name': 'Artbnb', 'price': '€ 105', 'score': 'Avec une note de 8,9 8,9 Superbe 47 expériences vécues'}, {'name': 'La CHAMBRE BLEUE', 'price': '€ 107', 'score': 'Avec une note de 9,7 9,7 Exceptionnel 14 expériences vécues'}, {'name': 'Ostal Arriatge', 'price': '€ 105', 'score': 'Avec une note de 8,6 8,6 Superbe 9 expériences vécues'}, {'name': 'Source Nature', 'price': '€ 121', 'score': 'Avec une note de 9,2 9,2 Fabuleux 13 expériences vécues'}, {'name': ""les 2 studios indépendants du clos de l'Ange"", 'price': '€ 60', 'score': 'Avec une note de 8,8 8,8 Superbe 121 expériences vécues'}, {'name': ""La Loggia - chambres d'hôtes"", 'price': '€ 78', 'score': 'Avec une note de 9,6 9,6 Exceptionnel 52 expériences vécues'}, {'name': ""L'Écho du Castella"", 'price': '€ 95', 'score': 'Avec une note de 9,2 9,2 Fabuleux 15 expériences vécues'}, {'name': 'Logis Hôtel de France & Restaurant Pamiers', 'price': '€ 182', 'score': 'Avec une note de 8,2 8,2 Très bien 90 expériences vécues'}, {'name': 'Hôtel La Rocade', 'price': '€ 61', 'score': 'Avec une note de 6,8 6,8 Note 232 expériences vécues'}, {'name': 'Villa Monplaisir Zen', 'price': '€ 98', 'score': 'Avec une note de 8,8 8,8 Superbe 78 expériences vécues'}, {'name': 'Appartement Cosy et CLIMATISÉ en Centre VILLAGE', 'price': '€ 74', 'score': 'Avec une note de 9,1 9,1 Fabuleux 70 expériences vécues'}, {'name': 'Le Gîte de Cousal', 'price': '€ 76', 'score': 'Avec une note de 9,5 9,5 Exceptionnel 73 expériences vécues'}, {'name': 'Secret Night Pamiers', 'price': '€ 136', 'score': 'Avec une note de 9,0 9,0 Fabuleux 20 expériences vécues'}, {'name': 'Escapade détente au cœur de Pamiers', 'price': '€ 96', 'score': 'Avec une note de 7,7 7,7 Bien 47 expériences vécues'}, {'name': 'Chez Sophie et Bernard', 'price': '€ 70', 'score': 'Avec une note de 9,2 9,2 Fabuleux 49 expériences vécues'}, {'name': 'Pamiers gare - 2 Appartements à louer ou Chambre parentale indépendante', 'price': '€ 82', 'score': 'Avec une note de 7,2 7,2 Bien 48 expériences vécues'}, {'name': 'Le Refuge du Midi', 'price': '€ 95', 'score': 'Avec une note de 8,0 8,0 Très bien 7 expériences vécues'}, {'name': 'Domaine La Tour', 'price': '€ 110', 'score': 'Avec une note de 8,8 8,8 Superbe 79 expériences vécues'}, {'name': 'Oasis bora bora 4 personnes', 'price': '€ 125', 'score': 'Avec une note de 7,3 7,3 Bien 8 expériences vécues'}, {'name': 'Loption', 'price': '€ 74', 'score': 'Avec une note de 8,7 8,7 Superbe 325 expériences vécues'}, {'name': 'Hôtel Premiere Classe Pamiers', 'price': '€ 49', 'score': 'Avec une note de 7,5 7,5 Bien 987 expériences vécues'}]"
Cassis,83452381,43.2140359,5.5396318,stations,10000,1787845733,7200,3028431,Cassis,200,5.5396,43.214,32.1,36.71,31.27,32.3,1012,58,1012,1002,8.99,131,95,2.0,2012554.0,FR,1787806586,1787854973,11.6,,804,Clouds,overcast clouds,04d,"[{'name': 'Hotel Le Golfe', 'price': '€ 163', 'score': 'Avec une note de 8,3 8,3 Très bien 1 926 expériences vécues'}, {'name': 'The Originals Boutique, Hôtel Cassitel, Cassis', 'price': '€ 159', 'score': 'Avec une note de 8,0 8,0 Très bien 1 396 expériences vécues'}, {'name': 'Hotel de La Plage - Mahogany', 'price': '€ 593', 'score': 'Avec une note de 8,9 8,9 Superbe 1 017 expériences vécues'}, {'name': 'HPC Suites - Cassis Centre - Parking Securisé et Piscine Chauffée', 'price': '€ 237', 'score': 'Avec une note de 9,1 9,1 Fabuleux 798 expériences vécues'}, {'name': 'HOTEL DES CALANQUES Port de Cassis', 'price': '€ 147', 'score': 'Avec une note de 6,6 6,6 Note 1 124 expériences vécues'}, {'name': 'LE CLOS DES ARÔMES', 'price': '€ 300', 'score': 'Avec une note de 8,8 8,8 Superbe 337 expériences vécues'}, {'name': 'Hôtel Liautaud Cassis by Germain Collection', 'price': '€ 379', 'score': 'Avec une note de 8,8 8,8 Superbe 576 expériences vécues'}, {'name': 'Pamela Hotel Cassis', 'price': '€ 229', 'score': 'Avec une note de 8,6 8,6 Superbe 932 expériences vécues'}, {'name': 'BOUTIQUE HOSTEL BY Cassis', 'price': '€ 112', 'score': 'Avec une note de 7,6 7,6 Bien 245 expériences vécues'}, {'name': 'LES VOLETS ROUGES - Hôtel Cassis - Situé dans le Parc National des Calanques - Parking Gratuit', 'price': '€ 135', 'score': 'Avec une note de 8,2 8,2 Très bien 702 expériences vécues'}, {'name': 'Hôtel by Reboul - Boutique Hôtel - Port de Cassis', 'price': '€ 184', 'score': 'Avec une note de 7,8 7,8 Bien 248 expériences vécues'}, {'name': 'Hôtel Eden Cassis - centre-ville- piscine chauffée, jacuzzi et sauna - parking privé', 'price': '€ 181', 'score': 'Avec une note de 8,8 8,8 Superbe 376 expériences vécues'}, {'name': 'Cassis Ma Vie Là', 'price': '€ 259', 'score': 'Avec une note de 9,1 9,1 Fabuleux 226 expériences vécues'}, {'name': 'Cassis Loc - Chambre Meublée', 'price': '€ 235', 'score': 'Avec une note de 7,9 7,9 Bien 180 expériences vécues'}, {'name': 'Hôtel Les Roches Blanches Cassis', 'price': '€ 2 701', 'score': 'Avec une note de 8,9 8,9 Superbe 378 expériences vécues'}, {'name': 'Cassis Loc - Appartement meublé', 'price': '€ 275', 'score': 'Avec une note de 7,7 7,7 Bien 151 expériences vécues'}, {'name': 'Suite sous les toits 25m2 à 1mn du port de CASSIS', 'price': '€ 174', 'score': 'Avec une note de 7,4 7,4 Bien 13 expériences vécues'}, {'name': 'BY Cassis chambre privée dans maison familiale', 'price': '€ 243', 'score': 'Avec une note de 7,4 7,4 Bien 182 expériences vécues'}, {'name': 'Moun Oustaou', 'price': '€ 683', 'score': 'Avec une note de 7,5 7,5 Bien 8 expériences vécues'}, {'name': 'B&B HOTEL Aubagne Gémenos', 'price': '€ 88', 'score': 'Avec une note de 7,8 7,8 Bien 2 020 expériences vécues'}, {'name': 'Best Western Premier Hôtel du Vieux-Port', 'price': '€ 205', 'score': 'Avec une note de 8,6 8,6 Superbe 1 199 expériences vécues'}, {'name': 'Le Rose Thé', 'price': '€ 232', 'score': 'Avec une note de 8,9 8,9 Superbe 578 expériences vécues'}, {'name': 'Kyriad Direct Marseille Est La Valentine', 'price': '€ 85', 'score': 'Avec une note de 7,3 7,3 Bien 1 161 expériences vécues'}, {'name': 'Sure Hotel by Best Western Gemenos en Provence', 'price': '€ 90', 'score': 'Avec une note de 8,2 8,2 Très bien 941 expériences vécues'}, {'name': 'Hotel SPA Plage St Jean', 'price': '€ 172', 'score': 'Avec une note de 7,9 7,9 Bien 901 expériences vécues'}]"
Castellane,82724827,43.846459,6.5134463,stations,10000,1787845735,7200,3028382,Castellane,200,6.5134,43.8465,25.64,25.77,25.64,25.64,1016,58,1016,891,2.15,122,100,,,FR,1787806296,1787854795,3.38,,804,Clouds,overcast clouds,04d,"[{'name': 'Hotel du Levant', 'price': '€ 129', 'score': 'Avec une note de 8,1 8,1 Très bien 1 111 expériences vécues'}, {'name': 'Camping La Ferme de Castellane', 'price': '€ 31', 'score': 'Avec une note de 9,1 9,1 Fabuleux 1 577 expériences vécues'}, {'name': 'Camping les Lavandes, Castellane', 'price': '€ 99', 'score': 'Avec une note de 8,3 8,3 Très bien 752 expériences vécues'}, {'name': ""BNB Castellane Chambre d'Hotes BB"", 'price': '€ 122', 'score': 'Avec une note de 8,5 8,5 Très bien 388 expériences vécues'}, {'name': 'Camping White Rock', 'price': '€ 176', 'score': 'Avec une note de 9,0 9,0 Fabuleux 244 expériences vécues'}, {'name': ""Gîte d'étape Bastide Petra Castellana Verdon"", 'price': '€ 74', 'score': 'Avec une note de 8,7 8,7 Superbe 261 expériences vécues'}, {'name': 'Grand appartement en centre-ville', 'price': '€ 166', 'score': 'Avec une note de 8,4 8,4 Très bien 17 expériences vécues'}, {'name': 'Destination Ailleurs eco-domaine & spa', 'price': '€ 152', 'score': 'Avec une note de 9,3 9,3 Fabuleux 201 expériences vécues'}, {'name': ""L'Oustaou Castellane"", 'price': '€ 99', 'score': 'Avec une note de 9,3 9,3 Fabuleux 65 expériences vécues'}, {'name': 'CASTELLANE Provence Gorges du Verdon', 'price': '€ 145', 'score': 'Avec une note de 8,0 8,0 Très bien 1 expérience vécue'}, {'name': 'Auberge du Bourguet', 'price': '€ 69', 'score': 'Avec une note de 8,7 8,7 Superbe 440 expériences vécues'}, {'name': 'Le Pidanoux', 'price': '€ 76', 'score': 'Avec une note de 7,1 7,1 Bien 198 expériences vécues'}, {'name': 'Camping du lac', 'price': '€ 92', 'score': 'Avec une note de 8,1 8,1 Très bien 238 expériences vécues'}, {'name': ""Logis Hotel de l'Artuby"", 'price': '€ 93', 'score': 'Avec une note de 9,0 9,0 Fabuleux 174 expériences vécues'}, {'name': 'Hôtel Lac Et Forêt', 'price': '€ 109', 'score': 'Avec une note de 8,4 8,4 Très bien 368 expériences vécues'}, {'name': 'Hôtel Le Bel Air', 'price': '€ 150', 'score': 'Avec une note de 8,4 8,4 Très bien 433 expériences vécues'}, {'name': 'Les Sources chambres dhotes', 'price': '€ 122', 'score': 'Avec une note de 9,2 9,2 Fabuleux 60 expériences vécues'}, {'name': 'Appartement au calme et belle terrasse', 'price': '€ 67', 'score': 'Avec une note de 9,8 9,8 Exceptionnel 29 expériences vécues'}, {'name': 'Auberge du Point Sublime', 'price': '€ 101', 'score': 'Avec une note de 8,0 8,0 Très bien 303 expériences vécues'}, {'name': 'Château et Golf De Taulane', 'price': '€ 372', 'score': 'Avec une note de 8,8 8,8 Superbe 288 expériences vécues'}, {'name': 'Le Priolat des Anges aux portes des gorges du Verdon', 'price': '€ 120', 'score': 'Avec une note de 9,0 9,0 Fabuleux 187 expériences vécues'}, {'name': ""L'Azimut"", 'price': '€ 109', 'score': 'Avec une note de 8,7 8,7 Superbe 33 expériences vécues'}, {'name': ""Ane'Ita de l'Arbenquens"", 'price': '€ 79', 'score': 'Avec une note de 7,4 7,4 Bien 6 expériences vécues'}, {'name': 'Gite De Groupe', 'price': '€ 762', 'score': None}, {'name': 'Hôtel Restaurant Le Lachens', 'price': '€ 99', 'score': 'Avec une note de 8,9 8,9 Superbe 401 expériences vécues'}]"
Collioure,84778419,42.52505,3.0831554,stations,10000,1787845737,7200,3024314,Collioure,200,3.0832,42.5251,32.69,32.21,31.12,35.74,1007,34,1007,987,8.53,159,10,2.0,2020519.0,FR,1787807235,1787855503,13.51,,800,Clear,clear sky,01d,"[{'name': 'Chambres Rue de la République', 'price': '€ 120', 'score': 'Avec une note de 8,0 8,0 Très bien 532 expériences vécues'}, {'name': 'Hôtel des Templiers', 'price': '€ 128', 'score': 'Avec une note de 8,5 8,5 Très bien 1 009 expériences vécues'}, {'name': 'Hotel Méditerranée', 'price': '€ 153', 'score': 'Avec une note de 8,1 8,1 Très bien 979 expériences vécues'}, {'name': 'Grand Hotel Du Golfe - Spa & Restaurant', 'price': '€ 220', 'score': 'Avec une note de 8,8 8,8 Superbe 576 expériences vécues'}, {'name': 'Hôtel & Spa Le Madeloc - Collioure Centre', 'price': '€ 271', 'score': 'Avec une note de 8,8 8,8 Superbe 947 expériences vécues'}, {'name': 'Résidence du Soleil & Spa - Collioure', 'price': '€ 142', 'score': 'Avec une note de 7,9 7,9 Bien 755 expériences vécues'}, {'name': 'Hotel Le Bon Port', 'price': '€ 201', 'score': 'Avec une note de 8,5 8,5 Très bien 746 expériences vécues'}, {'name': 'Maison Nova - Boutique Hôtel & Spa', 'price': '€ 364', 'score': 'Avec une note de 9,1 9,1 Fabuleux 639 expériences vécues'}, {'name': 'Les Suites de Collioure - Les Suites Collection', 'price': '€ 236', 'score': 'Avec une note de 9,3 9,3 Fabuleux 355 expériences vécues'}, {'name': 'Casa Collioura & Spa', 'price': '€ 311', 'score': 'Avec une note de 9,2 9,2 Fabuleux 394 expériences vécues'}, {'name': 'Duplex quartier piéton', 'price': '€ 255', 'score': 'Avec une note de 8,6 8,6 Superbe 46 expériences vécues'}, {'name': 'Elysia Room - Escape, Balneo and Sauna', 'price': '€ 236', 'score': 'Avec une note de 9,2 9,2 Fabuleux 13 expériences vécues'}, {'name': 'Appartement T2 de 30m2, Grande Terrasse, Résidence Soleil Marin', 'price': '€ 149', 'score': 'Avec une note de 7,2 7,2 Bien 40 expériences vécues'}, {'name': 'My Collioure La Parenthèse - Sauna, Spa and Beach', 'price': '€ 148', 'score': 'Avec une note de 6,5 6,5 Note 4 expériences vécues'}, {'name': ""Appartement les pieds dans l'eau !"", 'price': '€ 440', 'score': 'Avec une note de 8,1 8,1 Très bien 39 expériences vécues'}, {'name': 'DUPLEX REP 10 COEUR de COLLIOURE', 'price': '€ 430', 'score': 'Avec une note de 9,8 9,8 Exceptionnel 11 expériences vécues'}, {'name': 'Hôtel Le Maritime', 'price': '€ 140', 'score': 'Avec une note de 8,4 8,4 Très bien 1 664 expériences vécues'}, {'name': 'Hôtel Le Pescadou', 'price': '€ 92', 'score': 'Avec une note de 8,2 8,2 Très bien 1 951 expériences vécues'}, {'name': 'Camping La Plage Argelès', 'price': '€ 152', 'score': 'Avec une note de 8,1 8,1 Très bien 864 expériences vécues'}, {'name': ""chambre d'hôtes Villa Côte Vermeille"", 'price': '€ 117', 'score': 'Avec une note de 9,4 9,4 Fabuleux 163 expériences vécues'}, {'name': 'Hôtel Beau Rivage', 'price': '€ 140', 'score': 'Avec une note de 8,1 8,1 Très bien 458 expériences vécues'}, {'name': 'Les Paquebots - Hôtel & Restaurant', 'price': '€ 137', 'score': 'Avec une note de 8,7 8,7 Superbe 395 expériences vécues'}, {'name': 'Intense Boutik-Hôtel', 'price': '€ 152', 'score': 'Avec une note de 9,3 9,3 Fabuleux 436 expériences vécues'}, {'name': 'Hôtel Les Mimosas', 'price': '€ 112', 'score': 'Avec une note de 9,1 9,1 Fabuleux 753 expériences vécues'}, {'name': 'Plage des Pins', 'price': '€ 125', 'score': 'Avec une note de 8,3 8,3 Très bien 348 expériences vécues'}]"
Colmar,119771663,48.0777517,7.3579641,stations,10000,1787845739,7200,3024297,Colmar,200,7.358,48.0778,31.5,32.26,30.97,31.94,1010,44,1010,970,1.03,0,99,1.0,6482.0,FR,1787805688,1787854998,,,804,Clouds,overcast clouds,04d,"[{'name': 'Hôtel Maison Turenne', 'price': '€ 158', 'score': 'Avec une note de 8,7 8,7 Superbe 5 218 expériences vécues'}, {'name': 'Novotel Suites Colmar Centre', 'price': '€ 196', 'score': 'Avec une note de 8,9 8,9 Superbe 2 333 expériences vécues'}, {'name': ""Cit'Hotel Primo Colmar Centre"", 'price': '€ 89', 'score': 'Avec une note de 7,0 7,0 Bien 894 expériences vécues'}, {'name': 'B&B HOTEL Colmar Lumière', 'price': '€ 77', 'score': 'Avec une note de 7,9 7,9 Bien 4 762 expériences vécues'}, {'name': ""Appart'hôtel Odalys City - Colmar Centre"", 'price': '€ 181', 'score': 'Avec une note de 8,2 8,2 Très bien 5 805 expériences vécues'}, {'name': ""Hotel L'Europe Colmar, BW Signature Collection"", 'price': '€ 144', 'score': 'Avec une note de 8,6 8,6 Superbe 5 350 expériences vécues'}, {'name': 'Ibis Styles Colmar Centre', 'price': '€ 175', 'score': 'Avec une note de 8,5 8,5 Très bien 1 475 expériences vécues'}, {'name': 'ibis Colmar Est - Hotel Restaurant en Alsace', 'price': '€ 82', 'score': 'Avec une note de 7,5 7,5 Bien 4 799 expériences vécues'}, {'name': 'Logis Hotel Saint-Martin', 'price': '€ 129', 'score': 'Avec une note de 8,4 8,4 Très bien 4 626 expériences vécues'}, {'name': 'Hotel Le Colombier', 'price': '€ 206', 'score': 'Avec une note de 8,9 8,9 Superbe 2 993 expériences vécues'}, {'name': ""L'Esquisse Hotel & Spa Colmar - MGallery Collection"", 'price': '€ 370', 'score': 'Avec une note de 9,2 9,2 Fabuleux 1 433 expériences vécues'}, {'name': 'Ibis Styles Colmar Nord', 'price': '€ 141', 'score': 'Avec une note de 8,2 8,2 Très bien 2 547 expériences vécues'}, {'name': 'Mercure Colmar Centre Unterlinden', 'price': '€ 184', 'score': 'Avec une note de 8,4 8,4 Très bien 1 793 expériences vécues'}, {'name': 'Unisotel Colmar Parc Des Exposition EX F1', 'price': '€ 42', 'score': 'Avec une note de 4,4 4,4 Note 1 894 expériences vécues'}, {'name': 'B&B HOTEL Colmar Expo', 'price': '€ 91', 'score': 'Avec une note de 8,2 8,2 Très bien 3 294 expériences vécues'}, {'name': 'Hôtel Quatorze', 'price': '€ 229', 'score': 'Avec une note de 8,4 8,4 Très bien 1 563 expériences vécues'}, {'name': 'Best Western Colmar Expo', 'price': '€ 86', 'score': 'Avec une note de 8,6 8,6 Superbe 4 205 expériences vécues'}, {'name': 'The Originals City, Hôtel Colmar Gare', 'price': '€ 107', 'score': 'Avec une note de 7,6 7,6 Bien 2 825 expériences vécues'}, {'name': 'James Boutique Hôtel Colmar centre', 'price': '€ 243', 'score': 'Avec une note de 9,0 9,0 Fabuleux 2 652 expériences vécues'}, {'name': ""Chambre chez l'habitant - Centre historique - Salle d'eau et WC privés"", 'price': '€ 100', 'score': 'Avec une note de 8,7 8,7 Superbe 34 expériences vécues'}, {'name': 'Grand Hôtel Bristol By Stay Collection', 'price': '€ 157', 'score': 'Avec une note de 8,0 8,0 Très bien 3 269 expériences vécues'}, {'name': 'Colmar Centre - Le Schickele - garage privé - climatisé', 'price': '€ 412', 'score': 'Avec une note de 9,5 9,5 Exceptionnel 86 expériences vécues'}, {'name': 'Maisons neuves dans quartier calme', 'price': '€ 126', 'score': 'Avec une note de 7,9 7,9 Bien 46 expériences vécues'}, {'name': 'Hotel Le Colombier Suites', 'price': '€ 206', 'score': 'Avec une note de 8,8 8,8 Superbe 643 expériences vécues'}, {'name': 'B&B HOTEL Colmar Liberté 4 étoiles', 'price': '€ 113', 'score': 'Avec une note de 8,5 8,5 Très bien 3 328 expériences vécues'}]"
Cotignac,86682364,43.5280531,6.1502672,stations,10000,1787845742,7200,3023410,Cotignac,200,6.1503,43.5281,29.02,33.54,28.28,29.28,1014,74,1014,975,6.52,114,20,2.0,2006427.0,FR,1787806412,1787854854,7.77,0.7,500,Rain,light rain,10d,"[{'name': 'Cosy & Chill Appartements - Au cœur du village de Cotignac, en Provence', 'price': '€ 120', 'score': 'Avec une note de 9,0 9,0 Fabuleux 117 expériences vécues'}, {'name': 'Campagne de la source St Martin BB', 'price': '€ 92', 'score': 'Avec une note de 9,4 9,4 Fabuleux 210 expériences vécues'}, {'name': 'Hôtel La Falaise', 'price': '€ 158', 'score': 'Avec une note de 8,3 8,3 Très bien 233 expériences vécues'}, {'name': 'Les maisons de loup a loup', 'price': '€ 162', 'score': 'Avec une note de 9,6 9,6 Exceptionnel 181 expériences vécues'}, {'name': 'Chambre indépendante, grand lit 180x200cm, piscine de 16m avec vue magnifique', 'price': '€ 116', 'score': 'Avec une note de 9,5 9,5 Exceptionnel 34 expériences vécues'}, {'name': ""Chambre d'hôtes cotignac"", 'price': '€ 95', 'score': 'Avec une note de 8,8 8,8 Superbe 65 expériences vécues'}, {'name': 'Cosy & Chill - Secret Suite au cœur de Cotignac', 'price': '€ 158', 'score': 'Avec une note de 9,1 9,1 Fabuleux 30 expériences vécues'}, {'name': ""Mas de l'Olivette"", 'price': '€ 169', 'score': 'Avec une note de 9,4 9,4 Fabuleux 90 expériences vécues'}, {'name': ""Les Gîtes W''elles''come"", 'price': '€ 132', 'score': 'Avec une note de 9,3 9,3 Fabuleux 36 expériences vécues'}, {'name': 'Guesthouse Le Mas de Cotignac', 'price': '€ 308', 'score': 'Avec une note de 9,9 9,9 Exceptionnel 37 expériences vécues'}, {'name': 'Chambre privative - DOMAINE de la LOUVE', 'price': '€ 208', 'score': 'Avec une note de 9,4 9,4 Fabuleux 18 expériences vécues'}, {'name': 'COTIGNAC SEJOUR VACANCEs', 'price': '€ 105', 'score': 'Avec une note de 9,5 9,5 Exceptionnel 31 expériences vécues'}, {'name': ""Maison d'artiste African queen by Sophia Charaï, a partir de 6 personnes"", 'price': '€ 176', 'score': 'Avec une note de 5,0 5,0 Note 11 expériences vécues'}, {'name': 'Hotel restaurant les pins', 'price': '€ 105', 'score': 'Avec une note de 8,8 8,8 Superbe 101 expériences vécues'}, {'name': '4 safraniers', 'price': '€ 65', 'score': 'Avec une note de 8,8 8,8 Superbe 154 expériences vécues'}, {'name': 'OFILDLEAU', 'price': '€ 100', 'score': 'Avec une note de 9,1 9,1 Fabuleux 234 expériences vécues'}, {'name': 'Le Tempo', 'price': '€ 95', 'score': 'Avec une note de 8,8 8,8 Superbe 92 expériences vécues'}, {'name': 'Entrecasteaux T1 saisonnier', 'price': '€ 73', 'score': 'Avec une note de 8,1 8,1 Très bien 44 expériences vécues'}, {'name': 'Lavandaline', 'price': '€ 142', 'score': 'Avec une note de 9,4 9,4 Fabuleux 102 expériences vécues'}, {'name': 'La Bastide du Capelier - Cabane', 'price': '€ 152', 'score': 'Avec une note de 10 10 Exceptionnel 8 expériences vécues'}, {'name': 'Auberge du Parc - Correns', 'price': '€ 157', 'score': 'Avec une note de 9,3 9,3 Fabuleux 81 expériences vécues'}, {'name': 'Gites Colline De Sollies', 'price': '€ 113', 'score': 'Avec une note de 9,2 9,2 Fabuleux 213 expériences vécues'}, {'name': 'Domaine du PIAOU ""chambres & table d\'hôte""', 'price': '€ 213', 'score': 'Avec une note de 9,8 9,8 Exceptionnel 100 expériences vécues'}, {'name': 'LA BASTIDE DE NINI', 'price': '€ 131', 'score': 'Avec une note de 9,7 9,7 Exceptionnel 123 expériences vécues'}, {'name': 'Cosy studio à Salernes', 'price': '€ 78', 'score': 'Avec une note de 9,4 9,4 Fabuleux 96 expériences vécues'}]"
Dijon,93940430,47.3215806,5.0414701,stations,10000,1787845392,7200,3006622,Larrey,200,5.0415,47.322,26.8,27.07,26.8,26.8,1009,47,1009,971,2.57,50,100,1.0,6586.0,FR,1787806322,1787855476,,1.78,501,Rain,moderate rain,10d,"[{'name': 'Kyriad Hotel Dijon Centre Gare', 'price': '€ 103', 'score': 'Avec une note de 7,4 7,4 Bien 3 082 expériences vécues'}, {'name': 'Mama Shelter Dijon', 'price': '€ 173', 'score': 'Avec une note de 8,6 8,6 Superbe 2 116 expériences vécues'}, {'name': 'Holiday Inn Dijon Sud - Longvic by IHG', 'price': '€ 116', 'score': 'Avec une note de 8,8 8,8 Superbe 6 439 expériences vécues'}, {'name': 'ibis budget Dijon Saint Apollinaire', 'price': '€ 82', 'score': 'Avec une note de 7,7 7,7 Bien 2 978 expériences vécues'}, {'name': ""Holiday Inn Dijon Toison D'or by IHG"", 'price': '€ 106', 'score': 'Avec une note de 8,2 8,2 Très bien 5 268 expériences vécues'}, {'name': 'Hôtel Dauphine - Dijon Centre Gare - Accès Autonome 24 heures sur 24 - Boîte à Clés & Gardien - Parking Public Dauphine', 'price': '€ 50', 'score': 'Avec une note de 7,1 7,1 Bien 353 expériences vécues'}, {'name': 'B&B HOTEL Dijon Centre', 'price': '€ 89', 'score': 'Avec une note de 8,2 8,2 Très bien 3 000 expériences vécues'}, {'name': 'Résidence République', 'price': '€ 73', 'score': 'Avec une note de 8,3 8,3 Très bien 609 expériences vécues'}, {'name': ""Campanile Dijon Nord - Toison D'or"", 'price': '€ 88', 'score': 'Avec une note de 7,7 7,7 Bien 1 422 expériences vécues'}, {'name': 'Novotel Dijon Sud', 'price': '€ 148', 'score': 'Avec une note de 7,1 7,1 Bien 2 183 expériences vécues'}, {'name': 'Hôtel des Ducs', 'price': '€ 112', 'score': 'Avec une note de 8,7 8,7 Superbe 2 815 expériences vécues'}, {'name': 'Oceania Le Jura Dijon', 'price': '€ 167', 'score': 'Avec une note de 8,8 8,8 Superbe 1 839 expériences vécues'}, {'name': 'Grand Hôtel La Cloche Dijon - MGallery Collection', 'price': '€ 266', 'score': 'Avec une note de 8,8 8,8 Superbe 1 099 expériences vécues'}, {'name': 'hotelF1 Dijon Nord', 'price': '€ 45', 'score': 'Avec une note de 6,6 6,6 Note 1 955 expériences vécues'}, {'name': 'Ibis budget Dijon Centre Clemenceau', 'price': '€ 79', 'score': 'Avec une note de 7,8 7,8 Bien 1 653 expériences vécues'}, {'name': 'FASTHOTEL A Dijon', 'price': '€ 48', 'score': 'Avec une note de 6,5 6,5 Note 2 728 expériences vécues'}, {'name': 'Première Classe Dijon Nord - Zénith', 'price': '€ 52', 'score': 'Avec une note de 7,1 7,1 Bien 4 355 expériences vécues'}, {'name': 'Holiday Inn Express Dijon by IHG', 'price': '€ 116', 'score': 'Avec une note de 8,4 8,4 Très bien 4 606 expériences vécues'}, {'name': 'Hotel Le Jacquemart', 'price': '€ 89', 'score': 'Avec une note de 8,6 8,6 Superbe 2 349 expériences vécues'}, {'name': 'Mustard Hostel', 'price': '€ 97', 'score': 'Avec une note de 8,9 8,9 Superbe 398 expériences vécues'}, {'name': 'B&B HOTEL Dijon Nord Zénith', 'price': '€ 75', 'score': 'Avec une note de 7,4 7,4 Bien 2 272 expériences vécues'}, {'name': 'Campanile PRIME - Dijon Centre Gare', 'price': '€ 99', 'score': 'Avec une note de 8,0 8,0 Très bien 559 expériences vécues'}, {'name': 'Kyriad Dijon Sud - Longvic', 'price': '€ 65', 'score': 'Avec une note de 7,7 7,7 Bien 4 137 expériences vécues'}, {'name': 'Kyriad Dijon Est Mirande', 'price': '€ 79', 'score': 'Avec une note de 7,2 7,2 Bien 2 775 expériences vécues'}, {'name': 'ibis Styles Dijon Central', 'price': '€ 196', 'score': 'Avec une note de 8,3 8,3 Très bien 2 732 expériences vécues'}]"
Eguisheim,121248621,48.0447968,7.3079618,stations,10000,1787845746,7200,3020324,Eguisheim,200,7.308,48.0448,31.41,32.31,30.94,31.9,1010,45,1010,967,1.03,0,100,5.0,50014460.0,FR,1787805703,1787855007,,,804,Clouds,overcast clouds,04d,"[{'name': 'Hotel SPA Restaurant Husseren Collections - Proche Colmar - Eguisheim', 'price': '€ 223', 'score': 'Avec une note de 8,9 8,9 Superbe 6 612 expériences vécues'}, {'name': 'The Originals Boutique, Hôtel La Ferme du Pape, Eguisheim', 'price': '€ 97', 'score': 'Avec une note de 8,1 8,1 Très bien 2 385 expériences vécues'}, {'name': 'Auberge du Rempart', 'price': '€ 125', 'score': 'Avec une note de 8,9 8,9 Superbe 662 expériences vécues'}, {'name': ""Hôtel L'Auberge Alsacienne"", 'price': '€ 118', 'score': 'Avec une note de 8,7 8,7 Superbe 1 148 expériences vécues'}, {'name': 'James Vignoble Hôtel, Eguisheim', 'price': '€ 192', 'score': 'Avec une note de 8,9 8,9 Superbe 2 029 expériences vécues'}, {'name': ""La Grange du Pape - Annexe de l'Hôtel La Ferme du Pape"", 'price': '€ 89', 'score': 'Avec une note de 7,7 7,7 Bien 451 expériences vécues'}, {'name': 'Maison HELIOS - Eguisheim', 'price': '€ 458', 'score': 'Avec une note de 9,7 9,7 Exceptionnel 4 expériences vécues'}, {'name': 'Les trois pierres', 'price': '€ 365', 'score': 'Avec une note de 9,1 9,1 Fabuleux 31 expériences vécues'}, {'name': 'Les Appartements Husseren Collections - Proche Colmar - Eguisheim', 'price': '€ 160', 'score': 'Avec une note de 9,0 9,0 Fabuleux 214 expériences vécues'}, {'name': 'Logis Hôtel Restaurant & Spa au Soleil', 'price': '€ 149', 'score': 'Avec une note de 8,6 8,6 Superbe 25 expériences vécues'}, {'name': 'Hôtel Terra Vinum', 'price': '€ 212', 'score': 'Avec une note de 9,1 9,1 Fabuleux 1 180 expériences vécues'}, {'name': 'Gîte indépendant de plein pied près de Colmar', 'price': '€ 130', 'score': 'Avec une note de 9,4 9,4 Fabuleux 41 expériences vécues'}, {'name': 'B&B HOTEL Colmar Vignobles Ouest', 'price': '€ 71', 'score': 'Avec une note de 7,6 7,6 Bien 2 221 expériences vécues'}, {'name': 'Les Portes de la Vallee', 'price': '€ 152', 'score': 'Avec une note de 8,6 8,6 Superbe 114 expériences vécues'}, {'name': 'Grand Hôtel Bristol By Stay Collection', 'price': '€ 157', 'score': 'Avec une note de 8,0 8,0 Très bien 3 269 expériences vécues'}, {'name': 'Maison 1934 - Colmar Gare & Parking gratuit', 'price': '€ 168', 'score': 'Avec une note de 9,4 9,4 Fabuleux 167 expériences vécues'}, {'name': 'Duplex cosy- proche centre ville', 'price': '€ 133', 'score': 'Avec une note de 7,3 7,3 Bien 38 expériences vécues'}, {'name': 'Grand logement proche Colmar , calme , CLIMATISATION parking wifi', 'price': '€ 162', 'score': 'Avec une note de 9,3 9,3 Fabuleux 75 expériences vécues'}, {'name': 'Appartement Le Belarya', 'price': '€ 150', 'score': 'Avec une note de 9,7 9,7 Exceptionnel 36 expériences vécues'}, {'name': 'Appart Rama', 'price': '€ 139', 'score': 'Avec une note de 9,0 9,0 Fabuleux 46 expériences vécues'}, {'name': 'wintzenheim: appartement', 'price': '€ 107', 'score': 'Avec une note de 5,9 5,9 Note 35 expériences vécues'}, {'name': 'La chambre de la maison bleue', 'price': '€ 86', 'score': 'Avec une note de 8,3 8,3 Très bien 85 expériences vécues'}, {'name': 'Alouette', 'price': '€ 142', 'score': 'Avec une note de 8,7 8,7 Superbe 22 expériences vécues'}, {'name': 'Appartement moderne esprit loft avec balcon centre Colmar proche gare et Place Rapp', 'price': '€ 277', 'score': 'Avec une note de 9,4 9,4 Fabuleux 46 expériences vécues'}, {'name': 'Yapot', 'price': '€ 191', 'score': 'Avec une note de 8,2 8,2 Très bien 16 expériences vécues'}]"
Foix,83990922,42.9638998,1.6053807,stations,10000,1787845748,7200,3018174,Foix,200,1.6054,42.9639,31.35,35.6,29.32,32.08,1009,60,1009,920,3.5,237,58,2.0,2092354.0,FR,1787807552,1787855894,14.74,,803,Clouds,broken clouds,04d,"[{'name': 'The Originals Access, Hôtel Foix', 'price': '€ 63', 'score': 'Avec une note de 7,9 7,9 Bien 1 332 expériences vécues'}, {'name': 'Hôtel Le Lons', 'price': '€ 121', 'score': 'Avec une note de 8,3 8,3 Très bien 841 expériences vécues'}, {'name': 'Hotel du Lac & Restaurant Foix', 'price': '€ 95', 'score': 'Avec une note de 8,5 8,5 Très bien 859 expériences vécues'}, {'name': '3 pièces au rez de chaussée centre historique, calme, vue sur le jardin', 'price': '€ 123', 'score': 'Avec une note de 8,4 8,4 Très bien 28 expériences vécues'}, {'name': '3 pièces spacieux plein centre, parking,clim, terrasse, jardin', 'price': '€ 158', 'score': 'Avec une note de 9,3 9,3 Fabuleux 43 expériences vécues'}, {'name': 'Un second souffle', 'price': '€ 119', 'score': 'Avec une note de 9,0 9,0 Fabuleux 141 expériences vécues'}, {'name': 'La Petite Fuxéenne', 'price': '€ 127', 'score': 'Avec une note de 8,0 8,0 Très bien 52 expériences vécues'}, {'name': 'Appartement cosy centre ville', 'price': '€ 98', 'score': 'Avec une note de 7,1 7,1 Bien 22 expériences vécues'}, {'name': 'La Fenêtre Saint-Volusien - Vue directe - Charme ancien - Centre historique', 'price': '€ 96', 'score': 'Avec une note de 8,8 8,8 Superbe 91 expériences vécues'}, {'name': 'La Maison-frite, pour un séjour insolite à Foix !', 'price': '€ 112', 'score': 'Avec une note de 7,3 7,3 Bien 42 expériences vécues'}, {'name': 'Studio cosy rez-de-chaussée', 'price': '€ 84', 'score': 'Avec une note de 8,3 8,3 Très bien 67 expériences vécues'}, {'name': ""L'Échappée Romantique & Spa Privatif"", 'price': '€ 150', 'score': 'Avec une note de 3,4 3,4 Note 5 expériences vécues'}, {'name': 'Le Romeo, appart de plein pied en centre ville', 'price': '€ 92', 'score': 'Avec une note de 8,4 8,4 Très bien 7 expériences vécues'}, {'name': 'Plein centre, parking jardin 4 chambres', 'price': '€ 366', 'score': None}, {'name': ""Le Clos Cathala Chambres d'Hôtes"", 'price': '€ 304', 'score': 'Avec une note de 9,1 9,1 Fabuleux 81 expériences vécues'}, {'name': 'En pleine montagne', 'price': '€ 116', 'score': 'Avec une note de 6,4 6,4 Note 41 expériences vécues'}, {'name': 'Siam Mahanakhon Appart & Spa', 'price': '€ 131', 'score': 'Avec une note de 8,9 8,9 Superbe 147 expériences vécues'}, {'name': ""Le Manoir d'Agnès Logis hôtel restaurant"", 'price': '€ 112', 'score': 'Avec une note de 8,8 8,8 Superbe 407 expériences vécues'}, {'name': 'Hôtel Confort 09 ou HC-09', 'price': '€ 69', 'score': 'Avec une note de 8,5 8,5 Très bien 749 expériences vécues'}, {'name': 'Logis Hôtel Restaurant de la Poste', 'price': '€ 79', 'score': 'Avec une note de 7,5 7,5 Bien 528 expériences vécues'}, {'name': 'Hôtel Le Bellevue', 'price': '€ 88', 'score': 'Avec une note de 8,1 8,1 Très bien 347 expériences vécues'}, {'name': 'Hôtel Terranostra', 'price': '€ 114', 'score': 'Avec une note de 8,4 8,4 Très bien 418 expériences vécues'}, {'name': 'Auberge Les Myrtilles', 'price': '€ 96', 'score': 'Avec une note de 8,9 8,9 Superbe 77 expériences vécues'}, {'name': 'Koh Samet Siam Manahakhon Appart & Spa', 'price': '€ 112', 'score': 'Avec une note de 8,4 8,4 Très bien 46 expériences vécues'}, {'name': 'Domaine La Tour', 'price': '€ 110', 'score': 'Avec une note de 8,8 8,8 Superbe 79 expériences vécues'}]"
Grenoble,90045804,45.1875602,5.7357819,stations,10000,1787845750,7200,6454071,Grenoble,200,5.7358,45.1876,34.32,34.52,34.32,34.32,1010,34,1010,917,5.36,200,100,2.0,2004515.0,FR,1787806362,1787855103,12.52,,804,Clouds,overcast clouds,04d,"[{'name': 'Hôtel Terminus', 'price': '€ 89', 'score': 'Avec une note de 8,5 8,5 Très bien 1 053 expériences vécues'}, {'name': 'B&B HOTEL Grenoble Centre Verlaine', 'price': '€ 65', 'score': 'Avec une note de 7,1 7,1 Bien 1 157 expériences vécues'}, {'name': 'B&B HOTEL Grenoble Centre Alpexpo', 'price': '€ 69', 'score': 'Avec une note de 7,5 7,5 Bien 2 194 expériences vécues'}, {'name': 'greet Grenoble Centre Gare Accor Hotel', 'price': '€ 68', 'score': 'Avec une note de 8,2 8,2 Très bien 1 384 expériences vécues'}, {'name': 'Campanile Grenoble Centre Gare', 'price': '€ 98', 'score': 'Avec une note de 7,4 7,4 Bien 1 948 expériences vécues'}, {'name': 'The Babel Community Hôtel - Grenoble Bastille', 'price': '€ 99', 'score': 'Avec une note de 8,5 8,5 Très bien 2 282 expériences vécues'}, {'name': 'Residhome Grenoble Caserne De Bonne', 'price': '€ 90', 'score': 'Avec une note de 8,0 8,0 Très bien 1 293 expériences vécues'}, {'name': 'Novotel Grenoble Centre', 'price': '€ 99', 'score': 'Avec une note de 7,9 7,9 Bien 1 177 expériences vécues'}, {'name': 'RockyPop Grenoble Hotel', 'price': '€ 107', 'score': 'Avec une note de 8,4 8,4 Très bien 3 314 expériences vécues'}, {'name': 'Le Grand Hôtel Grenoble, BW Premier Collection by Best Western', 'price': '€ 113', 'score': 'Avec une note de 8,8 8,8 Superbe 1 306 expériences vécues'}, {'name': 'Maison Barbillon Grenoble - Centre Gare', 'price': '€ 123', 'score': 'Avec une note de 8,3 8,3 Très bien 1 933 expériences vécues'}, {'name': 'Residhotel Grenette', 'price': '€ 66', 'score': 'Avec une note de 7,9 7,9 Bien 1 921 expériences vécues'}, {'name': 'Park Hotel Grenoble - Handwritten Collection', 'price': '€ 141', 'score': 'Avec une note de 9,0 9,0 Fabuleux 556 expériences vécues'}, {'name': ""Residhotel Le Central'Gare"", 'price': '€ 79', 'score': 'Avec une note de 8,2 8,2 Très bien 1 358 expériences vécues'}, {'name': 'ibis Grenoble Centre Bastille', 'price': '€ 87', 'score': 'Avec une note de 7,9 7,9 Bien 919 expériences vécues'}, {'name': 'Apparthotel Le Hüb Grenoble', 'price': '€ 64', 'score': 'Avec une note de 7,5 7,5 Bien 1 067 expériences vécues'}, {'name': 'Hôtel d’Angleterre Grenoble Hyper-Centre', 'price': '€ 93', 'score': 'Avec une note de 8,0 8,0 Très bien 1 927 expériences vécues'}, {'name': ""Hôtel de l'Europe Grenoble hyper-centre"", 'price': '€ 73', 'score': 'Avec une note de 8,0 8,0 Très bien 1 450 expériences vécues'}, {'name': 'Mercure Grenoble Centre Porte des Alpes', 'price': '€ 98', 'score': 'Avec une note de 7,9 7,9 Bien 408 expériences vécues'}, {'name': 'ibis Grenoble Gare', 'price': '€ 71', 'score': 'Avec une note de 8,1 8,1 Très bien 158 expériences vécues'}, {'name': 'Le Jardin Interieur', 'price': '€ 63', 'score': 'Avec une note de 9,2 9,2 Fabuleux 5 expériences vécues'}, {'name': 'Appartéa Grenoble Alpexpo', 'price': '€ 81', 'score': 'Avec une note de 7,0 7,0 Bien 1 392 expériences vécues'}, {'name': 'COWOOL GRENOBLE', 'price': '€ 101', 'score': 'Avec une note de 7,7 7,7 Bien 606 expériences vécues'}, {'name': '1924 Hôtel', 'price': '€ 103', 'score': 'Avec une note de 9,0 9,0 Fabuleux 1 010 expériences vécues'}, {'name': 'ibis Styles Grenoble Centre Gare', 'price': '€ 97', 'score': 'Avec une note de 8,1 8,1 Très bien 289 expériences vécues'}]"
La Rochelle,290369823,46.159732,-1.1515951,stations,10000,1787845752,7200,3006787,La Rochelle,200,-1.1516,46.1597,24.07,24.1,23.85,24.07,1009,60,1009,1009,1.03,0,91,1.0,6458.0,FR,1787807924,1787856846,,,804,Clouds,overcast clouds,04d,"[{'name': 'ibis budget La Rochelle Centre les Minimes', 'price': '€ 92', 'score': 'Avec une note de 7,7 7,7 Bien 3 579 expériences vécues'}, {'name': 'B&B HOTEL La Rochelle Centre 3 étoiles', 'price': '€ 97', 'score': 'Avec une note de 8,2 8,2 Très bien 2 732 expériences vécues'}, {'name': 'Sweetly La Rochelle', 'price': '€ 151', 'score': 'Avec une note de 8,5 8,5 Très bien 111 expériences vécues'}, {'name': 'ibis Budget La Rochelle Centre gare', 'price': '€ 112', 'score': 'Avec une note de 8,3 8,3 Très bien 3 323 expériences vécues'}, {'name': 'B&B HOTEL La Rochelle Centre Les Minimes', 'price': '€ 103', 'score': 'Avec une note de 8,1 8,1 Très bien 3 561 expériences vécues'}, {'name': 'Mercure La Rochelle Vieux Port', 'price': '€ 213', 'score': 'Avec une note de 8,9 8,9 Superbe 1 835 expériences vécues'}, {'name': 'ibis Styles La Rochelle Centre Vieux Port', 'price': '€ 147', 'score': 'Avec une note de 8,3 8,3 Très bien 1 264 expériences vécues'}, {'name': 'ibis Styles La Rochelle Centre les Minimes', 'price': '€ 139', 'score': 'Avec une note de 8,4 8,4 Très bien 1 483 expériences vécues'}, {'name': ""Appart'City Classic La Rochelle Centre"", 'price': '€ 111', 'score': 'Avec une note de 7,6 7,6 Bien 3 820 expériences vécues'}, {'name': 'Hôtel Kyriad La Rochelle Centre Ville', 'price': '€ 99', 'score': 'Avec une note de 8,5 8,5 Très bien 3 667 expériences vécues'}, {'name': 'Résidence Pierre & Vacances Centre', 'price': '€ 154', 'score': 'Avec une note de 7,8 7,8 Bien 1 157 expériences vécues'}, {'name': 'Résidence avec Piscine face au port 200m plage', 'price': '€ 118', 'score': 'Avec une note de 8,0 8,0 Très bien 2 342 expériences vécues'}, {'name': 'ibis La Rochelle Centre Historique', 'price': '€ 114', 'score': 'Avec une note de 8,1 8,1 Très bien 950 expériences vécues'}, {'name': 'Le Saint-Nicolas', 'price': '€ 182', 'score': 'Avec une note de 9,1 9,1 Fabuleux 3 358 expériences vécues'}, {'name': 'Maison des Ambassadeurs', 'price': '€ 197', 'score': 'Avec une note de 9,0 9,0 Fabuleux 2 061 expériences vécues'}, {'name': 'Hôtel Les Brises', 'price': '€ 167', 'score': 'Avec une note de 8,8 8,8 Superbe 321 expériences vécues'}, {'name': 'IBIS La Rochelle Vieux Port Centre', 'price': '€ 139', 'score': 'Avec une note de 8,5 8,5 Très bien 1 005 expériences vécues'}, {'name': 'ATHOME RESIDENCE ET SPA', 'price': '€ 113', 'score': 'Avec une note de 8,1 8,1 Très bien 2 585 expériences vécues'}, {'name': 'Maisons du Monde Hôtel & Suites - La Rochelle Vieux Port', 'price': '€ 147', 'score': 'Avec une note de 8,6 8,6 Superbe 3 330 expériences vécues'}, {'name': 'Hôtel Le Yachtman, The Originals Collection', 'price': '€ 179', 'score': 'Avec une note de 8,7 8,7 Superbe 886 expériences vécues'}, {'name': 'Hôtel Inn Design La Rochelle', 'price': '€ 70', 'score': 'Avec une note de 7,9 7,9 Bien 3 234 expériences vécues'}, {'name': 'Hôtel Les Gens de Mer La Rochelle', 'price': '€ 117', 'score': 'Avec une note de 7,8 7,8 Bien 2 015 expériences vécues'}, {'name': 'ibis Styles La Rochelle Centre Gare', 'price': '€ 162', 'score': 'Avec une note de 8,2 8,2 Très bien 1 783 expériences vécues'}, {'name': 'BW Plus Central Park Hotel & Spa', 'price': '€ 180', 'score': 'Avec une note de 8,9 8,9 Superbe 1 916 expériences vécues'}, {'name': 'Hotel Les Rosiers', 'price': '€ 82', 'score': 'Avec une note de 6,8 6,8 Note 360 expériences vécues'}]"
Le Havre,99608512,49.4938975,0.1079732,stations,3679,1787845655,7200,3003796,Le Havre,200,0.108,49.4939,20.51,20.63,19.86,20.51,1009,77,1009,1007,2.57,70,100,1.0,6533.0,FR,1787807277,1787856888,,1.28,501,Rain,moderate rain,10d,"[{'name': 'All Suites Appart Hôtel - Le Havre Centre - Les docks', 'price': '€ 89', 'score': 'Avec une note de 8,4 8,4 Très bien 4 230 expériences vécues'}, {'name': 'Novotel Le Havre Centre Gare', 'price': '€ 107', 'score': 'Avec une note de 8,1 8,1 Très bien 993 expériences vécues'}, {'name': ""Appart'hôtel Odalys City - Le Havre Centre Les Docks"", 'price': '€ 162', 'score': 'Avec une note de 8,4 8,4 Très bien 2 385 expériences vécues'}, {'name': 'Ibis Budget Le Havre Les Docks', 'price': '€ 53', 'score': 'Avec une note de 7,8 7,8 Bien 2 322 expériences vécues'}, {'name': 'Hilton Garden Inn Le Havre Centre', 'price': '€ 141', 'score': 'Avec une note de 8,4 8,4 Très bien 2 116 expériences vécues'}, {'name': 'Hotel Spa Le Pasino', 'price': '€ 126', 'score': 'Avec une note de 8,3 8,3 Très bien 883 expériences vécues'}, {'name': 'UNISOTEL Le Havre', 'price': '€ 50', 'score': 'Avec une note de 6,1 6,1 Note 1 300 expériences vécues'}, {'name': 'Premiere Classe Le Havre Centre-LES DOCKS', 'price': '€ 62', 'score': 'Avec une note de 7,7 7,7 Bien 2 706 expériences vécues'}, {'name': 'ibis Le Havre Centre', 'price': '€ 109', 'score': 'Avec une note de 8,1 8,1 Très bien 2 020 expériences vécues'}, {'name': ""The Originals Boutique, Hôtel d'Angleterre, Le Havre, centre, plage"", 'price': '€ 60', 'score': 'Avec une note de 7,3 7,3 Bien 1 801 expériences vécues'}, {'name': 'Hôtel Richelieu, Le Havre Centre-Ville, Perret', 'price': '€ 81', 'score': 'Avec une note de 7,9 7,9 Bien 920 expériences vécues'}, {'name': 'L&H SUIT', 'price': '€ 270', 'score': 'Avec une note de 8,9 8,9 Superbe 70 expériences vécues'}, {'name': 'The People Le Havre', 'price': '€ 131', 'score': 'Avec une note de 8,2 8,2 Très bien 2 118 expériences vécues'}, {'name': 'Mercure Le Havre Centre Bassin Du Commerce', 'price': '€ 120', 'score': 'Avec une note de 7,9 7,9 Bien 880 expériences vécues'}, {'name': 'Nomad Hotel le Havre Centre Gare', 'price': '€ 98', 'score': 'Avec une note de 8,5 8,5 Très bien 1 753 expériences vécues'}, {'name': 'ibis Styles Le Havre Centre', 'price': '€ 98', 'score': 'Avec une note de 7,7 7,7 Bien 145 expériences vécues'}, {'name': 'JOST Hôtel Le Havre Centre Gare', 'price': '€ 96', 'score': 'Avec une note de 8,4 8,4 Très bien 1 563 expériences vécues'}, {'name': 'LES APPARTS KENNEDY', 'price': '€ 122', 'score': 'Avec une note de 8,2 8,2 Très bien 255 expériences vécues'}, {'name': 'Appartement 3 Chambres en plein centre-ville du havre', 'price': '€ 158', 'score': 'Avec une note de 7,5 7,5 Bien 2 expériences vécues'}, {'name': 'B&B HOTEL Le Havre Centre', 'price': '€ 73', 'score': 'Avec une note de 8,4 8,4 Très bien 1 729 expériences vécues'}, {'name': 'Suites Clémenceau', 'price': '€ 105', 'score': 'Avec une note de 8,5 8,5 Très bien 160 expériences vécues'}, {'name': 'Hôtel Carmin', 'price': '€ 88', 'score': 'Avec une note de 8,4 8,4 Très bien 1 099 expériences vécues'}, {'name': 'JOST Auberge de Jeunesse Le Havre Centre Gare', 'price': '€ 146', 'score': 'Avec une note de 8,2 8,2 Très bien 534 expériences vécues'}, {'name': 'Grand T3 centre du havre', 'price': '€ 114', 'score': 'Avec une note de 7,5 7,5 Bien 23 expériences vécues'}, {'name': 'Hotel de Charme La Bonne Adresse - Logis hotels', 'price': '€ 102', 'score': 'Avec une note de 8,4 8,4 Très bien 1 573 expériences vécues'}]"
Lille,102315906,50.6365654,3.0635282,stations,10000,1787845759,7200,6454414,Lille,200,3.0635,50.6366,28.21,28.88,27.7,28.45,1007,52,1007,1004,4.63,160,95,2.0,2011132.0,FR,1787806438,1787856309,,,804,Clouds,overcast clouds,04d,"[{'name': 'CENTRAL Hostel Lille Centre', 'price': '€ 120', 'score': 'Avec une note de 9,0 9,0 Fabuleux 1 505 expériences vécues'}, {'name': 'Mama Shelter Lille', 'price': '€ 202', 'score': 'Avec une note de 8,2 8,2 Très bien 2 389 expériences vécues'}, {'name': 'Grand Hotel Bellevue - Grand Place', 'price': '€ 195', 'score': 'Avec une note de 8,5 8,5 Très bien 3 233 expériences vécues'}, {'name': 'OKKO Hotels Lille Centre', 'price': '€ 182', 'score': 'Avec une note de 8,7 8,7 Superbe 3 721 expériences vécues'}, {'name': 'ibis Lille Centre Grand Palais', 'price': '€ 139', 'score': 'Avec une note de 8,3 8,3 Très bien 2 340 expériences vécues'}, {'name': 'Hotel Lille Europe', 'price': '€ 113', 'score': 'Avec une note de 8,1 8,1 Très bien 6 928 expériences vécues'}, {'name': 'Moxy Lille City', 'price': '€ 119', 'score': 'Avec une note de 8,2 8,2 Très bien 4 168 expériences vécues'}, {'name': 'Séjours & Affaires Lille Europe', 'price': '€ 92', 'score': 'Avec une note de 6,9 6,9 Note 3 060 expériences vécues'}, {'name': 'Hotel Chagnot', 'price': '€ 86', 'score': 'Avec une note de 8,1 8,1 Très bien 4 220 expériences vécues'}, {'name': 'Hotel & Spa Oceania Lille Les Augustins', 'price': '€ 211', 'score': 'Avec une note de 8,6 8,6 Superbe 1 061 expériences vécues'}, {'name': 'Au Cœur De Lille', 'price': '€ 147', 'score': 'Avec une note de 9,3 9,3 Fabuleux 397 expériences vécues'}, {'name': 'B&B HOTEL Lille Centre Grand Palais', 'price': '€ 88', 'score': 'Avec une note de 8,0 8,0 Très bien 4 152 expériences vécues'}, {'name': 'Lille City Hotel', 'price': '€ 76', 'score': 'Avec une note de 7,2 7,2 Bien 4 251 expériences vécues'}, {'name': 'B&B HOTEL Lille Lillenium Eurasanté', 'price': '€ 78', 'score': 'Avec une note de 8,5 8,5 Très bien 3 602 expériences vécues'}, {'name': 'Hilton Lille', 'price': '€ 165', 'score': 'Avec une note de 8,2 8,2 Très bien 1 255 expériences vécues'}, {'name': 'CENTRAL Hôtel Lille Centre', 'price': '€ 171', 'score': 'Avec une note de 8,3 8,3 Très bien 319 expériences vécues'}, {'name': 'ibis Styles Lille Centre Grand Place', 'price': '€ 141', 'score': 'Avec une note de 8,1 8,1 Très bien 962 expériences vécues'}, {'name': 'Eklo Hotels Lille', 'price': '€ 56', 'score': 'Avec une note de 7,7 7,7 Bien 3 062 expériences vécues'}, {'name': 'Novotel Suites Lille Europe', 'price': '€ 219', 'score': 'Avec une note de 7,9 7,9 Bien 2 129 expériences vécues'}, {'name': 'ibis Lille Centre Gares', 'price': '€ 121', 'score': 'Avec une note de 7,9 7,9 Bien 1 996 expériences vécues'}, {'name': 'ibis Styles Lille Centre Gare Beffroi', 'price': '€ 107', 'score': 'Avec une note de 7,9 7,9 Bien 3 572 expériences vécues'}, {'name': 'La Valiz', 'price': '€ 106', 'score': 'Avec une note de 8,3 8,3 Très bien 2 176 expériences vécues'}, {'name': ""Montempô Appart'hôtel Lille Gares"", 'price': '€ 69', 'score': 'Avec une note de 8,6 8,6 Superbe 254 expériences vécues'}, {'name': 'Holiday Inn Express Lille Centre by IHG', 'price': '€ 139', 'score': 'Avec une note de 8,1 8,1 Très bien 3 225 expériences vécues'}, {'name': 'Babel Lille Centre', 'price': '€ 142', 'score': 'Avec une note de 9,2 9,2 Fabuleux 64 expériences vécues'}]"
Lyon,94318237,45.7578137,4.8320114,stations,10000,1787845037,7200,8015556,Vieux Lyon,200,4.832,45.7578,33.45,34.74,32.51,34.42,1008,41,1008,977,11.83,200,100,2.0,2101774.0,FR,1787806525,1787855373,18.52,,804,Clouds,overcast clouds,04d,"[{'name': 'Novotel Lyon Gerland', 'price': '€ 123', 'score': 'Avec une note de 7,6 7,6 Bien 3 909 expériences vécues'}, {'name': 'Mama Shelter Lyon', 'price': '€ 131', 'score': 'Avec une note de 8,5 8,5 Très bien 1 591 expériences vécues'}, {'name': 'Campanile PRIME Lyon Centre Gare Part-Dieu', 'price': '€ 127', 'score': 'Avec une note de 8,6 8,6 Superbe 5 265 expériences vécues'}, {'name': 'MEININGER Hotel Lyon Centre Berthelot', 'price': '€ 86', 'score': 'Avec une note de 8,3 8,3 Très bien 9 850 expériences vécues'}, {'name': ""Residence Montempo Appart'Hôtel Lyon Cite Internationale"", 'price': '€ 102', 'score': 'Avec une note de 8,1 8,1 Très bien 6 675 expériences vécues'}, {'name': 'HO36 Hostel Lyon', 'price': '€ 117', 'score': 'Avec une note de 8,1 8,1 Très bien 2 369 expériences vécues'}, {'name': 'Hôtel du Helder', 'price': '€ 72', 'score': 'Avec une note de 6,5 6,5 Note 2 830 expériences vécues'}, {'name': 'SLO Hostel Lyon les Pentes', 'price': '€ 93', 'score': 'Avec une note de 8,2 8,2 Très bien 2 988 expériences vécues'}, {'name': 'Première Classe Lyon Centre Gare Part Dieu', 'price': '€ 76', 'score': 'Avec une note de 7,6 7,6 Bien 9 391 expériences vécues'}, {'name': 'Hotel de Normandie', 'price': '€ 74', 'score': 'Avec une note de 7,0 7,0 Bien 2 978 expériences vécues'}, {'name': 'YASI Hostel', 'price': '€ 79', 'score': 'Avec une note de 8,7 8,7 Superbe 4 248 expériences vécues'}, {'name': 'Hôtel Lyon Métropole & Spa', 'price': '€ 170', 'score': 'Avec une note de 8,2 8,2 Très bien 4 858 expériences vécues'}, {'name': 'ibis Lyon Part Dieu Les Halles', 'price': '€ 107', 'score': 'Avec une note de 7,8 7,8 Bien 3 958 expériences vécues'}, {'name': 'Mercure Lyon Centre Beaux-Arts', 'price': '€ 203', 'score': 'Avec une note de 8,5 8,5 Très bien 1 567 expériences vécues'}, {'name': 'Ibis Styles Lyon Centre - Gare Part Dieu', 'price': '€ 187', 'score': 'Avec une note de 8,6 8,6 Superbe 3 191 expériences vécues'}, {'name': 'ibis Lyon Centre', 'price': '€ 120', 'score': 'Avec une note de 8,1 8,1 Très bien 522 expériences vécues'}, {'name': 'Greet Hotel Lyon Confluence', 'price': '€ 115', 'score': 'Avec une note de 8,3 8,3 Très bien 2 996 expériences vécues'}, {'name': 'ibis Lyon Centre Perrache', 'price': '€ 103', 'score': 'Avec une note de 8,3 8,3 Très bien 2 094 expériences vécues'}, {'name': 'Pullman Lyon', 'price': '€ 221', 'score': 'Avec une note de 9,2 9,2 Fabuleux 4 992 expériences vécues'}, {'name': 'Mercure Lyon Centre - Gare Part Dieu', 'price': '€ 195', 'score': 'Avec une note de 8,7 8,7 Superbe 1 838 expériences vécues'}, {'name': 'Mercure Lyon Centre Château Perrache', 'price': '€ 129', 'score': 'Avec une note de 8,1 8,1 Très bien 2 017 expériences vécues'}, {'name': 'B&B HOTEL Lyon Centre Part-dieu Gambetta', 'price': '€ 79', 'score': 'Avec une note de 7,7 7,7 Bien 4 865 expériences vécues'}, {'name': 'OKKO Hotels Lyon Centre', 'price': '€ 180', 'score': 'Avec une note de 8,7 8,7 Superbe 1 557 expériences vécues'}, {'name': 'B&B HOTEL Lyon Centre Monplaisir', 'price': '€ 72', 'score': 'Avec une note de 7,4 7,4 Bien 3 528 expériences vécues'}, {'name': 'ibis budget Lyon Centre Confluence', 'price': '€ 77', 'score': 'Avec une note de 7,9 7,9 Bien 1 059 expériences vécues'}]"
Marseille,82738265,43.2963986,5.3777888,stations,10000,1787845763,7200,2995469,Marseille,200,5.3778,43.2964,31.45,34.29,31.3,32.87,1012,54,1012,1005,1.79,142,98,2.0,80238.0,FR,1787806617,1787855019,2.24,,804,Clouds,overcast clouds,04d,"[{'name': 'MEININGER Marseille Centre la Joliette', 'price': '€ 101', 'score': 'Avec une note de 8,5 8,5 Très bien 6 982 expériences vécues'}, {'name': 'ibis Styles Marseille Palais des Congrès Vélodrome', 'price': '€ 124', 'score': 'Avec une note de 8,6 8,6 Superbe 1 051 expériences vécues'}, {'name': 'HOTEL SYLVABELLE', 'price': '€ 67', 'score': 'Avec une note de 5,1 5,1 Note 2 557 expériences vécues'}, {'name': 'Novotel Marseille Centre Prado Vélodrome', 'price': '€ 145', 'score': 'Avec une note de 8,0 8,0 Très bien 1 245 expériences vécues'}, {'name': 'The People - Marseille', 'price': '€ 210', 'score': 'Avec une note de 8,4 8,4 Très bien 5 322 expériences vécues'}, {'name': 'Ibis Marseille Centre Prefecture', 'price': '€ 121', 'score': 'Avec une note de 7,2 7,2 Bien 2 756 expériences vécues'}, {'name': 'ibis Marseille Centre Euromed', 'price': '€ 134', 'score': 'Avec une note de 8,0 8,0 Très bien 1 524 expériences vécues'}, {'name': 'Campanile NATURE - Marseille Saint-Antoine', 'price': '€ 88', 'score': 'Avec une note de 7,7 7,7 Bien 826 expériences vécues'}, {'name': 'Premiere Classe Marseille La Valentine', 'price': '€ 66', 'score': 'Avec une note de 5,7 5,7 Note 2 300 expériences vécues'}, {'name': 'Golden Tulip Marseille Euromed', 'price': '€ 174', 'score': 'Avec une note de 7,8 7,8 Bien 3 982 expériences vécues'}, {'name': 'Hôtel Horizon', 'price': '€ 84', 'score': 'Avec une note de 7,8 7,8 Bien 55 expériences vécues'}, {'name': 'ibis Marseille Centre Gare Saint Charles', 'price': '€ 133', 'score': 'Avec une note de 7,6 7,6 Bien 4 356 expériences vécues'}, {'name': 'Hôtel Ligo by HappyCulture', 'price': '€ 182', 'score': 'Avec une note de 8,5 8,5 Très bien 1 177 expériences vécues'}, {'name': 'Radisson Blu Hotel Marseille Vieux Port', 'price': '€ 416', 'score': 'Avec une note de 8,6 8,6 Superbe 2 123 expériences vécues'}, {'name': 'Grand Hotel Beauvau Marseille Vieux-Port - MGallery Collection', 'price': '€ 304', 'score': 'Avec une note de 8,5 8,5 Très bien 871 expériences vécues'}, {'name': 'Hotel Des Platanes', 'price': '€ 91', 'score': 'Avec une note de 5,0 5,0 Note 1 expérience vécue'}, {'name': 'Novotel Marseille Centre Gare', 'price': '€ 156', 'score': 'Avec une note de 7,9 7,9 Bien 5 636 expériences vécues'}, {'name': 'Toyoko INN Marseille Saint Charles', 'price': '€ 116', 'score': 'Avec une note de 8,0 8,0 Très bien 14 856 expériences vécues'}, {'name': 'Residhotel Le Grand Prado', 'price': '€ 214', 'score': 'Avec une note de 7,2 7,2 Bien 4 034 expériences vécues'}, {'name': 'easyHotel Marseille Euromed', 'price': '€ 95', 'score': 'Avec une note de 8,2 8,2 Très bien 2 683 expériences vécues'}, {'name': 'Maisons du Monde Hôtel & Suites - Marseille Vieux Port', 'price': '€ 334', 'score': 'Avec une note de 8,7 8,7 Superbe 1 881 expériences vécues'}, {'name': 'Hôtel Faculté', 'price': '€ 74', 'score': 'Avec une note de 6,9 6,9 Note 99 expériences vécues'}, {'name': 'hôtel des reformés', 'price': '€ 76', 'score': 'Avec une note de 7,6 7,6 Bien 240 expériences vécues'}, {'name': ""ibis budget Marseille L'Estaque"", 'price': '€ 104', 'score': 'Avec une note de 7,2 7,2 Bien 787 expériences vécues'}, {'name': 'ibis Marseille Timone', 'price': '€ 111', 'score': 'Avec une note de 7,8 7,8 Bien 1 162 expériences vécues'}]"
Mirepoix,85533772,43.7458333,0.6719444,stations,10000,1787845765,7200,6432068,Preignan,200,0.6719,43.7458,29.1,36.1,29.1,30.56,1007,95,1007,988,6.35,316,100,2.0,2017787.0,FR,1787807708,1787856186,4.71,,804,Clouds,overcast clouds,04d,"[{'name': 'Logis Hôtel restaurant Les Minotiers', 'price': '€ 91', 'score': 'Avec une note de 8,6 8,6 Superbe 600 expériences vécues'}, {'name': 'Hôtel Le Commerce', 'price': '€ 82', 'score': 'Avec une note de 7,7 7,7 Bien 403 expériences vécues'}, {'name': 'Oustal de Papé le calme au cœur de Mirepoix', 'price': '€ 95', 'score': 'Avec une note de 9,2 9,2 Fabuleux 22 expériences vécues'}, {'name': 'Domaine de Grave', 'price': '€ 146', 'score': 'Avec une note de 9,5 9,5 Exceptionnel 16 expériences vécues'}, {'name': 'Manoir et Appartements avec piscine au Domaine de Bize Mirepoix', 'price': '€ 144', 'score': 'Avec une note de 9,7 9,7 Exceptionnel 56 expériences vécues'}, {'name': 'Magnifique appartement plein centre, calme, Netflix', 'price': '€ 114', 'score': 'Avec une note de 8,5 8,5 Très bien 69 expériences vécues'}, {'name': 'Boutiquezimmer Duchesse', 'price': '€ 120', 'score': 'Avec une note de 9,9 9,9 Exceptionnel 10 expériences vécues'}, {'name': 'Residence La Borde', 'price': '€ 146', 'score': 'Avec une note de 8,5 8,5 Très bien 26 expériences vécues'}, {'name': 'Terres de Barréjat', 'price': '€ 93', 'score': 'Avec une note de 9,1 9,1 Fabuleux 63 expériences vécues'}, {'name': 'B&B Château de Fajac la Selve', 'price': '€ 120', 'score': 'Avec une note de 8,9 8,9 Superbe 193 expériences vécues'}, {'name': 'Les lits de Montbel BB', 'price': '€ 97', 'score': 'Avec une note de 9,2 9,2 Fabuleux 19 expériences vécues'}, {'name': 'Camping LA SERRE', 'price': '€ 115', 'score': 'Avec une note de 9,1 9,1 Fabuleux 69 expériences vécues'}, {'name': 'Gîte du Mercadal Les Pujols', 'price': '€ 143', 'score': 'Avec une note de 9,3 9,3 Fabuleux 49 expériences vécues'}, {'name': ""Suite Santorin - La grèce au coeur de l'Ariège"", 'price': '€ 155', 'score': None}, {'name': 'Maison Tranquil', 'price': '€ 2 320', 'score': 'Avec une note de 10 10 Exceptionnel 2 expériences vécues'}, {'name': 'Hôtel Premiere Classe Pamiers', 'price': '€ 49', 'score': 'Avec une note de 7,5 7,5 Bien 987 expériences vécues'}, {'name': 'Hôtel De France', 'price': '€ 82', 'score': 'Avec une note de 8,1 8,1 Très bien 141 expériences vécues'}, {'name': 'La Ferme de Bellune', 'price': '€ 75', 'score': 'Avec une note de 8,9 8,9 Superbe 132 expériences vécues'}, {'name': 'Appartement 2 chambres avec baignoire Lavelanet', 'price': '€ 164', 'score': 'Avec une note de 7,8 7,8 Bien 34 expériences vécues'}, {'name': 'Joli hébergement indépendant', 'price': '€ 80', 'score': 'Avec une note de 10 10 Exceptionnel 1 expérience vécue'}, {'name': 'Mobilhome Ferme équestre La Mouillère', 'price': '€ 73', 'score': 'Avec une note de 8,1 8,1 Très bien 14 expériences vécues'}, {'name': 'Les chambres de Sophie', 'price': '€ 65', 'score': 'Avec une note de 8,2 8,2 Très bien 92 expériences vécues'}, {'name': 'Au Château de Villelongue BB', 'price': '€ 91', 'score': 'Avec une note de 9,4 9,4 Fabuleux 82 expériences vécues'}, {'name': ""L'écrin vert"", 'price': '€ 75', 'score': 'Avec une note de 10 10 Exceptionnel 13 expériences vécues'}, {'name': 'Ferme Bordeneuve', 'price': '€ 71', 'score': 'Avec une note de 9,4 9,4 Fabuleux 55 expériences vécues'}]"
Mont Saint-Michel,119406788,48.6906803,5.8826485,stations,10000,1787845767,7200,2972350,Toul,200,5.8826,48.6907,27.64,28.39,27.44,29.06,1009,54,1009,977,4.63,180,100,1.0,6589.0,FR,1787805977,1787855417,,,804,Clouds,overcast clouds,04d,"[{'name': 'Le Relais Saint Michel', 'price': '€ 463', 'score': 'Avec une note de 8,1 8,1 Très bien 3 878 expériences vécues'}, {'name': 'Hotel Gabriel', 'price': '€ 249', 'score': 'Avec une note de 8,1 8,1 Très bien 2 421 expériences vécues'}, {'name': 'Le Saint Aubert', 'price': '€ 179', 'score': 'Avec une note de 7,4 7,4 Bien 2 487 expériences vécues'}, {'name': 'Hotel Rose', 'price': '€ 137', 'score': 'Avec une note de 8,4 8,4 Très bien 1 785 expériences vécues'}, {'name': 'La Jacotière', 'price': '€ 190', 'score': 'Avec une note de 9,2 9,2 Fabuleux 376 expériences vécues'}, {'name': 'Roulotte au pied du Mont Saint Michel', 'price': '€ 88', 'score': 'Avec une note de 9,1 9,1 Fabuleux 108 expériences vécues'}, {'name': 'Mon Saint Michel', 'price': '€ 172', 'score': 'Avec une note de 8,4 8,4 Très bien 521 expériences vécues'}, {'name': 'La Villa du Manoir', 'price': '€ 269', 'score': 'Avec une note de 9,8 9,8 Exceptionnel 6 expériences vécues'}, {'name': 'Horizon du Mont 15 personnes', 'price': '€ 499', 'score': 'Avec une note de 9,7 9,7 Exceptionnel 10 expériences vécues'}, {'name': 'Ermitage - Mont-Saint-Michel', 'price': '€ 865', 'score': 'Avec une note de 8,7 8,7 Superbe 152 expériences vécues'}, {'name': 'Ibis Budget Pontorson Baie Du Mont Saint Michel', 'price': '€ 102', 'score': 'Avec une note de 8,3 8,3 Très bien 655 expériences vécues'}, {'name': 'ibis Pontorson Baie Du Mont Saint Michel', 'price': '€ 138', 'score': 'Avec une note de 7,9 7,9 Bien 2 906 expériences vécues'}, {'name': 'Hotel De France', 'price': '€ 92', 'score': 'Avec une note de 7,5 7,5 Bien 728 expériences vécues'}, {'name': 'au petit quinquin', 'price': '€ 85', 'score': 'Avec une note de 7,9 7,9 Bien 468 expériences vécues'}, {'name': 'Hôtel Ariane & SPA', 'price': '€ 112', 'score': 'Avec une note de 7,7 7,7 Bien 1 372 expériences vécues'}, {'name': 'Le Repère du Gerfaut - Sur la route du Mont-St-Michel', 'price': '€ 132', 'score': 'Avec une note de 9,0 9,0 Fabuleux 49 expériences vécues'}, {'name': 'Hôtel Victor Hugo', 'price': '€ 146', 'score': 'Avec une note de 8,7 8,7 Superbe 532 expériences vécues'}, {'name': ""L'Aurore de la Baie, vue sur le Mont-Saint-Michel"", 'price': '€ 189', 'score': 'Avec une note de 9,8 9,8 Exceptionnel 531 expériences vécues'}, {'name': ""Parenthèse à la Maison de l'Ecrivain entre nature et petit déjeuner festin"", 'price': '€ 163', 'score': 'Avec une note de 9,1 9,1 Fabuleux 50 expériences vécues'}, {'name': 'La Cabane de Tyto Alba - Sur la route du Mont-St-Michel', 'price': '€ 134', 'score': 'Avec une note de 9,2 9,2 Fabuleux 23 expériences vécues'}, {'name': 'Chambres de Villée', 'price': '€ 141', 'score': 'Avec une note de 9,2 9,2 Fabuleux 318 expériences vécues'}, {'name': 'Flor du Mont Gîte', 'price': '€ 134', 'score': 'Avec une note de 9,2 9,2 Fabuleux 515 expériences vécues'}, {'name': ""B&B Clerval - Maison d'hôtes et Gîtes"", 'price': '€ 204', 'score': 'Avec une note de 9,4 9,4 Fabuleux 74 expériences vécues'}, {'name': 'Le Cocon de la Baie', 'price': '€ 92', 'score': 'Avec une note de 7,0 7,0 Bien 37 expériences vécues'}, {'name': 'Manoir de la Roche Torin, The Originals Relais', 'price': '€ 141', 'score': 'Avec une note de 7,8 7,8 Bien 496 expériences vécues'}]"
Montauban,86590925,44.0175835,1.3549991,stations,10000,1787845409,7200,2993002,Montauban,200,1.355,44.0176,31.51,31.59,31.51,31.51,1006,40,1006,994,4.83,301,100,,,FR,1787807520,1787856046,4.69,,804,Clouds,overcast clouds,04d,"[{'name': 'Unisotel Montauban EX F1', 'price': '€ 35', 'score': 'Avec une note de 6,8 6,8 Note 1 544 expériences vécues'}, {'name': 'Premiere Classe Montauban', 'price': '€ 43', 'score': 'Avec une note de 5,9 5,9 Note 2 125 expériences vécues'}, {'name': 'ibis Montauban', 'price': '€ 88', 'score': 'Avec une note de 8,3 8,3 Très bien 863 expériences vécues'}, {'name': 'ibis budget Montauban Les Chaumes', 'price': '€ 70', 'score': 'Avec une note de 7,9 7,9 Bien 843 expériences vécues'}, {'name': 'Abbaye des Capucins Spa & Resort', 'price': '€ 110', 'score': 'Avec une note de 8,4 8,4 Très bien 2 213 expériences vécues'}, {'name': 'Kyriad Montauban Sud - Albasud', 'price': '€ 56', 'score': 'Avec une note de 7,0 7,0 Bien 1 051 expériences vécues'}, {'name': 'Hôtel Mercure Montauban', 'price': '€ 118', 'score': 'Avec une note de 9,1 9,1 Fabuleux 204 expériences vécues'}, {'name': 'La Terrasse Bohème I T3 climatisé, Centre-ville', 'price': '€ 153', 'score': None}, {'name': 'Brit Hotel Confort Montauban', 'price': '€ 95', 'score': 'Avec une note de 8,5 8,5 Très bien 1 367 expériences vécues'}, {'name': 'ibis Styles Montauban', 'price': '€ 132', 'score': 'Avec une note de 8,5 8,5 Très bien 536 expériences vécues'}, {'name': 'B&B HOTEL Montauban', 'price': '€ 66', 'score': 'Avec une note de 7,8 7,8 Bien 1 080 expériences vécues'}, {'name': 'Les Logis du Port Suites & Spa - Climatisation -Port Canal Montauban', 'price': '€ 98', 'score': 'Avec une note de 9,2 9,2 Fabuleux 86 expériences vécues'}, {'name': 'Manoir de La Gravette Authentic French Manor Experience', 'price': '€ 163', 'score': 'Avec une note de 9,5 9,5 Exceptionnel 281 expériences vécues'}, {'name': 'Studio plein Sud au calme', 'price': '€ 61', 'score': 'Avec une note de 9,1 9,1 Fabuleux 208 expériences vécues'}, {'name': 'Chalet contemporain ( chalet 2)', 'price': '€ 64', 'score': 'Avec une note de 8,6 8,6 Superbe 232 expériences vécues'}, {'name': 'Les Voutes de Villebourbon', 'price': '€ 88', 'score': 'Avec une note de 9,1 9,1 Fabuleux 196 expériences vécues'}, {'name': ""Castel Bois Marie, Maison d'hôtes"", 'price': '€ 131', 'score': 'Avec une note de 9,0 9,0 Fabuleux 710 expériences vécues'}, {'name': 'T1 Duplex Cosy - Notre-Dame - Netflix', 'price': '€ 86', 'score': 'Avec une note de 7,4 7,4 Bien 26 expériences vécues'}, {'name': 'Villa de cammas', 'price': '€ 87', 'score': 'Avec une note de 9,6 9,6 Exceptionnel 150 expériences vécues'}, {'name': 'T3 Dupleix - Hypercentre - Climatisation - Calme', 'price': '€ 126', 'score': 'Avec une note de 9,4 9,4 Fabuleux 9 expériences vécues'}, {'name': 'Le séjour Montalbanais - AIR CONDITIONING', 'price': '€ 104', 'score': 'Avec une note de 9,0 9,0 Fabuleux 2 expériences vécues'}, {'name': ""L'Evasion - Place Nationale - Netflix"", 'price': '€ 70', 'score': 'Avec une note de 7,9 7,9 Bien 9 expériences vécues'}, {'name': 'Les Loges de Montauban', 'price': '€ 115', 'score': 'Avec une note de 8,5 8,5 Très bien 179 expériences vécues'}, {'name': 'Confort et Charme - Centre ville - Idéal Pro et Famille', 'price': '€ 131', 'score': 'Avec une note de 8,9 8,9 Superbe 15 expériences vécues'}, {'name': 'Le Cours Foucault - 5 appartements - 12 couchages', 'price': '€ 87', 'score': 'Avec une note de 7,9 7,9 Bien 66 expériences vécues'}]"
Montségur,84635783,42.8707548,1.8337452,stations,10000,1787845772,7200,3005712,Lavelanet,200,1.8337,42.8708,28.7,29.75,27.98,28.7,1009,54,1009,901,2.17,249,52,2.0,2001435.0,FR,1787807505,1787855832,14.35,,803,Clouds,broken clouds,04d,"[{'name': 'Maison SItta', 'price': '€ 62', 'score': 'Avec une note de 9,5 9,5 Exceptionnel 4 expériences vécues'}, {'name': 'Les Contes', 'price': '€ 90', 'score': 'Avec une note de 8,1 8,1 Très bien 175 expériences vécues'}, {'name': 'Palais Cathare', 'price': '€ 83', 'score': 'Avec une note de 9,2 9,2 Fabuleux 208 expériences vécues'}, {'name': 'Appartement 2 chambres avec baignoire Lavelanet', 'price': '€ 164', 'score': 'Avec une note de 7,8 7,8 Bien 34 expériences vécues'}, {'name': 'Joli hébergement indépendant', 'price': '€ 80', 'score': 'Avec une note de 10 10 Exceptionnel 1 expérience vécue'}, {'name': 'Hotel Bayle', 'price': '€ 86', 'score': 'Avec une note de 8,1 8,1 Très bien 235 expériences vécues'}, {'name': 'Camping LA SERRE', 'price': '€ 115', 'score': 'Avec une note de 9,1 9,1 Fabuleux 69 expériences vécues'}, {'name': 'Résidence Natura', 'price': '€ 72', 'score': 'Avec une note de 6,8 6,8 Note 491 expériences vécues'}, {'name': 'Logis Hôtel Restaurant de la Poste', 'price': '€ 79', 'score': 'Avec une note de 7,5 7,5 Bien 528 expériences vécues'}, {'name': 'Hôtel Confort 09 ou HC-09', 'price': '€ 69', 'score': 'Avec une note de 8,5 8,5 Très bien 749 expériences vécues'}, {'name': 'Hôtel Terranostra', 'price': '€ 114', 'score': 'Avec une note de 8,4 8,4 Très bien 418 expériences vécues'}, {'name': ""Le P'tit Montagnard"", 'price': '€ 77', 'score': 'Avec une note de 8,4 8,4 Très bien 53 expériences vécues'}, {'name': 'Résidence Le Grand Tétras- SPA THERMAL INCLUS', 'price': '€ 171', 'score': 'Avec une note de 8,3 8,3 Très bien 1 057 expériences vécues'}, {'name': ""Le Manoir d'Agnès Logis hôtel restaurant"", 'price': '€ 112', 'score': 'Avec une note de 8,8 8,8 Superbe 407 expériences vécues'}, {'name': 'La Marmotte T2 hyper centre WIFI Draps serviettes et ménage inclus', 'price': '€ 99', 'score': 'Avec une note de 7,1 7,1 Bien 35 expériences vécues'}, {'name': ""Les Granges d'Ignaux"", 'price': '€ 120', 'score': 'Avec une note de 8,7 8,7 Superbe 226 expériences vécues'}, {'name': 'Hôtel De France', 'price': '€ 82', 'score': 'Avec une note de 8,1 8,1 Très bien 141 expériences vécues'}, {'name': 'Studio Cosy Ax-les-Thermes Centre', 'price': '€ 57', 'score': 'Avec une note de 7,3 7,3 Bien 9 expériences vécues'}, {'name': 'Gite et camping Ascou La Forge', 'price': '€ 62', 'score': 'Avec une note de 7,3 7,3 Bien 225 expériences vécues'}, {'name': 'Le Terminus', 'price': '€ 80', 'score': 'Avec une note de 6,8 6,8 Note 35 expériences vécues'}, {'name': 'Hôtel Le Bellevue', 'price': '€ 88', 'score': 'Avec une note de 8,1 8,1 Très bien 347 expériences vécues'}, {'name': 'Mercure Ax Les Thermes', 'price': '€ 173', 'score': 'Avec une note de 9,0 9,0 Fabuleux 441 expériences vécues'}, {'name': 'Appartement idéalement situé Ax-les-thermes', 'price': '€ 105', 'score': 'Avec une note de 8,9 8,9 Superbe 107 expériences vécues'}, {'name': 'Les chambres de Sophie', 'price': '€ 65', 'score': 'Avec une note de 8,2 8,2 Très bien 92 expériences vécues'}, {'name': 'Les lits de Montbel BB', 'price': '€ 97', 'score': 'Avec une note de 9,2 9,2 Fabuleux 19 expériences vécues'}]"
Moustiers-Sainte-Marie,81639300,43.8460089,6.2217604,stations,10000,1787845774,7200,2996533,Majastres,200,6.2218,43.846,26.14,26.14,26.14,26.14,1015,58,1015,920,3.62,144,100,,,FR,1787806366,1787854865,5.74,,804,Clouds,overcast clouds,04d,"[{'name': 'La Bastide du Paradou', 'price': '€ 185', 'score': 'Avec une note de 8,9 8,9 Superbe 488 expériences vécues'}, {'name': 'Hôtel Le Colombier', 'price': '€ 174', 'score': 'Avec une note de 9,4 9,4 Fabuleux 552 expériences vécues'}, {'name': 'Le Jas Du Colombier', 'price': '€ 172', 'score': 'Avec une note de 8,9 8,9 Superbe 410 expériences vécues'}, {'name': 'La Ferme du petit Ségriès Bed and Breakfast', 'price': '€ 93', 'score': 'Avec une note de 8,9 8,9 Superbe 160 expériences vécues'}, {'name': 'Hôtel Particulier des Lumières', 'price': '€ 184', 'score': 'Avec une note de 7,5 7,5 Bien 209 expériences vécues'}, {'name': 'Mymoustiers', 'price': '€ 169', 'score': 'Avec une note de 8,0 8,0 Très bien 163 expériences vécues'}, {'name': 'Annexe Bastide du Paradou', 'price': '€ 185', 'score': 'Avec une note de 8,7 8,7 Superbe 11 expériences vécues'}, {'name': 'Hotel Restaurant Le Verdon', 'price': '€ 154', 'score': 'Avec une note de 7,1 7,1 Bien 81 expériences vécues'}, {'name': 'Le Romulus', 'price': '€ 111', 'score': 'Avec une note de 8,9 8,9 Superbe 284 expériences vécues'}, {'name': 'Verdon Appartement Notre ""Chez Vous""', 'price': '€ 185', 'score': 'Avec une note de 8,8 8,8 Superbe 198 expériences vécues'}, {'name': 'Portes du Verdon', 'price': '€ 116', 'score': 'Avec une note de 9,1 9,1 Fabuleux 42 expériences vécues'}, {'name': 'Le 10 18 hôtel restaurant', 'price': '€ 105', 'score': 'Avec une note de 8,0 8,0 Très bien 477 expériences vécues'}, {'name': 'Hotel Les Cavalets', 'price': '€ 142', 'score': 'Avec une note de 8,3 8,3 Très bien 1 125 expériences vécues'}, {'name': 'Les 2 grives - auberge restaurant', 'price': '€ 96', 'score': 'Avec une note de 8,7 8,7 Superbe 376 expériences vécues'}, {'name': ""Le Cocon d'Estoublon"", 'price': '€ 169', 'score': 'Avec une note de 9,0 9,0 Fabuleux 2 expériences vécues'}, {'name': 'Hôtel le Panoramic - Gorges du Verdon', 'price': '€ 117', 'score': 'Avec une note de 8,6 8,6 Superbe 589 expériences vécues'}, {'name': 'Hotel Grand Canyon du Verdon', 'price': '€ 137', 'score': 'Avec une note de 8,1 8,1 Très bien 376 expériences vécues'}, {'name': 'Le Jasmin', 'price': '€ 82', 'score': 'Avec une note de 9,3 9,3 Fabuleux 577 expériences vécues'}, {'name': 'Hostel du Canyon', 'price': '€ 78', 'score': 'Avec une note de 8,6 8,6 Superbe 250 expériences vécues'}, {'name': 'Hotel Le Provence - Restaurant Le Styx', 'price': '€ 288', 'score': 'Avec une note de 8,8 8,8 Superbe 444 expériences vécues'}, {'name': 'Maison Romana', 'price': '€ 87', 'score': 'Avec une note de 8,7 8,7 Superbe 101 expériences vécues'}, {'name': 'Hotel & Spa des Gorges du Verdon', 'price': '€ 293', 'score': 'Avec une note de 8,4 8,4 Très bien 213 expériences vécues'}, {'name': '-Le Toit Terrasse -', 'price': '€ 154', 'score': 'Avec une note de 8,9 8,9 Superbe 56 expériences vécues'}, {'name': 'Vous viendrez vivre ici , 3 pièces châtaignier garage à moto', 'price': '€ 172', 'score': 'Avec une note de 8,8 8,8 Superbe 57 expériences vécues'}, {'name': 'Le charme sous les toits classé 3 étoiles', 'price': '€ 242', 'score': 'Avec une note de 7,4 7,4 Bien 19 expériences vécues'}]"
Niaux,84261557,42.8093089,1.5911122,stations,10000,1787845776,7200,3018172,Arrondissement de Foix,200,1.5911,42.8093,30.23,33.28,28.19,30.23,1010,60,1010,861,4.11,218,43,2.0,2092354.0,FR,1787807569,1787855885,19.68,,802,Clouds,scattered clouds,03d,"[{'name': ""Le Manoir d'Agnès Logis hôtel restaurant"", 'price': '€ 112', 'score': 'Avec une note de 8,8 8,8 Superbe 407 expériences vécues'}, {'name': 'Hôtel Confort 09 ou HC-09', 'price': '€ 69', 'score': 'Avec une note de 8,5 8,5 Très bien 749 expériences vécues'}, {'name': 'Logis Hôtel Restaurant de la Poste', 'price': '€ 79', 'score': 'Avec une note de 7,5 7,5 Bien 528 expériences vécues'}, {'name': 'Hôtel Le Bellevue', 'price': '€ 88', 'score': 'Avec une note de 8,1 8,1 Très bien 347 expériences vécues'}, {'name': 'Hôtel Terranostra', 'price': '€ 114', 'score': 'Avec une note de 8,4 8,4 Très bien 418 expériences vécues'}, {'name': ""Grand gîte au coeur d'un charmant village"", 'price': '€ 307', 'score': 'Avec une note de 9,0 9,0 Fabuleux 26 expériences vécues'}, {'name': 'Eau Berges - Chez Mamie', 'price': '€ 98', 'score': 'Avec une note de 9,4 9,4 Fabuleux 33 expériences vécues'}, {'name': 'Eau Berges', 'price': '€ 172', 'score': 'Avec une note de 6,5 6,5 Note 13 expériences vécues'}, {'name': 'Chateau de Gudanes', 'price': '€ 235', 'score': 'Avec une note de 10 10 Exceptionnel 5 expériences vécues'}, {'name': 'Les Bordes De Paloumières', 'price': '€ 130', 'score': 'Avec une note de 8,1 8,1 Très bien 60 expériences vécues'}, {'name': 'En pleine montagne', 'price': '€ 116', 'score': 'Avec une note de 6,4 6,4 Note 41 expériences vécues'}, {'name': ""Maison L'Orriégeoise"", 'price': '€ 89', 'score': 'Avec une note de 7,8 7,8 Bien 24 expériences vécues'}, {'name': ""Le Clos Cathala Chambres d'Hôtes"", 'price': '€ 304', 'score': 'Avec une note de 9,1 9,1 Fabuleux 81 expériences vécues'}, {'name': 'Hôtel Le Lons', 'price': '€ 121', 'score': 'Avec une note de 8,3 8,3 Très bien 841 expériences vécues'}, {'name': '3 pièces au rez de chaussée centre historique, calme, vue sur le jardin', 'price': '€ 123', 'score': 'Avec une note de 8,4 8,4 Très bien 28 expériences vécues'}, {'name': 'Village vacances de Marc', 'price': '€ 81', 'score': 'Avec une note de 8,3 8,3 Très bien 56 expériences vécues'}, {'name': '3 pièces spacieux plein centre, parking,clim, terrasse, jardin', 'price': '€ 158', 'score': 'Avec une note de 9,3 9,3 Fabuleux 43 expériences vécues'}, {'name': 'Un second souffle', 'price': '€ 119', 'score': 'Avec une note de 9,0 9,0 Fabuleux 141 expériences vécues'}, {'name': 'Maison SItta', 'price': '€ 62', 'score': 'Avec une note de 9,5 9,5 Exceptionnel 4 expériences vécues'}, {'name': 'La Petite Fuxéenne', 'price': '€ 127', 'score': 'Avec une note de 8,0 8,0 Très bien 52 expériences vécues'}, {'name': 'Refuge des étangs de Bassiès', 'price': '€ 146', 'score': 'Avec une note de 8,4 8,4 Très bien 30 expériences vécues'}, {'name': 'Appartement cosy centre ville', 'price': '€ 98', 'score': 'Avec une note de 7,1 7,1 Bien 22 expériences vécues'}, {'name': 'La Fenêtre Saint-Volusien - Vue directe - Charme ancien - Centre historique', 'price': '€ 96', 'score': 'Avec une note de 8,8 8,8 Superbe 91 expériences vécues'}, {'name': 'La Maison-frite, pour un séjour insolite à Foix !', 'price': '€ 112', 'score': 'Avec une note de 7,3 7,3 Bien 42 expériences vécues'}, {'name': 'Studio cosy rez-de-chaussée', 'price': '€ 84', 'score': 'Avec une note de 8,3 8,3 Très bien 67 expériences vécues'}]"
Nîmes,83331461,43.8374249,4.3600687,stations,10000,1787845638,7200,2990363,Nîmes,200,4.3601,43.8374,30.22,35.58,30.22,30.22,1011,70,1011,1003,11.83,150,80,1.0,6599.0,FR,1787806814,1787855310,,,803,Clouds,broken clouds,04d,"[{'name': 'hotelF1 Nîmes Ouest', 'price': '€ 49', 'score': 'Avec une note de 7,2 7,2 Bien 2 525 expériences vécues'}, {'name': 'ibis budget Nimes Centre Gare', 'price': '€ 64', 'score': 'Avec une note de 8,2 8,2 Très bien 2 939 expériences vécues'}, {'name': 'ibis Nîmes Ouest - A9', 'price': '€ 97', 'score': 'Avec une note de 8,2 8,2 Très bien 2 106 expériences vécues'}, {'name': 'Campanile PRIME - Nîmes Centre', 'price': '€ 82', 'score': 'Avec une note de 8,2 8,2 Très bien 2 087 expériences vécues'}, {'name': 'Comfort Aparthotel Nimes Centre', 'price': '€ 65', 'score': 'Avec une note de 8,0 8,0 Très bien 3 091 expériences vécues'}, {'name': 'B&B HOTEL Nîmes Centre Arènes', 'price': '€ 65', 'score': 'Avec une note de 8,3 8,3 Très bien 3 527 expériences vécues'}, {'name': 'Novotel Atria Nimes Centre', 'price': '€ 130', 'score': 'Avec une note de 8,5 8,5 Très bien 349 expériences vécues'}, {'name': 'B&B HOTEL Nîmes Ville Active 3 étoiles', 'price': '€ 84', 'score': 'Avec une note de 7,7 7,7 Bien 1 630 expériences vécues'}, {'name': ""Appart'City Collection Nîmes Arènes"", 'price': '€ 114', 'score': 'Avec une note de 8,9 8,9 Superbe 3 011 expériences vécues'}, {'name': 'Logis Hotel NIMOTEL', 'price': '€ 89', 'score': 'Avec une note de 7,7 7,7 Bien 3 877 expériences vécues'}, {'name': 'SQUARE HOTEL', 'price': '€ 78', 'score': 'Avec une note de 8,6 8,6 Superbe 2 502 expériences vécues'}, {'name': 'Brit Hotel Confort Nîmes Ouest - A9 sortie 25', 'price': '€ 60', 'score': 'Avec une note de 7,7 7,7 Bien 2 100 expériences vécues'}, {'name': 'HÔTEL C SUITES chambres spacieuses', 'price': '€ 107', 'score': 'Avec une note de 7,7 7,7 Bien 2 765 expériences vécues'}, {'name': 'Maison Albar Hotels L’Imperator', 'price': '€ 309', 'score': 'Avec une note de 9,1 9,1 Fabuleux 1 545 expériences vécues'}, {'name': 'The Originals City, Hôtel Nîmes Costières', 'price': '€ 60', 'score': 'Avec une note de 7,1 7,1 Bien 672 expériences vécues'}, {'name': ""Best Western L'Orangerie"", 'price': '€ 108', 'score': 'Avec une note de 7,9 7,9 Bien 1 475 expériences vécues'}, {'name': 'ibis Styles Nimes Gare Centre', 'price': '€ 105', 'score': 'Avec une note de 8,3 8,3 Très bien 1 204 expériences vécues'}, {'name': 'Hotel Majestic', 'price': '€ 108', 'score': 'Avec une note de 8,6 8,6 Superbe 1 855 expériences vécues'}, {'name': 'Hôtel & Spa Vatel', 'price': '€ 109', 'score': 'Avec une note de 8,4 8,4 Très bien 1 022 expériences vécues'}, {'name': 'Plazza Hotel', 'price': '€ 68', 'score': 'Avec une note de 7,4 7,4 Bien 1 058 expériences vécues'}, {'name': 'Le Grand Hôtel Dieu by SOWELL COLLECTION', 'price': '€ 165', 'score': 'Avec une note de 8,6 8,6 Superbe 102 expériences vécues'}, {'name': ""Le Clos de la Tour d'Örrianh"", 'price': '€ 146', 'score': None}, {'name': 'La cigale et la fourmi', 'price': '€ 58', 'score': 'Avec une note de 9,0 9,0 Fabuleux 592 expériences vécues'}, {'name': '5 minutes des Arènes, 6 couchages', 'price': '€ 137', 'score': 'Avec une note de 8,1 8,1 Très bien 44 expériences vécues'}, {'name': ""Nî'douillet-P3 Terrasse et climatisé-coeur de ville"", 'price': '€ 150', 'score': 'Avec une note de 9,2 9,2 Fabuleux 60 expériences vécues'}]"
Orschwiller,121168612,48.2422436,7.3799809,stations,10000,1787845780,7200,6441605,Saint-Hippolyte,200,7.38,48.2422,31.54,31.63,30.57,31.54,1010,40,1010,973,1.03,0,99,1.0,6482.0,FR,1787805665,1787855010,,,804,Clouds,overcast clouds,04d,"[{'name': 'Au Fief du Château', 'price': '€ 84', 'score': 'Avec une note de 9,2 9,2 Fabuleux 399 expériences vécues'}, {'name': 'Logis Hotel Le Parc & Spa', 'price': '€ 204', 'score': 'Avec une note de 8,8 8,8 Superbe 1 637 expériences vécues'}, {'name': 'Hôtel Val-Vignes Colmar Haut-Koenigsbourg, The Originals Relais', 'price': '€ 122', 'score': 'Avec une note de 8,5 8,5 Très bien 1 823 expériences vécues'}, {'name': 'Hotel Restaurant Au Parc des Cigognes', 'price': '€ 100', 'score': 'Avec une note de 8,6 8,6 Superbe 1 138 expériences vécues'}, {'name': 'B&B HOTEL Sélestat Centre-Alsace', 'price': '€ 88', 'score': 'Avec une note de 8,5 8,5 Très bien 1 832 expériences vécues'}, {'name': 'Ibis Budget Sélestat', 'price': '€ 74', 'score': 'Avec une note de 7,9 7,9 Bien 2 116 expériences vécues'}, {'name': 'Hôtel Pêche de Vigne Restaurant & Spa', 'price': '€ 254', 'score': 'Avec une note de 9,3 9,3 Fabuleux 474 expériences vécues'}, {'name': 'Hotel Cigoland', 'price': '€ 121', 'score': 'Avec une note de 8,8 8,8 Superbe 592 expériences vécues'}, {'name': 'Best Western Plus Hotel Restaurant Les Humanistes proche Route des Vins', 'price': '€ 132', 'score': 'Avec une note de 8,5 8,5 Très bien 1 061 expériences vécues'}, {'name': 'Hotel Restaurant Dontenville', 'price': '€ 87', 'score': 'Avec une note de 8,5 8,5 Très bien 971 expériences vécues'}, {'name': ""Maison d'Hôtes Le Cep d'Or Alsace"", 'price': '€ 94', 'score': 'Avec une note de 9,6 9,6 Exceptionnel 222 expériences vécues'}, {'name': 'Auberge Le Meisenberg', 'price': '€ 146', 'score': 'Avec une note de 9,1 9,1 Fabuleux 550 expériences vécues'}, {'name': 'Hotel Munsch Restaurant & Wellness, Colmar Nord - Haut-Koenigsbourg', 'price': '€ 174', 'score': 'Avec une note de 7,4 7,4 Bien 542 expériences vécues'}, {'name': 'La Maison de juliette', 'price': '€ 86', 'score': 'Avec une note de 8,2 8,2 Très bien 335 expériences vécues'}, {'name': 'Appartements Le Hupsa Pfannala', 'price': '€ 180', 'score': 'Avec une note de 8,5 8,5 Très bien 61 expériences vécues'}, {'name': 'Hôtel A la Vignette - COLMAR-NORD', 'price': '€ 146', 'score': 'Avec une note de 7,6 7,6 Bien 302 expériences vécues'}, {'name': 'Chez Max Alsace', 'price': '€ 105', 'score': 'Avec une note de 8,8 8,8 Superbe 45 expériences vécues'}, {'name': 'Loft le nid de cigogne', 'price': '€ 126', 'score': 'Avec une note de 8,7 8,7 Superbe 37 expériences vécues'}, {'name': ""Piscine, Jardin, Fibre & Netflix au cœur d'Alsace"", 'price': '€ 251', 'score': None}, {'name': 'Appartement Sélestat', 'price': '€ 109', 'score': 'Avec une note de 9,6 9,6 Exceptionnel 27 expériences vécues'}, {'name': 'Le Nid du Haut-Koenigsbourg', 'price': '€ 323', 'score': None}, {'name': 'Logis Hôtel de la Tour', 'price': '€ 115', 'score': 'Avec une note de 8,7 8,7 Superbe 1 361 expériences vécues'}, {'name': 'La ferme des Colieuvres', 'price': '€ 139', 'score': 'Avec une note de 8,9 8,9 Superbe 103 expériences vécues'}, {'name': 'Mirabelle Bed & Breakfast', 'price': '€ 137', 'score': 'Avec une note de 9,4 9,4 Fabuleux 648 expériences vécues'}, {'name': 'Hôtel du Haut Koenigsbourg- entre vignes et château', 'price': '€ 95', 'score': 'Avec une note de 9,3 9,3 Fabuleux 760 expériences vécues'}]"
Paris,98127969,48.8588897,2.320041,stations,10000,1787845473,7200,6545270,Palais-Royal,200,2.3174,48.861,26.12,26.12,25.49,26.99,1008,61,1008,998,5.66,330,100,5.0,50014439.0,FR,1787806815,1787856289,,,804,Clouds,overcast clouds,04d,"[{'name': 'Hotel Trianon Rive Gauche', 'price': '€ 248', 'score': 'Avec une note de 8,3 8,3 Très bien 3 635 expériences vécues'}, {'name': 'Hilton Paris Opera', 'price': '€ 316', 'score': 'Avec une note de 7,5 7,5 Bien 667 expériences vécues'}, {'name': 'Mercure Tour Eiffel Grenelle', 'price': '€ 217', 'score': 'Avec une note de 8,2 8,2 Très bien 1 082 expériences vécues'}, {'name': 'Le Littré', 'price': '€ 256', 'score': 'Avec une note de 6,9 6,9 Note 1 630 expériences vécues'}, {'name': 'Hôtel Botaniste', 'price': '€ 177', 'score': 'Avec une note de 8,6 8,6 Superbe 953 expériences vécues'}, {'name': 'Hilton Garden Inn Paris La Villette', 'price': '€ 171', 'score': 'Avec une note de 8,4 8,4 Très bien 863 expériences vécues'}, {'name': 'HotelF1 Paris Saint Ouen Marché Aux Puces', 'price': '€ 52', 'score': 'Avec une note de 6,0 6,0 Note 17 017 expériences vécues'}, {'name': 'KAZA BELLa', 'price': '€ 274', 'score': None}, {'name': 'Courtyard by Marriott Paris Gare de Lyon', 'price': '€ 316', 'score': 'Avec une note de 8,3 8,3 Très bien 1 041 expériences vécues'}, {'name': 'Pullman Paris Tour Eiffel', 'price': '€ 486', 'score': 'Avec une note de 8,1 8,1 Très bien 5 077 expériences vécues'}, {'name': 'Campanile Prime Paris 19 - La Villette', 'price': '€ 101', 'score': 'Avec une note de 8,2 8,2 Très bien 6 504 expériences vécues'}, {'name': ""Novotel Paris 14 Porte d'Orléans"", 'price': '€ 160', 'score': 'Avec une note de 8,2 8,2 Très bien 3 990 expériences vécues'}, {'name': 'Bradford Elysées - Astotel', 'price': '€ 190', 'score': 'Avec une note de 9,1 9,1 Fabuleux 1 104 expériences vécues'}, {'name': 'Hotel Novex Paris', 'price': '€ 92', 'score': 'Avec une note de 5,7 5,7 Note 1 141 expériences vécues'}, {'name': 'Mama Shelter Paris East', 'price': '€ 136', 'score': 'Avec une note de 8,5 8,5 Très bien 1 884 expériences vécues'}, {'name': 'voco Paris Montparnasse by IHG', 'price': '€ 211', 'score': 'Avec une note de 8,4 8,4 Très bien 1 883 expériences vécues'}, {'name': 'Aparthotel Adagio Paris Bercy Village', 'price': '€ 226', 'score': 'Avec une note de 8,0 8,0 Très bien 2 261 expériences vécues'}, {'name': 'Hotel Acadia - Astotel', 'price': '€ 126', 'score': 'Avec une note de 9,3 9,3 Fabuleux 986 expériences vécues'}, {'name': 'Hotel Maison FL', 'price': '€ 228', 'score': 'Avec une note de 8,7 8,7 Superbe 484 expériences vécues'}, {'name': 'Crowne Plaza Paris - Republique by IHG', 'price': '€ 236', 'score': 'Avec une note de 8,1 8,1 Très bien 1 347 expériences vécues'}, {'name': 'ibis Paris Bastille Faubourg St Antoine', 'price': '€ 137', 'score': 'Avec une note de 8,6 8,6 Superbe 2 136 expériences vécues'}, {'name': 'Hôtel Central Bastille', 'price': '€ 65', 'score': 'Avec une note de 5,6 5,6 Note 1 144 expériences vécues'}, {'name': 'Hotel Faubourg Galant Paris - Handwritten Collection', 'price': '€ 216', 'score': 'Avec une note de 9,0 9,0 Fabuleux 463 expériences vécues'}, {'name': 'Mercure Paris Opera Garnier Hôtel & Spa', 'price': '€ 247', 'score': 'Avec une note de 8,2 8,2 Très bien 697 expériences vécues'}, {'name': 'Ibis Styles Paris Gare Saint Lazare', 'price': '€ 181', 'score': 'Avec une note de 8,1 8,1 Très bien 1 416 expériences vécues'}]"
Rouen,99438300,49.4404591,1.0939658,stations,10000,1787845574,7200,2982652,Rouen,200,1.094,49.4405,23.56,23.62,22.56,24.14,1009,63,1009,996,2.06,210,98,2.0,2003589.0,FR,1787807046,1787856646,,3.64,501,Rain,moderate rain,10d,"[{'name': 'ibis budget Rouen Centre Rive Gauche', 'price': '€ 83', 'score': 'Avec une note de 8,3 8,3 Très bien 4 523 expériences vécues'}, {'name': 'Hyatt Place Rouen', 'price': '€ 144', 'score': 'Avec une note de 8,6 8,6 Superbe 2 086 expériences vécues'}, {'name': 'Radisson Blu Hotel, Rouen Centre', 'price': '€ 244', 'score': 'Avec une note de 8,9 8,9 Superbe 4 595 expériences vécues'}, {'name': 'B&B HOTEL Rouen Centre', 'price': '€ 58', 'score': 'Avec une note de 6,8 6,8 Note 3 442 expériences vécues'}, {'name': 'ibis Rouen Centre Rive Droite Pasteur', 'price': '€ 113', 'score': 'Avec une note de 8,2 8,2 Très bien 1 568 expériences vécues'}, {'name': 'ibis Rouen Centre Champ de Mars', 'price': '€ 113', 'score': 'Avec une note de 8,2 8,2 Très bien 3 033 expériences vécues'}, {'name': 'Ibis Styles Rouen Centre Rive Gauche', 'price': '€ 124', 'score': 'Avec une note de 8,4 8,4 Très bien 1 487 expériences vécues'}, {'name': 'Ibis Rouen Centre Rive Gauche Mermoz', 'price': '€ 83', 'score': 'Avec une note de 7,7 7,7 Bien 1 640 expériences vécues'}, {'name': 'Mercure Rouen Centre Cathédrale', 'price': '€ 164', 'score': 'Avec une note de 8,5 8,5 Très bien 3 309 expériences vécues'}, {'name': 'KYRIAD ROUEN SUD - Sotteville les Rouen', 'price': '€ 73', 'score': 'Avec une note de 8,0 8,0 Très bien 2 575 expériences vécues'}, {'name': 'Quality Aparthotel Rouen', 'price': '€ 126', 'score': 'Avec une note de 8,7 8,7 Superbe 852 expériences vécues'}, {'name': 'Grand Hôtel De La Seine', 'price': '€ 88', 'score': 'Avec une note de 7,9 7,9 Bien 1 955 expériences vécues'}, {'name': 'Holiday Inn Express Rouen by IHG', 'price': '€ 100', 'score': 'Avec une note de 8,5 8,5 Très bien 1 534 expériences vécues'}, {'name': 'Novotel Suites Rouen Normandie', 'price': '€ 144', 'score': 'Avec une note de 8,5 8,5 Très bien 1 388 expériences vécues'}, {'name': 'Best Western Plus Hotel de Dieppe 1880', 'price': '€ 134', 'score': 'Avec une note de 8,8 8,8 Superbe 875 expériences vécues'}, {'name': ""Les Boréales - Appart'hotel & Restaurant"", 'price': '€ 113', 'score': 'Avec une note de 8,1 8,1 Très bien 958 expériences vécues'}, {'name': 'Hôtel Rouen Alba', 'price': '€ 67', 'score': 'Avec une note de 7,2 7,2 Bien 1 038 expériences vécues'}, {'name': 'Flaubert appartement avec parking idéal au cœur du centre-ville', 'price': '€ 86', 'score': 'Avec une note de 7,3 7,3 Bien 41 expériences vécues'}, {'name': 'VILLA la GLORIETTE', 'price': '€ 171', 'score': 'Avec une note de 9,5 9,5 Exceptionnel 36 expériences vécues'}, {'name': 'Hôtel De La Cathédrale', 'price': '€ 88', 'score': 'Avec une note de 7,8 7,8 Bien 1 965 expériences vécues'}, {'name': ""Hôtel d'Angleterre Rouen Centre Gare"", 'price': '€ 72', 'score': 'Avec une note de 6,5 6,5 Note 756 expériences vécues'}, {'name': 'Aparthotel Adagio Access Rouen Centre Cathédrale', 'price': '€ 118', 'score': 'Avec une note de 8,7 8,7 Superbe 2 195 expériences vécues'}, {'name': 'Mercure Rouen Centre Champ de Mars', 'price': '€ 133', 'score': 'Avec une note de 8,3 8,3 Très bien 1 294 expériences vécues'}, {'name': 'Pucelle Vieux Marché Rouen Centre - Linge & Ménage Inclus', 'price': '€ 111', 'score': 'Avec une note de 7,7 7,7 Bien 24 expériences vécues'}, {'name': 'Ibis Styles Rouen Centre Cathédrale', 'price': '€ 103', 'score': 'Avec une note de 7,6 7,6 Bien 710 expériences vécues'}]"
Saint-Lizier,84167605,43.0025191,1.1354926,stations,10000,1787845787,7200,2978760,Saint-Lizier,200,1.1355,43.0025,30.36,30.8,29.13,30.36,1008,45,1008,930,2.0,244,89,2.0,20300.0,FR,1787807662,1787856010,14.28,,804,Clouds,overcast clouds,04d,"[{'name': ""Chambres d'hôtes St Jacques Adults only"", 'price': '€ 120', 'score': 'Avec une note de 9,7 9,7 Exceptionnel 189 expériences vécues'}, {'name': ""Jardin Bleu - Chambres d'hôtes"", 'price': '€ 103', 'score': 'Avec une note de 9,4 9,4 Fabuleux 436 expériences vécues'}, {'name': 'Les chambres et studios Camping Parc de Paletès', 'price': '€ 66', 'score': 'Avec une note de 6,9 6,9 Note 167 expériences vécues'}, {'name': 'Logis Hôtel restaurant Horizon 117', 'price': '€ 87', 'score': 'Avec une note de 7,1 7,1 Bien 253 expériences vécues'}, {'name': ""Chambres d'Hôtes L'Enclos des Jacobins"", 'price': '€ 117', 'score': 'Avec une note de 8,2 8,2 Très bien 152 expériences vécues'}, {'name': ""Le Jardin de Moulis, Chambres et table d'hôtes, Saint Girons, Ariège, Pyrénées,"", 'price': '€ 144', 'score': 'Avec une note de 9,6 9,6 Exceptionnel 191 expériences vécues'}, {'name': ""L'éclaircie"", 'price': '€ 242', 'score': None}, {'name': 'Pan Demeure et Granges', 'price': '€ 80', 'score': 'Avec une note de 9,1 9,1 Fabuleux 7 expériences vécues'}, {'name': 'chalet des Illes SAINT MARTIN IIII', 'price': '€ 135', 'score': 'Avec une note de 9,4 9,4 Fabuleux 34 expériences vécues'}, {'name': 'Chambre familiale à la ferme', 'price': '€ 83', 'score': 'Avec une note de 8,6 8,6 Superbe 21 expériences vécues'}, {'name': 'Bed In Bellongue', 'price': '€ 116', 'score': 'Avec une note de 9,6 9,6 Exceptionnel 116 expériences vécues'}, {'name': 'La Maison de Natasha', 'price': '€ 69', 'score': 'Avec une note de 8,9 8,9 Superbe 234 expériences vécues'}, {'name': 'La Tente Tipi au Ranch du Bonheur', 'price': '€ 69', 'score': 'Avec une note de 8,9 8,9 Superbe 10 expériences vécues'}, {'name': 'Le dôme du Bonheur', 'price': '€ 59', 'score': 'Avec une note de 8,4 8,4 Très bien 13 expériences vécues'}, {'name': 'Chambres les 4 saisons', 'price': '€ 66', 'score': 'Avec une note de 8,3 8,3 Très bien 43 expériences vécues'}, {'name': 'Auberge Des Deux Rivières', 'price': '€ 79', 'score': 'Avec une note de 8,3 8,3 Très bien 418 expériences vécues'}, {'name': ""Auberge l'Escaleta"", 'price': '€ 56', 'score': 'Avec une note de 8,3 8,3 Très bien 411 expériences vécues'}, {'name': ""Les Deux Vélos Chambres d'Hotes-Table d'Hotes"", 'price': '€ 107', 'score': 'Avec une note de 9,4 9,4 Fabuleux 46 expériences vécues'}, {'name': 'Hostellerie de La Poste', 'price': '€ 81', 'score': 'Avec une note de 8,5 8,5 Très bien 273 expériences vécues'}, {'name': 'Hôtel Restaurant La Maison du Haut Salat', 'price': '€ 81', 'score': 'Avec une note de 8,0 8,0 Très bien 51 expériences vécues'}, {'name': ""Gîte d'Aunac"", 'price': '€ 87', 'score': 'Avec une note de 8,7 8,7 Superbe 15 expériences vécues'}, {'name': 'À Fleur de Rivière', 'price': '€ 77', 'score': None}, {'name': 'Ostal Cassinia Maison d hôtes de charme avec petit déjeuner gourmand', 'price': '€ 158', 'score': 'Avec une note de 9,9 9,9 Exceptionnel 39 expériences vécues'}, {'name': 'Pyrenean Pursuits', 'price': '€ 116', 'score': 'Avec une note de 8,8 8,8 Superbe 18 expériences vécues'}, {'name': ""L'atelier de joakim"", 'price': '€ 46', 'score': 'Avec une note de 7,7 7,7 Bien 13 expériences vécues'}]"
Sainte-Croix-du-Verdon,82484741,43.7589451,6.1518294,stations,10000,1787845791,7200,3034556,Bauduen,200,6.1518,43.7589,27.24,28.39,27.24,27.56,1014,60,1014,941,5.82,142,83,5.0,50014318.0,FR,1787806391,1787854874,7.82,,803,Clouds,broken clouds,04d,"[{'name': 'Hotel Les Restanques De Moustiers', 'price': '€ 203', 'score': 'Avec une note de 9,2 9,2 Fabuleux 627 expériences vécues'}, {'name': 'La Bastide du Paradou', 'price': '€ 185', 'score': 'Avec une note de 8,9 8,9 Superbe 488 expériences vécues'}, {'name': 'Hôtel Le Colombier', 'price': '€ 174', 'score': 'Avec une note de 9,4 9,4 Fabuleux 552 expériences vécues'}, {'name': 'Le Jas Du Colombier', 'price': '€ 172', 'score': 'Avec une note de 8,9 8,9 Superbe 410 expériences vécues'}, {'name': 'La Ferme du petit Ségriès Bed and Breakfast', 'price': '€ 93', 'score': 'Avec une note de 8,9 8,9 Superbe 160 expériences vécues'}, {'name': 'Hôtel Particulier des Lumières', 'price': '€ 184', 'score': 'Avec une note de 7,5 7,5 Bien 209 expériences vécues'}, {'name': 'Mymoustiers', 'price': '€ 169', 'score': 'Avec une note de 8,0 8,0 Très bien 163 expériences vécues'}, {'name': 'Annexe Bastide du Paradou', 'price': '€ 185', 'score': 'Avec une note de 8,7 8,7 Superbe 11 expériences vécues'}, {'name': 'Hotel Restaurant Le Verdon', 'price': '€ 154', 'score': 'Avec une note de 7,1 7,1 Bien 81 expériences vécues'}, {'name': 'Le Romulus', 'price': '€ 111', 'score': 'Avec une note de 8,9 8,9 Superbe 284 expériences vécues'}, {'name': 'Verdon Appartement Notre ""Chez Vous""', 'price': '€ 185', 'score': 'Avec une note de 8,8 8,8 Superbe 198 expériences vécues'}, {'name': 'Portes du Verdon', 'price': '€ 116', 'score': 'Avec une note de 9,1 9,1 Fabuleux 42 expériences vécues'}, {'name': 'Le 10 18 hôtel restaurant', 'price': '€ 105', 'score': 'Avec une note de 8,0 8,0 Très bien 477 expériences vécues'}, {'name': 'Hotel Les Cavalets', 'price': '€ 142', 'score': 'Avec une note de 8,3 8,3 Très bien 1 125 expériences vécues'}, {'name': 'Les 2 grives - auberge restaurant', 'price': '€ 96', 'score': 'Avec une note de 8,7 8,7 Superbe 376 expériences vécues'}, {'name': ""Le Cocon d'Estoublon"", 'price': '€ 169', 'score': 'Avec une note de 9,0 9,0 Fabuleux 2 expériences vécues'}, {'name': 'Hôtel le Panoramic - Gorges du Verdon', 'price': '€ 117', 'score': 'Avec une note de 8,6 8,6 Superbe 589 expériences vécues'}, {'name': 'Hotel Grand Canyon du Verdon', 'price': '€ 137', 'score': 'Avec une note de 8,1 8,1 Très bien 376 expériences vécues'}, {'name': 'Le Jasmin', 'price': '€ 82', 'score': 'Avec une note de 9,3 9,3 Fabuleux 577 expériences vécues'}, {'name': 'Hostel du Canyon', 'price': '€ 78', 'score': 'Avec une note de 8,6 8,6 Superbe 250 expériences vécues'}, {'name': 'Hotel Le Provence - Restaurant Le Styx', 'price': '€ 288', 'score': 'Avec une note de 8,8 8,8 Superbe 444 expériences vécues'}, {'name': 'Maison Romana', 'price': '€ 87', 'score': 'Avec une note de 8,7 8,7 Superbe 101 expériences vécues'}, {'name': 'Hotel & Spa des Gorges du Verdon', 'price': '€ 293', 'score': 'Avec une note de 8,4 8,4 Très bien 213 expériences vécues'}, {'name': '-Le Toit Terrasse -', 'price': '€ 154', 'score': 'Avec une note de 8,9 8,9 Superbe 56 expériences vécues'}, {'name': 'Vous viendrez vivre ici , 3 pièces châtaignier garage à moto', 'price': '€ 172', 'score': 'Avec une note de 8,8 8,8 Superbe 57 expériences vécues'}]"
"Les Saintes-Maries-de-la-Mer, Provence-Alpes-Côte d'Azur (Sud de la France), France",82819543,43.4515922,4.4277202,stations,10000,1787845793,7200,2980325,Saintes-Maries-de-la-Mer,200,4.4277,43.4516,25.79,26.8,25.79,25.79,1011,91,1011,1011,11.3,139,76,,,FR,1787806832,1787855260,16.4,,803,Clouds,broken clouds,04d,"[{'name': 'Hotel Les Palmiers En Camargue', 'price': '€ 124', 'score': 'Avec une note de 8,3 8,3 Très bien 2 063 expériences vécues'}, {'name': 'Hotel Le Bleu Marine', 'price': '€ 89', 'score': 'Avec une note de 7,5 7,5 Bien 1 714 expériences vécues'}, {'name': 'Hotel Le Méditérranée', 'price': '€ 79', 'score': 'Avec une note de 7,0 7,0 Bien 893 expériences vécues'}, {'name': 'Abrivado', 'price': '€ 94', 'score': 'Avec une note de 8,8 8,8 Superbe 783 expériences vécues'}, {'name': 'Les Rizières', 'price': '€ 135', 'score': 'Avec une note de 9,0 9,0 Fabuleux 1 092 expériences vécues'}, {'name': 'Hotel La Tramontane', 'price': '€ 143', 'score': 'Avec une note de 9,0 9,0 Fabuleux 1 386 expériences vécues'}, {'name': ""L'auberge Camarguaise"", 'price': '€ 179', 'score': 'Avec une note de 9,0 9,0 Fabuleux 690 expériences vécues'}, {'name': 'Hôtel Le Dauphin Bleu', 'price': '€ 142', 'score': 'Avec une note de 8,5 8,5 Très bien 1 023 expériences vécues'}, {'name': 'Hôtel Le Neptune en Camargue', 'price': '€ 107', 'score': 'Avec une note de 8,9 8,9 Superbe 140 expériences vécues'}, {'name': 'Hotel Camille', 'price': '€ 118', 'score': 'Avec une note de 7,8 7,8 Bien 1 308 expériences vécues'}, {'name': 'Hôtel Le Mirage', 'price': '€ 126', 'score': 'Avec une note de 8,8 8,8 Superbe 765 expériences vécues'}, {'name': 'Clamador', 'price': '€ 103', 'score': 'Avec une note de 8,8 8,8 Superbe 580 expériences vécues'}, {'name': ""Résidence La Palma & L'Oasis"", 'price': '€ 121', 'score': 'Avec une note de 8,3 8,3 Très bien 107 expériences vécues'}, {'name': 'Hôtel Les Arcades', 'price': '€ 102', 'score': 'Avec une note de 8,8 8,8 Superbe 749 expériences vécues'}, {'name': 'Hôtel restaurant le delta', 'price': '€ 72', 'score': 'Avec une note de 4,9 4,9 Note 291 expériences vécues'}, {'name': 'Les Bains Gardians', 'price': '€ 302', 'score': 'Avec une note de 8,8 8,8 Superbe 490 expériences vécues'}, {'name': 'Mas de la Fouque - Hôtel & Spa', 'price': '€ 252', 'score': 'Avec une note de 8,4 8,4 Très bien 413 expériences vécues'}, {'name': 'Le Maset en Camargue', 'price': '€ 96', 'score': 'Avec une note de 9,0 9,0 Fabuleux 333 expériences vécues'}, {'name': 'Le Mas de Cocagne', 'price': '€ 213', 'score': 'Avec une note de 9,0 9,0 Fabuleux 415 expériences vécues'}, {'name': 'Mas Le Sauvage', 'price': '€ 95', 'score': 'Avec une note de 8,8 8,8 Superbe 86 expériences vécues'}, {'name': 'Le Mas de Mon Pere', 'price': '€ 111', 'score': 'Avec une note de 8,7 8,7 Superbe 216 expériences vécues'}, {'name': 'Mas de la Grenouillère Hôtel et Centre équestre en pleine nature', 'price': '€ 121', 'score': 'Avec une note de 8,7 8,7 Superbe 339 expériences vécues'}, {'name': 'Hotel Mas Des Barres', 'price': '€ 138', 'score': 'Avec une note de 8,9 8,9 Superbe 356 expériences vécues'}, {'name': 'Cacharel', 'price': '€ 205', 'score': 'Avec une note de 8,5 8,5 Très bien 132 expériences vécues'}, {'name': 'Lodge Sainte Helene Adult only', 'price': '€ 361', 'score': 'Avec une note de 9,3 9,3 Fabuleux 232 expériences vécues'}]"
Sillans-la-Cascade,81887886,43.5673969,6.1795387,stations,10000,1787845795,7200,2976472,Salernes,200,6.1795,43.5674,28.36,31.84,27.51,28.51,1014,73,1014,967,6.52,120,34,2.0,2006427.0,FR,1787806401,1787854850,8.11,,802,Clouds,scattered clouds,03d,"[{'name': '4 safraniers', 'price': '€ 65', 'score': 'Avec une note de 8,8 8,8 Superbe 154 expériences vécues'}, {'name': 'OFILDLEAU', 'price': '€ 100', 'score': 'Avec une note de 9,1 9,1 Fabuleux 234 expériences vécues'}, {'name': 'Campagne de la source St Martin BB', 'price': '€ 92', 'score': 'Avec une note de 9,4 9,4 Fabuleux 210 expériences vécues'}, {'name': 'Cosy & Chill Appartements - Au cœur du village de Cotignac, en Provence', 'price': '€ 114', 'score': 'Avec une note de 9,0 9,0 Fabuleux 117 expériences vécues'}, {'name': 'La Bastide du Capelier - Cabane', 'price': '€ 152', 'score': 'Avec une note de 10 10 Exceptionnel 8 expériences vécues'}, {'name': 'Gites Colline De Sollies', 'price': '€ 113', 'score': 'Avec une note de 9,2 9,2 Fabuleux 213 expériences vécues'}, {'name': 'Cosy & Chill - Secret Suite au cœur de Cotignac', 'price': '€ 158', 'score': 'Avec une note de 9,1 9,1 Fabuleux 30 expériences vécues'}, {'name': 'Cosy studio à Salernes', 'price': '€ 78', 'score': 'Avec une note de 9,4 9,4 Fabuleux 96 expériences vécues'}, {'name': 'Les Mazets de la Cascade', 'price': '€ 144', 'score': 'Avec une note de 9,5 9,5 Exceptionnel 85 expériences vécues'}, {'name': 'Le Ptit Mas Yourte ou Logicube', 'price': '€ 62', 'score': 'Avec une note de 8,7 8,7 Superbe 13 expériences vécues'}, {'name': ""La Bastide du Capelier - Chambres d'hôtes avec baignoire balnéothérapie - 3 étoiles"", 'price': '€ 151', 'score': 'Avec une note de 9,3 9,3 Fabuleux 45 expériences vécues'}, {'name': 'Le Tempo', 'price': '€ 95', 'score': 'Avec une note de 8,8 8,8 Superbe 92 expériences vécues'}, {'name': 'Entrecasteaux T1 saisonnier', 'price': '€ 73', 'score': 'Avec une note de 8,1 8,1 Très bien 44 expériences vécues'}, {'name': 'Lavandaline', 'price': '€ 142', 'score': 'Avec une note de 9,4 9,4 Fabuleux 102 expériences vécues'}, {'name': 'Le Grand Hotel Restaurant', 'price': '€ 88', 'score': 'Avec une note de 8,4 8,4 Très bien 297 expériences vécues'}, {'name': 'Hôtel La Falaise', 'price': '€ 158', 'score': 'Avec une note de 8,3 8,3 Très bien 233 expériences vécues'}, {'name': 'Les maisons de loup a loup', 'price': '€ 162', 'score': 'Avec une note de 9,6 9,6 Exceptionnel 181 expériences vécues'}, {'name': 'Hôtel Restaurant le Saint Marc', 'price': '€ 94', 'score': 'Avec une note de 7,9 7,9 Bien 384 expériences vécues'}, {'name': 'La Villageoise', 'price': '€ 86', 'score': 'Avec une note de 8,1 8,1 Très bien 130 expériences vécues'}, {'name': 'Chambre indépendante, grand lit 180x200cm, piscine de 16m avec vue magnifique', 'price': '€ 116', 'score': 'Avec une note de 9,5 9,5 Exceptionnel 34 expériences vécues'}, {'name': 'Au Bien Etre', 'price': '€ 149', 'score': 'Avec une note de 9,2 9,2 Fabuleux 291 expériences vécues'}, {'name': ""Chambre d'hôtes cotignac"", 'price': '€ 95', 'score': 'Avec une note de 8,8 8,8 Superbe 65 expériences vécues'}, {'name': 'Le Mas des Collines', 'price': '€ 147', 'score': 'Avec une note de 8,9 8,9 Superbe 119 expériences vécues'}, {'name': 'Château Mentone', 'price': '€ 130', 'score': 'Avec une note de 9,0 9,0 Fabuleux 101 expériences vécues'}, {'name': ""Mas de l'Olivette"", 'price': '€ 169', 'score': 'Avec une note de 9,4 9,4 Fabuleux 90 expériences vécues'}]"
Saint-Malo,284162046,48.649518,-2.0260409,stations,10000,1787845797,7200,2978640,St-Malo,200,-2.026,48.6495,20.29,20.54,20.29,20.99,1008,83,1008,1006,3.09,60,100,1.0,6557.0,FR,1787807882,1787857308,,,804,Clouds,overcast clouds,04d,"[{'name': 'Kyriad Prestige Saint-Malo', 'price': '€ 168', 'score': 'Avec une note de 8,9 8,9 Superbe 6 979 expériences vécues'}, {'name': 'ibis Saint Malo Plage', 'price': '€ 267', 'score': 'Avec une note de 8,6 8,6 Superbe 2 482 expériences vécues'}, {'name': 'Hôtel Cartier', 'price': '€ 203', 'score': 'Avec une note de 8,5 8,5 Très bien 2 333 expériences vécues'}, {'name': 'Oceania Saint Malo', 'price': '€ 528', 'score': 'Avec une note de 8,6 8,6 Superbe 1 337 expériences vécues'}, {'name': 'Hôtel Quic en Groigne', 'price': '€ 212', 'score': 'Avec une note de 8,8 8,8 Superbe 1 152 expériences vécues'}, {'name': 'Golden Tulip Saint Malo– Le Grand Bé', 'price': '€ 315', 'score': 'Avec une note de 8,6 8,6 Superbe 1 902 expériences vécues'}, {'name': 'Domaine de la Barbinais', 'price': '€ 152', 'score': 'Avec une note de 8,5 8,5 Très bien 1 489 expériences vécues'}, {'name': 'Grand Hotel de Courtoisville', 'price': '€ 400', 'score': 'Avec une note de 9,4 9,4 Fabuleux 282 expériences vécues'}, {'name': 'Escale Oceania Saint Malo', 'price': '€ 164', 'score': 'Avec une note de 8,3 8,3 Très bien 2 099 expériences vécues'}, {'name': 'ibis Styles Saint Malo Port', 'price': '€ 185', 'score': 'Avec une note de 8,3 8,3 Très bien 2 326 expériences vécues'}, {'name': 'La Maison des Armateurs', 'price': '€ 279', 'score': 'Avec une note de 8,8 8,8 Superbe 1 979 expériences vécues'}, {'name': ""Chambre d'Hote Saint Malo"", 'price': '€ 161', 'score': 'Avec une note de 9,4 9,4 Fabuleux 211 expériences vécues'}, {'name': 'Residence Reine Marine', 'price': '€ 307', 'score': 'Avec une note de 8,6 8,6 Superbe 914 expériences vécues'}, {'name': 'Hôtel France et Chateaubriand', 'price': '€ 397', 'score': 'Avec une note de 8,1 8,1 Très bien 2 970 expériences vécues'}, {'name': ""Hôtel L'Adresse"", 'price': '€ 244', 'score': 'Avec une note de 8,9 8,9 Superbe 1 195 expériences vécues'}, {'name': 'Best Western Alexandra', 'price': '€ 200', 'score': 'Avec une note de 8,3 8,3 Très bien 752 expériences vécues'}, {'name': 'Hôtel de la Cité', 'price': '€ 262', 'score': 'Avec une note de 8,1 8,1 Très bien 2 285 expériences vécues'}, {'name': 'ibis Styles Saint Malo Centre Historique', 'price': '€ 255', 'score': 'Avec une note de 8,5 8,5 Très bien 1 090 expériences vécues'}, {'name': 'Auberge de Jeunesse Youth Hostel Ethic étapes Saint Malo', 'price': '€ 92', 'score': 'Avec une note de 7,2 7,2 Bien 351 expériences vécues'}, {'name': 'Mercure St Malo Front de Mer', 'price': '€ 270', 'score': 'Avec une note de 8,2 8,2 Très bien 262 expériences vécues'}, {'name': 'Hôtel Oré, Saint-Malo', 'price': '€ 200', 'score': 'Avec une note de 8,6 8,6 Superbe 2 342 expériences vécues'}, {'name': ""Hotel De L'univers"", 'price': '€ 201', 'score': 'Avec une note de 8,3 8,3 Très bien 2 122 expériences vécues'}, {'name': 'Mercure Saint Malo Balmoral', 'price': '€ 240', 'score': 'Avec une note de 8,1 8,1 Très bien 795 expériences vécues'}, {'name': 'Otonali hôtel by Breizh Café', 'price': '€ 204', 'score': 'Avec une note de 8,5 8,5 Très bien 1 176 expériences vécues'}, {'name': ""Hotel Ajoncs d'Or"", 'price': '€ 112', 'score': 'Avec une note de 8,4 8,4 Très bien 1 320 expériences vécues'}]"
Strasbourg,120717819,48.584614,7.7507127,stations,10000,1787845263,7200,2973781,Arrondissement de Strasbourg,200,7.75,48.58,32.04,32.33,31.3,33.65,1010,40,1010,993,1.54,80,100,1.0,6595.0,FR,1787805540,1787854957,,,804,Clouds,overcast clouds,04d,"[{'name': 'Hôtel Restaurant Athena Spa', 'price': '€ 126', 'score': 'Avec une note de 8,7 8,7 Superbe 3 858 expériences vécues'}, {'name': 'Residence Inn by Marriott Strasbourg', 'price': '€ 115', 'score': 'Avec une note de 8,9 8,9 Superbe 3 528 expériences vécues'}, {'name': 'Ibis Budget Strasbourg Centre Gare', 'price': '€ 96', 'score': 'Avec une note de 7,9 7,9 Bien 4 125 expériences vécues'}, {'name': 'The People - Strasbourg', 'price': '€ 124', 'score': 'Avec une note de 7,9 7,9 Bien 5 547 expériences vécues'}, {'name': 'City Residence Access Strasbourg', 'price': '€ 76', 'score': 'Avec une note de 7,1 7,1 Bien 6 194 expériences vécues'}, {'name': 'ibis Strasbourg Centre Historique', 'price': '€ 88', 'score': 'Avec une note de 7,2 7,2 Bien 4 106 expériences vécues'}, {'name': 'Novotel Strasbourg Centre Halles', 'price': '€ 140', 'score': 'Avec une note de 7,8 7,8 Bien 2 100 expériences vécues'}, {'name': 'ibis Styles Strasbourg Avenue du Rhin', 'price': '€ 110', 'score': 'Avec une note de 8,2 8,2 Très bien 2 835 expériences vécues'}, {'name': 'ibis Styles Strasbourg Stade de la Meinau', 'price': '€ 110', 'score': 'Avec une note de 7,9 7,9 Bien 2 567 expériences vécues'}, {'name': 'voco Strasbourg Centre - The Garden by IHG', 'price': '€ 125', 'score': 'Avec une note de 8,5 8,5 Très bien 4 527 expériences vécues'}, {'name': 'Le Grand Hotel By Stay Collection', 'price': '€ 128', 'score': 'Avec une note de 8,6 8,6 Superbe 7 230 expériences vécues'}, {'name': ""hotelF1 Strasbourg Pont de l'Europe"", 'price': '€ 51', 'score': 'Avec une note de 5,7 5,7 Note 1 976 expériences vécues'}, {'name': 'Citadines Eurometropole Strasbourg - Restaurant & SPA', 'price': '€ 101', 'score': 'Avec une note de 8,5 8,5 Très bien 6 728 expériences vécues'}, {'name': 'ibis Strasbourg Centre Petite France', 'price': '€ 88', 'score': 'Avec une note de 7,8 7,8 Bien 2 883 expériences vécues'}, {'name': 'K Hotel', 'price': '€ 86', 'score': 'Avec une note de 8,6 8,6 Superbe 3 694 expériences vécues'}, {'name': 'JAMES Résidence & Spa', 'price': '€ 125', 'score': 'Avec une note de 7,9 7,9 Bien 549 expériences vécues'}, {'name': 'ibis Strasbourg Centre Gare', 'price': '€ 108', 'score': 'Avec une note de 8,3 8,3 Très bien 1 699 expériences vécues'}, {'name': 'Premiere Classe Strasbourg Ouest', 'price': '€ 58', 'score': 'Avec une note de 6,3 6,3 Note 4 228 expériences vécues'}, {'name': 'Ibis Styles Strasbourg Centre République', 'price': '€ 129', 'score': 'Avec une note de 8,9 8,9 Superbe 1 776 expériences vécues'}, {'name': 'City Résidence Strasbourg Centre', 'price': '€ 88', 'score': 'Avec une note de 7,8 7,8 Bien 6 021 expériences vécues'}, {'name': 'HANNONG Hotel & Wine Bar', 'price': '€ 125', 'score': 'Avec une note de 8,8 8,8 Superbe 4 317 expériences vécues'}, {'name': 'Adonis Hotel Strasbourg', 'price': '€ 122', 'score': 'Avec une note de 7,8 7,8 Bien 2 147 expériences vécues'}, {'name': 'Hilton Strasbourg', 'price': '€ 117', 'score': 'Avec une note de 7,9 7,9 Bien 2 343 expériences vécues'}, {'name': 'ibis Styles Strasbourg Centre Petite France', 'price': '€ 129', 'score': 'Avec une note de 8,0 8,0 Très bien 1 359 expériences vécues'}, {'name': 'Holiday Inn Express Strasbourg Centre by IHG', 'price': '€ 121', 'score': 'Avec une note de 8,0 8,0 Très bien 6 009 expériences vécues'}]"
Tarascon-sur-Ariège,84742066,42.8492109,1.6043495,stations,10000,1787845802,7200,6426331,Tarascon-sur-Ariège,200,1.6043,42.8492,30.9,34.63,28.86,30.9,1010,60,1010,873,3.84,222,46,2.0,2092354.0,FR,1787807562,1787855885,18.7,,802,Clouds,scattered clouds,03d,"[{'name': 'Hôtel Confort 09 ou HC-09', 'price': '€ 69', 'score': 'Avec une note de 8,5 8,5 Très bien 749 expériences vécues'}, {'name': 'Logis Hôtel Restaurant de la Poste', 'price': '€ 79', 'score': 'Avec une note de 7,5 7,5 Bien 528 expériences vécues'}, {'name': 'Hôtel Le Bellevue', 'price': '€ 88', 'score': 'Avec une note de 8,1 8,1 Très bien 347 expériences vécues'}, {'name': 'Hôtel Terranostra', 'price': '€ 114', 'score': 'Avec une note de 8,4 8,4 Très bien 418 expériences vécues'}, {'name': 'En pleine montagne', 'price': '€ 116', 'score': 'Avec une note de 6,4 6,4 Note 41 expériences vécues'}, {'name': 'Chateau de Gudanes', 'price': '€ 235', 'score': 'Avec une note de 10 10 Exceptionnel 5 expériences vécues'}, {'name': ""Le Clos Cathala Chambres d'Hôtes"", 'price': '€ 304', 'score': 'Avec une note de 9,1 9,1 Fabuleux 81 expériences vécues'}, {'name': ""Grand gîte au coeur d'un charmant village"", 'price': '€ 307', 'score': 'Avec une note de 9,0 9,0 Fabuleux 26 expériences vécues'}, {'name': 'Hôtel Le Lons', 'price': '€ 121', 'score': 'Avec une note de 8,3 8,3 Très bien 841 expériences vécues'}, {'name': 'Eau Berges - Chez Mamie', 'price': '€ 98', 'score': 'Avec une note de 9,4 9,4 Fabuleux 33 expériences vécues'}, {'name': '3 pièces au rez de chaussée centre historique, calme, vue sur le jardin', 'price': '€ 123', 'score': 'Avec une note de 8,4 8,4 Très bien 28 expériences vécues'}, {'name': ""Maison L'Orriégeoise"", 'price': '€ 89', 'score': 'Avec une note de 7,8 7,8 Bien 24 expériences vécues'}, {'name': '3 pièces spacieux plein centre, parking,clim, terrasse, jardin', 'price': '€ 158', 'score': 'Avec une note de 9,3 9,3 Fabuleux 43 expériences vécues'}, {'name': 'Eau Berges', 'price': '€ 172', 'score': 'Avec une note de 6,5 6,5 Note 13 expériences vécues'}, {'name': 'Un second souffle', 'price': '€ 119', 'score': 'Avec une note de 9,0 9,0 Fabuleux 141 expériences vécues'}, {'name': 'La Petite Fuxéenne', 'price': '€ 127', 'score': 'Avec une note de 8,0 8,0 Très bien 52 expériences vécues'}, {'name': 'Les Bordes De Paloumières', 'price': '€ 130', 'score': 'Avec une note de 8,1 8,1 Très bien 60 expériences vécues'}, {'name': 'Appartement cosy centre ville', 'price': '€ 98', 'score': 'Avec une note de 7,1 7,1 Bien 22 expériences vécues'}, {'name': 'La Fenêtre Saint-Volusien - Vue directe - Charme ancien - Centre historique', 'price': '€ 96', 'score': 'Avec une note de 8,8 8,8 Superbe 91 expériences vécues'}, {'name': 'La Maison-frite, pour un séjour insolite à Foix !', 'price': '€ 112', 'score': 'Avec une note de 7,3 7,3 Bien 42 expériences vécues'}, {'name': 'Studio cosy rez-de-chaussée', 'price': '€ 84', 'score': 'Avec une note de 8,3 8,3 Très bien 67 expériences vécues'}, {'name': ""L'Échappée Romantique & Spa Privatif"", 'price': '€ 150', 'score': 'Avec une note de 3,4 3,4 Note 5 expériences vécues'}, {'name': 'Le Romeo, appart de plein pied en centre ville', 'price': '€ 92', 'score': 'Avec une note de 8,4 8,4 Très bien 7 expériences vécues'}, {'name': 'Plein centre, parking jardin 4 chambres', 'price': '€ 366', 'score': None}, {'name': 'The Originals Access, Hôtel Foix', 'price': '€ 63', 'score': 'Avec une note de 7,9 7,9 Bien 1 332 expériences vécues'}]"
Toulouse,85889491,43.6044638,1.4442433,stations,10000,1787845304,7200,2972315,Toulouse,200,1.4442,43.6045,32.97,34.41,32.97,35.31,1006,43,1006,985,4.63,340,100,1.0,6467.0,FR,1787807535,1787855989,,,804,Clouds,overcast clouds,04d,"[{'name': 'The Social Hub Toulouse', 'price': '€ 160', 'score': 'Avec une note de 8,7 8,7 Superbe 5 027 expériences vécues'}, {'name': 'Hôtel Riquet', 'price': '€ 86', 'score': 'Avec une note de 7,3 7,3 Bien 1 863 expériences vécues'}, {'name': 'Hostel20 Toulouse Wilson', 'price': '€ 115', 'score': 'Avec une note de 7,0 7,0 Bien 2 267 expériences vécues'}, {'name': 'Mercure Toulouse Centre Saint-Georges', 'price': '€ 146', 'score': 'Avec une note de 8,3 8,3 Très bien 2 148 expériences vécues'}, {'name': 'Résidence le Pastel François Verdier', 'price': '€ 56', 'score': 'Avec une note de 5,7 5,7 Note 1 671 expériences vécues'}, {'name': 'ibis Toulouse Centre', 'price': '€ 84', 'score': 'Avec une note de 8,0 8,0 Très bien 2 497 expériences vécues'}, {'name': 'Hotel Mercure Toulouse Centre Compans', 'price': '€ 147', 'score': 'Avec une note de 8,6 8,6 Superbe 1 190 expériences vécues'}, {'name': ""Montempô Appart'Hôtel Toulouse Balma"", 'price': '€ 65', 'score': 'Avec une note de 7,4 7,4 Bien 1 710 expériences vécues'}, {'name': ""Zenitude Hôtel-Résidences Toulouse Le Parc de l'Escale"", 'price': '€ 94', 'score': 'Avec une note de 8,3 8,3 Très bien 2 275 expériences vécues'}, {'name': 'Mama Shelter Toulouse', 'price': '€ 156', 'score': 'Avec une note de 8,7 8,7 Superbe 1 401 expériences vécues'}, {'name': 'Hôtel de Brienne', 'price': '€ 155', 'score': 'Avec une note de 8,7 8,7 Superbe 1 788 expériences vécues'}, {'name': 'La Cour des Consuls Hotel & Spa Toulouse - MGallery Collection', 'price': '€ 364', 'score': 'Avec une note de 8,1 8,1 Très bien 496 expériences vécues'}, {'name': ""Appart'hôtel Odalys City - Toulouse Centre Compans Caffarelli"", 'price': '€ 87', 'score': 'Avec une note de 8,8 8,8 Superbe 7 091 expériences vécues'}, {'name': 'Hôtel Le Moderne', 'price': '€ 112', 'score': 'Avec une note de 8,1 8,1 Très bien 135 expériences vécues'}, {'name': 'Plaza Hotel Capitole Toulouse', 'price': '€ 151', 'score': 'Avec une note de 8,3 8,3 Très bien 8 043 expériences vécues'}, {'name': 'Aparthotel Adagio Original Toulouse Centre La Grave', 'price': '€ 97', 'score': 'Avec une note de 9,2 9,2 Fabuleux 2 585 expériences vécues'}, {'name': 'Novotel Toulouse Centre Wilson', 'price': '€ 162', 'score': 'Avec une note de 8,2 8,2 Très bien 792 expériences vécues'}, {'name': ""Montempô Appart'Hôtel Toulouse Cité Internationale"", 'price': '€ 97', 'score': 'Avec une note de 7,9 7,9 Bien 2 888 expériences vécues'}, {'name': 'Novotel Toulouse Centre Compans Caffarelli', 'price': '€ 147', 'score': 'Avec une note de 8,2 8,2 Très bien 1 217 expériences vécues'}, {'name': 'Nemea Appart Hotel Concorde Toulouse Gare Matabiau', 'price': '€ 125', 'score': 'Avec une note de 8,4 8,4 Très bien 4 655 expériences vécues'}, {'name': 'Campanile Toulouse Purpan', 'price': '€ 105', 'score': 'Avec une note de 8,6 8,6 Superbe 3 416 expériences vécues'}, {'name': ""Appart'hôtel Odalys City - Toulouse Centre Gare"", 'price': '€ 79', 'score': 'Avec une note de 8,4 8,4 Très bien 3 199 expériences vécues'}, {'name': ""Appart'City Confort Toulouse Purpan"", 'price': '€ 107', 'score': 'Avec une note de 7,9 7,9 Bien 2 099 expériences vécues'}, {'name': 'Villa Lea', 'price': '€ 95', 'score': 'Avec une note de 9,2 9,2 Fabuleux 165 expériences vécues'}, {'name': 'B&B HOTEL Toulouse Université 3 étoiles', 'price': '€ 71', 'score': 'Avec une note de 8,3 8,3 Très bien 1 098 expériences vécues'}]"
Uzès,87602259,44.0121279,4.4196718,stations,10000,1787845806,7200,2971258,Uzès,200,4.4197,44.0121,32.34,36.07,29.71,32.34,1011,54,1011,994,9.73,173,88,2.0,2024181.0,FR,1787806785,1787855311,12.25,,804,Clouds,overcast clouds,04d,"[{'name': 'Boutique Hôtel Entraigues', 'price': '€ 245', 'score': 'Avec une note de 9,0 9,0 Fabuleux 1 305 expériences vécues'}, {'name': 'Hôtel Le SAINT-GENIÈS', 'price': '€ 138', 'score': 'Avec une note de 9,3 9,3 Fabuleux 1 188 expériences vécues'}, {'name': 'La Taverne', 'price': '€ 82', 'score': 'Avec une note de 8,8 8,8 Superbe 592 expériences vécues'}, {'name': 'Logis Hotel Restaurant Uzès Pont du Gard', 'price': '€ 81', 'score': 'Avec une note de 7,8 7,8 Bien 922 expériences vécues'}, {'name': 'Appart One Uzès', 'price': '€ 84', 'score': 'Avec une note de 7,7 7,7 Bien 283 expériences vécues'}, {'name': 'Patio De Violette', 'price': '€ 124', 'score': 'Avec une note de 8,7 8,7 Superbe 582 expériences vécues'}, {'name': ""LOGIS HOTEL L' Auberge d'Uzes"", 'price': '€ 87', 'score': 'Avec une note de 8,2 8,2 Très bien 244 expériences vécues'}, {'name': 'Hostellerie et la parenthese uzes', 'price': '€ 148', 'score': 'Avec une note de 9,0 9,0 Fabuleux 211 expériences vécues'}, {'name': ""La Maison d'Uzès Relais & Châteaux"", 'price': '€ 400', 'score': 'Avec une note de 8,9 8,9 Superbe 138 expériences vécues'}, {'name': 'Domaine de Privadière & Spa', 'price': '€ 194', 'score': 'Avec une note de 9,0 9,0 Fabuleux 161 expériences vécues'}, {'name': 'La maison du Baron', 'price': '€ 110', 'score': 'Avec une note de 8,9 8,9 Superbe 50 expériences vécues'}, {'name': 'Kira', 'price': '€ 84', 'score': 'Avec une note de 7,4 7,4 Bien 120 expériences vécues'}, {'name': ""La Loggia d'Uzès"", 'price': '€ 95', 'score': 'Avec une note de 8,7 8,7 Superbe 20 expériences vécues'}, {'name': ""Le Petit Cocoon d'Uzès"", 'price': '€ 123', 'score': 'Avec une note de 9,8 9,8 Exceptionnel 6 expériences vécues'}, {'name': ""La Jungle d'Uzès"", 'price': '€ 181', 'score': 'Avec une note de 8,7 8,7 Superbe 23 expériences vécues'}, {'name': 'Mazet de Mô', 'price': '€ 260', 'score': 'Avec une note de 9,3 9,3 Fabuleux 16 expériences vécues'}, {'name': 'Une chambre à louer dans une maison au centre ville Uzes', 'price': '€ 66', 'score': 'Avec une note de 7,9 7,9 Bien 16 expériences vécues'}, {'name': ""Suite Kyoto, experience Japonaise & shower spa XXL au coeur d'Uzès"", 'price': '€ 146', 'score': 'Avec une note de 9,4 9,4 Fabuleux 29 expériences vécues'}, {'name': 'appartement a 50 m de la place aux herbes', 'price': '€ 168', 'score': 'Avec une note de 9,0 9,0 Fabuleux 113 expériences vécues'}, {'name': 'La maison d\'HamiH ""Gîte et Chambres d\'hôtes', 'price': '€ 161', 'score': 'Avec une note de 8,6 8,6 Superbe 107 expériences vécues'}, {'name': 'Elegant apartment with balcony - Maison Comte', 'price': '€ 174', 'score': None}, {'name': ""CÉRÈS - Boutique-Hôtel & Spa - Élégance en Terre d'Uzès"", 'price': '€ 128', 'score': 'Avec une note de 9,4 9,4 Fabuleux 121 expériences vécues'}, {'name': ""Château d'Arpaillargues - TERITORIA"", 'price': '€ 198', 'score': 'Avec une note de 8,2 8,2 Très bien 272 expériences vécues'}, {'name': 'La Maison des Lauriers', 'price': '€ 121', 'score': 'Avec une note de 9,2 9,2 Fabuleux 16 expériences vécues'}, {'name': ""B&B et Gite d'ayran"", 'price': '€ 121', 'score': 'Avec une note de 9,0 9,0 Fabuleux 53 expériences vécues'}]"
Valensole,82836030,43.8379283,5.9839867,stations,10000,1787845808,7200,2971033,Valensole,200,5.984,43.8379,28.53,29.75,28.53,28.53,1014,56,1014,957,6.69,151,78,,,FR,1787806424,1787854921,7.77,,803,Clouds,broken clouds,04d,"[{'name': 'Au cœur de Valensole, calme et douceur provençale', 'price': '€ 105', 'score': 'Avec une note de 9,9 9,9 Exceptionnel 8 expériences vécues'}, {'name': 'La Provençale', 'price': '€ 73', 'score': 'Avec une note de 8,7 8,7 Superbe 76 expériences vécues'}, {'name': 'La Pigoussette', 'price': '€ 91', 'score': 'Avec une note de 8,8 8,8 Superbe 104 expériences vécues'}, {'name': 'Chambre dans une belle maison au pays des lavandes', 'price': '€ 100', 'score': 'Avec une note de 9,7 9,7 Exceptionnel 3 expériences vécues'}, {'name': ""L'Écrin de Valensole, Charme & terrasse"", 'price': '€ 207', 'score': 'Avec une note de 7,0 7,0 Bien 2 expériences vécues'}, {'name': ""Gîte L'Olivier - La Roseraie du Val'Ensoleillé"", 'price': '€ 584', 'score': 'Avec une note de 9,6 9,6 Exceptionnel 13 expériences vécues'}, {'name': 'Maison Romana', 'price': '€ 87', 'score': 'Avec une note de 8,7 8,7 Superbe 101 expériences vécues'}, {'name': '-Le Toit Terrasse -', 'price': '€ 154', 'score': 'Avec une note de 8,9 8,9 Superbe 56 expériences vécues'}, {'name': 'Vous viendrez vivre ici , 3 pièces châtaignier garage à moto', 'price': '€ 172', 'score': 'Avec une note de 8,8 8,8 Superbe 57 expériences vécues'}, {'name': 'Le charme sous les toits classé 3 étoiles', 'price': '€ 242', 'score': 'Avec une note de 7,4 7,4 Bien 19 expériences vécues'}, {'name': 'Les Iris , mazet 48', 'price': '€ 158', 'score': 'Avec une note de 7,3 7,3 Bien 13 expériences vécues'}, {'name': 'Escapade dans le Verdon classé 3 étoiles', 'price': '€ 195', 'score': 'Avec une note de 8,4 8,4 Très bien 17 expériences vécues'}, {'name': 'Ibis Budget Manosque Cadarache', 'price': '€ 81', 'score': 'Avec une note de 7,7 7,7 Bien 1 183 expériences vécues'}, {'name': 'Le Romulus', 'price': '€ 111', 'score': 'Avec une note de 8,9 8,9 Superbe 284 expériences vécues'}, {'name': 'Hotel Le Moulin du Château', 'price': '€ 109', 'score': 'Avec une note de 8,6 8,6 Superbe 359 expériences vécues'}, {'name': 'Camping la Grangeonne', 'price': '€ 84', 'score': 'Avec une note de 8,5 8,5 Très bien 138 expériences vécues'}, {'name': 'Brit Hotel Confort Manosque Cadarache', 'price': '€ 86', 'score': 'Avec une note de 8,2 8,2 Très bien 543 expériences vécues'}, {'name': ""L'Abbaye, maison chic, salle jeux bar centre cosy"", 'price': '€ 67', 'score': 'Avec une note de 6,2 6,2 Note 6 expériences vécues'}, {'name': 'Résidences LES HAUTES PLAINES', 'price': '€ 75', 'score': 'Avec une note de 8,1 8,1 Très bien 388 expériences vécues'}, {'name': 'Les 2 grives - auberge restaurant', 'price': '€ 96', 'score': 'Avec une note de 8,7 8,7 Superbe 376 expériences vécues'}, {'name': ""le relais d'elle"", 'price': '€ 106', 'score': 'Avec une note de 9,0 9,0 Fabuleux 359 expériences vécues'}, {'name': 'Le Verdon', 'price': '€ 94', 'score': 'Avec une note de 8,2 8,2 Très bien 540 expériences vécues'}, {'name': 'Hôtel & Résidence Lou Paradou Gréoux Les Bains', 'price': '€ 218', 'score': 'Avec une note de 8,7 8,7 Superbe 1 182 expériences vécues'}, {'name': 'Villa Borghese, The Originals Relais', 'price': '€ 146', 'score': 'Avec une note de 7,5 7,5 Bien 578 expériences vécues'}, {'name': 'Le Jasmin', 'price': '€ 82', 'score': 'Avec une note de 9,3 9,3 Fabuleux 577 expériences vécues'}]"
