city,lat,lon,visibility,dt,main.temp,main.feels_like,main.temp_min,main.temp_max,main.pressure,main.humidity,main.sea_level,main.grnd_level,wind.speed,wind.deg,wind.gust,clouds.all,sys.sunrise,sys.sunset,rain.1h,weather.0.id,weather.0.main,weather.0.description,weather.0.icon,hotel_city,hotel_name,price,latitude,longitude,rate,rate_label,experience
mont saint michel,48.6359541,-1.51146,10000,1788426584,20.24,20.49,20.24,20.24,1022,83,1022,1017,4.6,217,6.5,99,1788413148,1788461136,0,804,Clouds,couvert,04d,Beauvoir,La Villa du Manoir,€ 521,48.596052,-1.500324,"9,8",Exceptionnel,6
mont saint michel,48.6359541,-1.51146,10000,1788426584,20.24,20.49,20.24,20.24,1022,83,1022,1017,4.6,217,6.5,99,1788413148,1788461136,0,804,Clouds,couvert,04d,Huisnes-sur-Mer,Escale du Mont,€ 364,48.6214736,-1.4471578,"7,5",Bien,2
mont saint michel,48.6359541,-1.51146,10000,1788426584,20.24,20.49,20.24,20.24,1022,83,1022,1017,4.6,217,6.5,99,1788413148,1788461136,0,804,Clouds,couvert,04d,Huisnes-sur-Mer,Horizon du Mont 15 personnes,€ 1 140,48.6195141,-1.4591118,"9,7",Exceptionnel,10
mont saint michel,48.6359541,-1.51146,10000,1788426584,20.24,20.49,20.24,20.24,1022,83,1022,1017,4.6,217,6.5,99,1788413148,1788461136,0,804,Clouds,couvert,04d,Beauvoir,Ermitage,€ 1 954,48.59449,-1.5114290000000001,"8,7",Superbe,152
mont saint michel,48.6359541,-1.51146,10000,1788426584,20.24,20.49,20.24,20.24,1022,83,1022,1017,4.6,217,6.5,99,1788413148,1788461136,0,804,Clouds,couvert,04d,Beauvoir,Le Petit Gîte du Mont,€ 440,48.597734,-1.5117729999999998,"8,9",Superbe,55
mont saint michel,48.6359541,-1.51146,10000,1788426584,20.24,20.49,20.24,20.24,1022,83,1022,1017,4.6,217,6.5,99,1788413148,1788461136,0,804,Clouds,couvert,04d,Saint-Georges-de-Gréhaigne,Ibis Budget Pontorson Baie Du Mont Saint Michel,€ 237,48.56826,-1.54271,"8,3",Très bien,677
mont saint michel,48.6359541,-1.51146,10000,1788426584,20.24,20.49,20.24,20.24,1022,83,1022,1017,4.6,217,6.5,99,1788413148,1788461136,0,804,Clouds,couvert,04d,Macey,Gîtes des Archanges,€ 300,48.567409044609,-1.432646693254,"8,5",Très bien,29
mont saint michel,48.6359541,-1.51146,10000,1788426584,20.24,20.49,20.24,20.24,1022,83,1022,1017,4.6,217,6.5,99,1788413148,1788461136,0,804,Clouds,couvert,04d,Saint-Georges-de-Gréhaigne,ibis Pontorson Baie Du Mont Saint Michel,€ 255,48.571549,-1.5431270000000001,"7,9",Bien,2 889
mont saint michel,48.6359541,-1.51146,10000,1788426584,20.24,20.49,20.24,20.24,1022,83,1022,1017,4.6,217,6.5,99,1788413148,1788461136,0,804,Clouds,couvert,04d,Roz-sur-Couesnon,Vacancéole,€ 200,48.593525091638064,-1.5963703393936157,"7,6",Bien,590
mont saint michel,48.6359541,-1.51146,10000,1788426584,20.24,20.49,20.24,20.24,1022,83,1022,1017,4.6,217,6.5,99,1788413148,1788461136,0,804,Clouds,couvert,04d,Saint-Marcan,Chambres d'Hôtes Les Fleurettes en Baie Du Mont Saint Michel,€ 219,48.5943996680422,-1.6234391927719116,"8,8",Superbe,347
mont saint michel,48.6359541,-1.51146,10000,1788426584,20.24,20.49,20.24,20.24,1022,83,1022,1017,4.6,217,6.5,99,1788413148,1788461136,0,804,Clouds,couvert,04d,Pontorson,Hotel De France,€ 183,48.55250944944047,-1.506199836730957,"7,5",Bien,734
mont saint michel,48.6359541,-1.51146,10000,1788426584,20.24,20.49,20.24,20.24,1022,83,1022,1017,4.6,217,6.5,99,1788413148,1788461136,0,804,Clouds,couvert,04d,Céaux,au petit quinquin,€ 188,48.6270189,-1.3881408,"7,9",Bien,478
mont saint michel,48.6359541,-1.51146,10000,1788426584,20.24,20.49,20.24,20.24,1022,83,1022,1017,4.6,217,6.5,99,1788413148,1788461136,0,804,Clouds,couvert,04d,Roz-sur-Couesnon,TY ROZ,€ 271,48.578505251816,-1.581281006746,"9,4",Fabuleux,84
mont saint michel,48.6359541,-1.51146,10000,1788426584,20.24,20.49,20.24,20.24,1022,83,1022,1017,4.6,217,6.5,99,1788413148,1788461136,0,804,Clouds,couvert,04d,Roz-sur-Couesnon,Vacancéole,€ 167,48.593575,-1.596291,"7,1",Bien,742
mont saint michel,48.6359541,-1.51146,10000,1788426584,20.24,20.49,20.24,20.24,1022,83,1022,1017,4.6,217,6.5,99,1788413148,1788461136,0,804,Clouds,couvert,04d,Courtils,Camping Saint Michel,€ 119,48.62837756379354,-1.4161098003387451,"7,9",Bien,747
mont saint michel,48.6359541,-1.51146,10000,1788426584,20.24,20.49,20.24,20.24,1022,83,1022,1017,4.6,217,6.5,99,1788413148,1788461136,0,804,Clouds,couvert,04d,Tanis,2 Gîtes 3 possibilités à 10 mn du Mont Saint Michel,€ 409,48.577458878529,-1.449669474097,"7,9",Bien,39
mont saint michel,48.6359541,-1.51146,10000,1788426584,20.24,20.49,20.24,20.24,1022,83,1022,1017,4.6,217,6.5,99,1788413148,1788461136,0,804,Clouds,couvert,04d,Moidrey,Village de Gîtes de l'Anse de Moidrey,€ 221,48.57998825346737,-1.5165307712334197,"7,8",Bien,504
mont saint michel,48.6359541,-1.51146,10000,1788426584,20.24,20.49,20.24,20.24,1022,83,1022,1017,4.6,217,6.5,99,1788413148,1788461136,0,804,Clouds,couvert,04d,Céaux,Camping La Baie du Mont Saint Michel,€ 171,48.626681,-1.388192,"9,2",Fabuleux,384
mont saint michel,48.6359541,-1.51146,10000,1788426584,20.24,20.49,20.24,20.24,1022,83,1022,1017,4.6,217,6.5,99,1788413148,1788461136,0,804,Clouds,couvert,04d,Courtils,Colibri Studio,€ 157,48.6266613,-1.4098754,"8,4",Très bien,96
mont saint michel,48.6359541,-1.51146,10000,1788426584,20.24,20.49,20.24,20.24,1022,83,1022,1017,4.6,217,6.5,99,1788413148,1788461136,0,804,Clouds,couvert,04d,Courtils,Ferme De La Ruette-Chambres d'hôtes,€ 243,48.630855560302734,-1.4331740140914917,"8,4",Très bien,32
mont saint michel,48.6359541,-1.51146,10000,1788426584,20.24,20.49,20.24,20.24,1022,83,1022,1017,4.6,217,6.5,99,1788413148,1788461136,0,804,Clouds,couvert,04d,Dragey-Ronthon,Le clos saint Jean,€ 219,48.7077369,-1.4971728,"9,5",Exceptionnel,120
mont saint michel,48.6359541,-1.51146,10000,1788426584,20.24,20.49,20.24,20.24,1022,83,1022,1017,4.6,217,6.5,99,1788413148,1788461136,0,804,Clouds,couvert,04d,Roz-sur-Couesnon,"The Originals Boutique, Hôtel Les Quatre Salines, Le Mont Saint-Michel Sud",€ 186,48.59640421809817,-1.5892034769058228,"7,8",Bien,732
mont saint michel,48.6359541,-1.51146,10000,1788426584,20.24,20.49,20.24,20.24,1022,83,1022,1017,4.6,217,6.5,99,1788413148,1788461136,0,804,Clouds,couvert,04d,Courtils,La Parenthèse de la Baie,€ 253,48.629403160896,-1.428643716568,"7,3",Bien,334
mont saint michel,48.6359541,-1.51146,10000,1788426584,20.24,20.49,20.24,20.24,1022,83,1022,1017,4.6,217,6.5,99,1788413148,1788461136,0,804,Clouds,couvert,04d,Pontorson,Hôtel Victor Hugo,€ 451,48.5529491228595,-1.50805896686484,"8,7",Superbe,533
mont saint michel,48.6359541,-1.51146,10000,1788426584,20.24,20.49,20.24,20.24,1022,83,1022,1017,4.6,217,6.5,99,1788413148,1788461136,0,804,Clouds,couvert,04d,Roz-sur-Couesnon,Rêve du Revert,€ 201,48.583489850041,-1.58050435,"9,5",Exceptionnel,70
saint malo,48.649518,-2.0260409,10000,1788426585,22.29,22.61,22.1,22.29,1022,78,1022,1019,5.66,240,,100,1788413270,1788461260,0,804,Clouds,couvert,04d,Saint-Malo,Kyriad Prestige Saint-Malo,€ 410,48.63609920237719,-1.9892066717147827,"8,9",Superbe,6 987
saint malo,48.649518,-2.0260409,10000,1788426585,22.29,22.61,22.1,22.29,1022,78,1022,1019,5.66,240,,100,1788413270,1788461260,0,804,Clouds,couvert,04d,Saint-Malo,ibis Saint Malo Plage,€ 434,48.653156713658724,-2.012201249599457,"8,6",Superbe,2 471
saint malo,48.649518,-2.0260409,10000,1788426585,22.29,22.61,22.1,22.29,1022,78,1022,1019,5.66,240,,100,1788413270,1788461260,0,804,Clouds,couvert,04d,Saint-Malo,Hôtel Cartier,€ 349,48.65001324862027,-2.024831771850586,"8,5",Très bien,2 312
saint malo,48.649518,-2.0260409,10000,1788426585,22.29,22.61,22.1,22.29,1022,78,1022,1019,5.66,240,,100,1788413270,1788461260,0,804,Clouds,couvert,04d,Saint-Malo,Résidence Pierre & Vacances Ty Mat,€ 229,48.63837327973549,-2.0135128498077393,"8,1",Très bien,3 315
saint malo,48.649518,-2.0260409,10000,1788426585,22.29,22.61,22.1,22.29,1022,78,1022,1019,5.66,240,,100,1788413270,1788461260,0,804,Clouds,couvert,04d,Saint-Malo,"Le Confortable proche Intra-muros, Gare et Plage",€ 236,48.6469358,-2.0088237,"6,5",Note,9
saint malo,48.649518,-2.0260409,10000,1788426585,22.29,22.61,22.1,22.29,1022,78,1022,1019,5.66,240,,100,1788413270,1788461260,0,804,Clouds,couvert,04d,Saint-Malo,Hotel Kyriad Saint Malo Centre Plage,€ 320,48.65538572625009,-2.00562447309494,"8,4",Très bien,1 892
saint malo,48.649518,-2.0260409,10000,1788426585,22.29,22.61,22.1,22.29,1022,78,1022,1019,5.66,240,,100,1788413270,1788461260,0,804,Clouds,couvert,04d,Saint-Malo,hotelF1 Saint Malo,€ 124,48.621323,-1.987021,"6,9",Note,1 938
saint malo,48.649518,-2.0260409,10000,1788426585,22.29,22.61,22.1,22.29,1022,78,1022,1019,5.66,240,,100,1788413270,1788461260,0,804,Clouds,couvert,04d,Saint-Malo,Oceania Saint Malo,€ 644,48.65175688590083,-2.0184320211410522,"8,6",Superbe,1 333
saint malo,48.649518,-2.0260409,10000,1788426585,22.29,22.61,22.1,22.29,1022,78,1022,1019,5.66,240,,100,1788413270,1788461260,0,804,Clouds,couvert,04d,Saint-Malo,Le Sunset Malouin,€ 232,48.650125,-2.0026999,"9,1",Fabuleux,24
saint malo,48.649518,-2.0260409,10000,1788426585,22.29,22.61,22.1,22.29,1022,78,1022,1019,5.66,240,,100,1788413270,1788461260,0,804,Clouds,couvert,04d,Saint-Malo,Golden Tulip Saint Malo– Le Grand Bé,€ 429,48.6495690720354,-2.02686496197134,"8,6",Superbe,1 913
saint malo,48.649518,-2.0260409,10000,1788426585,22.29,22.61,22.1,22.29,1022,78,1022,1019,5.66,240,,100,1788413270,1788461260,0,804,Clouds,couvert,04d,Saint-Malo,Ibis Budget Saint Malo Centre,€ 202,48.638272645080725,-2.0094162226268963,"7,9",Bien,1 364
saint malo,48.649518,-2.0260409,10000,1788426585,22.29,22.61,22.1,22.29,1022,78,1022,1019,5.66,240,,100,1788413270,1788461260,0,804,Clouds,couvert,04d,Saint-Malo,Résidence Le Rochebonne,€ 269,48.661987,-1.9894332,"8,8",Superbe,146
saint malo,48.649518,-2.0260409,10000,1788426585,22.29,22.61,22.1,22.29,1022,78,1022,1019,5.66,240,,100,1788413270,1788461260,0,804,Clouds,couvert,04d,Saint-Malo,Domaine de la Barbinais,€ 222,48.644812516266285,-1.9593614355819682,"8,5",Très bien,1 478
saint malo,48.649518,-2.0260409,10000,1788426585,22.29,22.61,22.1,22.29,1022,78,1022,1019,5.66,240,,100,1788413270,1788461260,0,804,Clouds,couvert,04d,Saint-Malo,La Rotonde,€ 265,48.66251329819426,-1.9889357686042786,"7,3",Bien,2 579
saint malo,48.649518,-2.0260409,10000,1788426585,22.29,22.61,22.1,22.29,1022,78,1022,1019,5.66,240,,100,1788413270,1788461260,0,804,Clouds,couvert,04d,Saint-Malo,Résidence Goélia Le Domaine des Mauriers,€ 316,48.628024369044084,-1.9779841491297248,"7,0",Bien,115
saint malo,48.649518,-2.0260409,10000,1788426585,22.29,22.61,22.1,22.29,1022,78,1022,1019,5.66,240,,100,1788413270,1788461260,0,804,Clouds,couvert,04d,Saint-Malo,Residence Reine Marine,€ 470,48.66913503078455,-1.9835418462753296,"8,6",Superbe,921
saint malo,48.649518,-2.0260409,10000,1788426585,22.29,22.61,22.1,22.29,1022,78,1022,1019,5.66,240,,100,1788413270,1788461260,0,804,Clouds,couvert,04d,Saint-Malo,Escale Oceania Saint Malo,€ 369,48.65428009162275,-2.0088377594947815,"8,3",Très bien,2 096
saint malo,48.649518,-2.0260409,10000,1788426585,22.29,22.61,22.1,22.29,1022,78,1022,1019,5.66,240,,100,1788413270,1788461260,0,804,Clouds,couvert,04d,Saint-Malo,ibis Styles Saint Malo Port,€ 375,48.63962613573007,-2.012365314358476,"8,3",Très bien,2 330
saint malo,48.649518,-2.0260409,10000,1788426585,22.29,22.61,22.1,22.29,1022,78,1022,1019,5.66,240,,100,1788413270,1788461260,0,804,Clouds,couvert,04d,Saint-Malo,B&B HOTEL Saint-Malo Centre,€ 159,48.63682324479618,-1.9904014676590123,"7,0",Bien,3 256
saint malo,48.649518,-2.0260409,10000,1788426585,22.29,22.61,22.1,22.29,1022,78,1022,1019,5.66,240,,100,1788413270,1788461260,0,804,Clouds,couvert,04d,Saint-Malo,La Maison des Armateurs,€ 454,48.649205201142465,-2.024633288383484,"8,8",Superbe,1 981
saint malo,48.649518,-2.0260409,10000,1788426585,22.29,22.61,22.1,22.29,1022,78,1022,1019,5.66,240,,100,1788413270,1788461260,0,804,Clouds,couvert,04d,Saint-Malo,Sézam Appart’Hôtel Saint-Malo,€ 245,48.647800444195155,-2.008698286508182,"8,7",Superbe,2 249
saint malo,48.649518,-2.0260409,10000,1788426585,22.29,22.61,22.1,22.29,1022,78,1022,1019,5.66,240,,100,1788413270,1788461260,0,804,Clouds,couvert,04d,Saint-Malo,Camping Domaine de la Ville Huchet,€ 272,48.614993362753,-1.986980985348,"8,3",Très bien,136
saint malo,48.649518,-2.0260409,10000,1788426585,22.29,22.61,22.1,22.29,1022,78,1022,1019,5.66,240,,100,1788413270,1788461260,0,804,Clouds,couvert,04d,Saint-Malo,Hôtel Le Britannic,€ 214,48.64721482601644,-2.008757622090149,"7,5",Bien,685
saint malo,48.649518,-2.0260409,10000,1788426585,22.29,22.61,22.1,22.29,1022,78,1022,1019,5.66,240,,100,1788413270,1788461260,0,804,Clouds,couvert,04d,Saint-Malo,Ker MHAG,€ 422,48.637005228969,-2.01711637894345,"9,8",Exceptionnel,8
saint malo,48.649518,-2.0260409,10000,1788426585,22.29,22.61,22.1,22.29,1022,78,1022,1019,5.66,240,,100,1788413270,1788461260,0,804,Clouds,couvert,04d,Saint-Malo,Sydney,€ 308,48.6576205,-1.9955014,"9,2",Fabuleux,13
bayeux,49.2764624,-0.7024738,10000,1788426586,20.14,20.4,20.14,20.14,1021,84,1021,1015,7.05,241,10.4,97,1788412901,1788460994,0,804,Clouds,couvert,04d,Bayeux,Ibis Budget Bayeux,€ 179,49.25375889425724,-0.6468093395233154,"8,0",Très bien,2 028
bayeux,49.2764624,-0.7024738,10000,1788426586,20.14,20.4,20.14,20.14,1021,84,1021,1015,7.05,241,10.4,97,1788412901,1788460994,0,804,Clouds,couvert,04d,Bayeux,B&B HOTEL Bayeux,€ 244,49.269428715614055,-0.7066869735717773,"8,2",Très bien,717
bayeux,49.2764624,-0.7024738,10000,1788426586,20.14,20.4,20.14,20.14,1021,84,1021,1015,7.05,241,10.4,97,1788412901,1788460994,0,804,Clouds,couvert,04d,Bayeux,B&B Nathalie,€ 271,49.276465,-0.706367,"9,6",Exceptionnel,447
bayeux,49.2764624,-0.7024738,10000,1788426586,20.14,20.4,20.14,20.14,1021,84,1021,1015,7.05,241,10.4,97,1788412901,1788460994,0,804,Clouds,couvert,04d,Bayeux,Le Declic,€ 226,49.27933593079586,-0.7070561004303499,"8,2",Très bien,999
bayeux,49.2764624,-0.7024738,10000,1788426586,20.14,20.4,20.14,20.14,1021,84,1021,1015,7.05,241,10.4,97,1788412901,1788460994,0,804,Clouds,couvert,04d,Bayeux,Hôtel De Brunville & Spa,€ 390,49.27815768633019,-0.7035139203071594,"7,9",Bien,1 629
bayeux,49.2764624,-0.7024738,10000,1788426586,20.14,20.4,20.14,20.14,1021,84,1021,1015,7.05,241,10.4,97,1788412901,1788460994,0,804,Clouds,couvert,04d,Bayeux,Novotel Bayeux,€ 349,49.281769222390345,-0.7184886932373047,"8,1",Très bien,772
bayeux,49.2764624,-0.7024738,10000,1788426586,20.14,20.4,20.14,20.14,1021,84,1021,1015,7.05,241,10.4,97,1788412901,1788460994,0,804,Clouds,couvert,04d,Bayeux,Campanile Bayeux,€ 288,49.2699992608787,-0.7069498300552368,"7,7",Bien,1 280
bayeux,49.2764624,-0.7024738,10000,1788426586,20.14,20.4,20.14,20.14,1021,84,1021,1015,7.05,241,10.4,97,1788412901,1788460994,0,804,Clouds,couvert,04d,Bayeux,"Apt duplex ou plain pied tout confort plein centre ville Bayeux proche commerces, restaurants, avec terrasse privative ou jardin commun aménagé clos, parking gratuit à proximité, proche plages du débarquement",€ 253,49.279055345717914,-0.7085620611360355,"8,3",Très bien,493
bayeux,49.2764624,-0.7024738,10000,1788426586,20.14,20.4,20.14,20.14,1021,84,1021,1015,7.05,241,10.4,97,1788412901,1788460994,0,804,Clouds,couvert,04d,Bayeux,Studio Exupere,€ 300,49.2779637,-0.701677,"9,5",Exceptionnel,64
bayeux,49.2764624,-0.7024738,10000,1788426586,20.14,20.4,20.14,20.14,1021,84,1021,1015,7.05,241,10.4,97,1788412901,1788460994,0,804,Clouds,couvert,04d,Bayeux,Churchill Hotel Bayeux Centre,€ 666,49.27660730434995,-0.7005715370178223,"8,7",Superbe,640
bayeux,49.2764624,-0.7024738,10000,1788426586,20.14,20.4,20.14,20.14,1021,84,1021,1015,7.05,241,10.4,97,1788412901,1788460994,0,804,Clouds,couvert,04d,Bayeux,Les palmiers,€ 174,49.2776736,-0.6964679,"9,2",Fabuleux,97
bayeux,49.2764624,-0.7024738,10000,1788426586,20.14,20.4,20.14,20.14,1021,84,1021,1015,7.05,241,10.4,97,1788412901,1788460994,0,804,Clouds,couvert,04d,Bayeux,Clos de Bellefontaine BB,€ 523,49.27267163506437,-0.694861114025116,"9,5",Exceptionnel,153
bayeux,49.2764624,-0.7024738,10000,1788426586,20.14,20.4,20.14,20.14,1021,84,1021,1015,7.05,241,10.4,97,1788412901,1788460994,0,804,Clouds,couvert,04d,Bayeux,La Cour Royale,€ 304,49.277664,-0.708553,"8,5",Très bien,662
bayeux,49.2764624,-0.7024738,10000,1788426586,20.14,20.4,20.14,20.14,1021,84,1021,1015,7.05,241,10.4,97,1788412901,1788460994,0,804,Clouds,couvert,04d,Bayeux,"Appartement centre-ville Bayeux, tout à pied !",€ 424,49.2764341,-0.6999725,"9,6",Exceptionnel,84
bayeux,49.2764624,-0.7024738,10000,1788426586,20.14,20.4,20.14,20.14,1021,84,1021,1015,7.05,241,10.4,97,1788412901,1788460994,0,804,Clouds,couvert,04d,Bayeux,La cour des teinturiers,€ 366,49.2768198,-0.7001432999999999,"9,4",Fabuleux,125
bayeux,49.2764624,-0.7024738,10000,1788426586,20.14,20.4,20.14,20.14,1021,84,1021,1015,7.05,241,10.4,97,1788412901,1788460994,0,804,Clouds,couvert,04d,Bayeux,The 5th,€ 249,49.274516,-0.7022678,"8,6",Superbe,99
bayeux,49.2764624,-0.7024738,10000,1788426586,20.14,20.4,20.14,20.14,1021,84,1021,1015,7.05,241,10.4,97,1788412901,1788460994,0,804,Clouds,couvert,04d,Bayeux,L'École Buissonnière,€ 383,49.280809709309,-0.690811930142943,"9,4",Fabuleux,45
bayeux,49.2764624,-0.7024738,10000,1788426586,20.14,20.4,20.14,20.14,1021,84,1021,1015,7.05,241,10.4,97,1788412901,1788460994,0,804,Clouds,couvert,04d,Bayeux,Le nid Saint Jean appartement au coeur de la ville,€ 327,49.2762038,-0.6992624,"8,7",Superbe,60
bayeux,49.2764624,-0.7024738,10000,1788426586,20.14,20.4,20.14,20.14,1021,84,1021,1015,7.05,241,10.4,97,1788412901,1788460994,0,804,Clouds,couvert,04d,Bayeux,Hôtel Le Bayeux,€ 312,49.27415914147234,-0.7045063376426697,"7,2",Bien,438
bayeux,49.2764624,-0.7024738,10000,1788426586,20.14,20.4,20.14,20.14,1021,84,1021,1015,7.05,241,10.4,97,1788412901,1788460994,0,804,Clouds,couvert,04d,Bayeux,Le Cocon Bayeusain x Parking by Melrose,€ 320,49.2754274,-0.6977983,"8,0",Très bien,18
bayeux,49.2764624,-0.7024738,10000,1788426586,20.14,20.4,20.14,20.14,1021,84,1021,1015,7.05,241,10.4,97,1788412901,1788460994,0,804,Clouds,couvert,04d,Bayeux,D-DAY's,€ 280,49.279849908183,-0.7102807405279999,"9,1",Fabuleux,32
bayeux,49.2764624,-0.7024738,10000,1788426586,20.14,20.4,20.14,20.14,1021,84,1021,1015,7.05,241,10.4,97,1788412901,1788460994,0,804,Clouds,couvert,04d,Bayeux,Le Marcel,€ 180,49.2882637060847,-0.70211983114395,"9,8",Exceptionnel,6
bayeux,49.2764624,-0.7024738,10000,1788426586,20.14,20.4,20.14,20.14,1021,84,1021,1015,7.05,241,10.4,97,1788412901,1788460994,0,804,Clouds,couvert,04d,Bayeux,Aggarthi Bed and Breakfast,€ 702,49.274057642461024,-0.6985142827033997,"9,3",Fabuleux,318
bayeux,49.2764624,-0.7024738,10000,1788426586,20.14,20.4,20.14,20.14,1021,84,1021,1015,7.05,241,10.4,97,1788412901,1788460994,0,804,Clouds,couvert,04d,Bayeux,Parvis de la cathédrale de Bayeux vue directe,€ 227,49.275898735835,-0.704391889024,"9,3",Fabuleux,4
bayeux,49.2764624,-0.7024738,10000,1788426586,20.14,20.4,20.14,20.14,1021,84,1021,1015,7.05,241,10.4,97,1788412901,1788460994,0,804,Clouds,couvert,04d,Bayeux,La Parenthese,€ 355,49.2754258,-0.7120375,"8,6",Superbe,14
le havre,49.4938975,0.1079732,10000,1788426587,19.61,20.03,19.51,21.68,1021,92,1021,1019,5.66,230,,100,1788412688,1788460818,0,804,Clouds,couvert,04d,Le Havre,All Suites Appart Hôtel,€ 156,49.488691,0.12592899999999999,"8,4",Très bien,4 263
le havre,49.4938975,0.1079732,10000,1788426587,19.61,20.03,19.51,21.68,1021,92,1021,1019,5.66,230,,100,1788412688,1788460818,0,804,Clouds,couvert,04d,Le Havre,Novotel Le Havre Centre Gare,€ 217,49.49160831471097,0.12526988983154297,"8,1",Très bien,988
le havre,49.4938975,0.1079732,10000,1788426587,19.61,20.03,19.51,21.68,1021,92,1021,1019,5.66,230,,100,1788412688,1788460818,0,804,Clouds,couvert,04d,Le Havre,Appart'hôtel Odalys City,€ 142,49.4925039,0.129779,"8,4",Très bien,2 346
le havre,49.4938975,0.1079732,10000,1788426587,19.61,20.03,19.51,21.68,1021,92,1021,1019,5.66,230,,100,1788412688,1788460818,0,804,Clouds,couvert,04d,Le Havre,Ibis Budget Le Havre Les Docks,€ 99,49.49424468286882,0.14285242609787474,"7,8",Bien,2 340
le havre,49.4938975,0.1079732,10000,1788426587,19.61,20.03,19.51,21.68,1021,92,1021,1019,5.66,230,,100,1788412688,1788460818,0,804,Clouds,couvert,04d,Le Havre,Hilton Garden Inn Le Havre Centre,€ 286,49.49008699,0.097746957,"8,4",Très bien,2 101
le havre,49.4938975,0.1079732,10000,1788426587,19.61,20.03,19.51,21.68,1021,92,1021,1019,5.66,230,,100,1788412688,1788460818,0,804,Clouds,couvert,04d,Le Havre,"The Originals Boutique, Hôtel Le Marignan,Le Havre Centre Gare",€ 106,49.4922790779481,0.12310802936554,"7,9",Bien,2 765
le havre,49.4938975,0.1079732,10000,1788426587,19.61,20.03,19.51,21.68,1021,92,1021,1019,5.66,230,,100,1788412688,1788460818,0,804,Clouds,couvert,04d,Le Havre,Dalikyda,€ 293,49.4902364,0.0990713,,,
le havre,49.4938975,0.1079732,10000,1788426587,19.61,20.03,19.51,21.68,1021,92,1021,1019,5.66,230,,100,1788412688,1788460818,0,804,Clouds,couvert,04d,Le Havre,Hotel Spa Le Pasino,€ 285,49.49117449151481,0.11193662881851196,"8,4",Très bien,887
le havre,49.4938975,0.1079732,10000,1788426587,19.61,20.03,19.51,21.68,1021,92,1021,1019,5.66,230,,100,1788412688,1788460818,0,804,Clouds,couvert,04d,Le Havre,Aparthotel Adagio Access Le Havre Les Docks,€ 140,49.48741929210898,0.1315112120937556,"8,5",Très bien,917
le havre,49.4938975,0.1079732,10000,1788426587,19.61,20.03,19.51,21.68,1021,92,1021,1019,5.66,230,,100,1788412688,1788460818,0,804,Clouds,couvert,04d,Le Havre,UNISOTEL Le Havre,€ 66,49.51986370502591,0.11632613638460043,"6,0",Note,1 299
le havre,49.4938975,0.1079732,10000,1788426587,19.61,20.03,19.51,21.68,1021,92,1021,1019,5.66,230,,100,1788412688,1788460818,0,804,Clouds,couvert,04d,Le Havre,Premiere Classe Le Havre Centre-LES DOCKS,€ 83,49.49641693487313,0.15151233802873776,"7,7",Bien,2 694
le havre,49.4938975,0.1079732,10000,1788426587,19.61,20.03,19.51,21.68,1021,92,1021,1019,5.66,230,,100,1788412688,1788460818,0,804,Clouds,couvert,04d,Le Havre,Le charme de l ancien entre mer et ville,€ 155,49.4962963,0.0992278,"9,0",Fabuleux,55
le havre,49.4938975,0.1079732,10000,1788426587,19.61,20.03,19.51,21.68,1021,92,1021,1019,5.66,230,,100,1788412688,1788460818,0,804,Clouds,couvert,04d,Le Havre,Studio agréable,€ 105,49.5201941,0.0837986,"9,1",Fabuleux,46
le havre,49.4938975,0.1079732,10000,1788426587,19.61,20.03,19.51,21.68,1021,92,1021,1019,5.66,230,,100,1788412688,1788460818,0,804,Clouds,couvert,04d,Le Havre,L’échappée Mer,€ 135,49.4985429,0.0921762,"7,8",Bien,99
le havre,49.4938975,0.1079732,10000,1788426587,19.61,20.03,19.51,21.68,1021,92,1021,1019,5.66,230,,100,1788412688,1788460818,0,804,Clouds,couvert,04d,Le Havre,Le Cosy,€ 275,49.4983027,0.0919979,"9,1",Fabuleux,23
le havre,49.4938975,0.1079732,10000,1788426587,19.61,20.03,19.51,21.68,1021,92,1021,1019,5.66,230,,100,1788412688,1788460818,0,804,Clouds,couvert,04d,Le Havre,ibis Le Havre Centre,€ 202,49.4916414175279,0.11876016855239868,"8,1",Très bien,2 027
le havre,49.4938975,0.1079732,10000,1788426587,19.61,20.03,19.51,21.68,1021,92,1021,1019,5.66,230,,100,1788412688,1788460818,0,804,Clouds,couvert,04d,Le Havre,Quai Notre Dame,€ 287,49.4875707,0.1108754,"8,5",Très bien,23
le havre,49.4938975,0.1079732,10000,1788426587,19.61,20.03,19.51,21.68,1021,92,1021,1019,5.66,230,,100,1788412688,1788460818,0,804,Clouds,couvert,04d,Le Havre,Le Saint Joseph,€ 276,49.4916531,0.1051335,10,Exceptionnel,1
le havre,49.4938975,0.1079732,10000,1788426587,19.61,20.03,19.51,21.68,1021,92,1021,1019,5.66,230,,100,1788412688,1788460818,0,804,Clouds,couvert,04d,Le Havre,"Hôtel Richelieu, Le Havre Centre-Ville, Perret",€ 151,49.48881104581307,0.10760217905044556,"7,9",Bien,926
le havre,49.4938975,0.1079732,10000,1788426587,19.61,20.03,19.51,21.68,1021,92,1021,1019,5.66,230,,100,1788412688,1788460818,0,804,Clouds,couvert,04d,Le Havre,The People Le Havre,€ 140,49.4934219676408,0.13021990656852722,"8,2",Très bien,2 159
le havre,49.4938975,0.1079732,10000,1788426587,19.61,20.03,19.51,21.68,1021,92,1021,1019,5.66,230,,100,1788412688,1788460818,0,804,Clouds,couvert,04d,Le Havre,Le Nid Havrais,€ 147,49.4998651,0.1274384,"8,4",Très bien,49
le havre,49.4938975,0.1079732,10000,1788426587,19.61,20.03,19.51,21.68,1021,92,1021,1019,5.66,230,,100,1788412688,1788460818,0,804,Clouds,couvert,04d,Le Havre,"MAIRIE, Apart 50 m2 , Lumineux , Rénové , 4 Pers.",€ 140,49.494379,0.11040689999999999,"8,0",Très bien,74
le havre,49.4938975,0.1079732,10000,1788426587,19.61,20.03,19.51,21.68,1021,92,1021,1019,5.66,230,,100,1788412688,1788460818,0,804,Clouds,couvert,04d,Le Havre,"The Originals Boutique, Hôtel d'Angleterre, Le Havre, centre, plage",€ 115,49.4940491518633,0.0993664562702179,"7,3",Bien,1 813
le havre,49.4938975,0.1079732,10000,1788426587,19.61,20.03,19.51,21.68,1021,92,1021,1019,5.66,230,,100,1788412688,1788460818,0,804,Clouds,couvert,04d,Le Havre,L'Escale Appartements et Suites en bord de Mer,€ 122,49.490069,0.105589,"8,4",Très bien,1 080
le havre,49.4938975,0.1079732,10000,1788426587,19.61,20.03,19.51,21.68,1021,92,1021,1019,5.66,230,,100,1788412688,1788460818,0,804,Clouds,couvert,04d,Le Havre,Nomad Hotel le Havre Centre Gare,€ 168,49.49331760456112,0.12530688339768403,"8,5",Très bien,1 750
rouen,49.4404591,1.0939658,10000,1788426588,20.59,20.74,19.6,21.45,1021,78,1021,1009,5.66,250,,99,1788412456,1788460577,0,804,Clouds,couvert,04d,Rouen,ibis budget Rouen Centre Rive Gauche,€ 157,49.425341,1.068718,"8,3",Très bien,4 504
rouen,49.4404591,1.0939658,10000,1788426588,20.59,20.74,19.6,21.45,1021,78,1021,1009,5.66,250,,99,1788412456,1788460577,0,804,Clouds,couvert,04d,Rouen,Hyatt Place Rouen,€ 289,49.453285640641354,1.0982852973166501,"8,6",Superbe,2 107
rouen,49.4404591,1.0939658,10000,1788426588,20.59,20.74,19.6,21.45,1021,78,1021,1009,5.66,250,,99,1788412456,1788460577,0,804,Clouds,couvert,04d,Rouen,"Radisson Blu Hotel, Rouen Centre",€ 358,49.446441,1.09412,"8,9",Superbe,4 562
rouen,49.4404591,1.0939658,10000,1788426588,20.59,20.74,19.6,21.45,1021,78,1021,1009,5.66,250,,99,1788412456,1788460577,0,804,Clouds,couvert,04d,Rouen,B&B HOTEL Rouen Centre,€ 117,49.4303262811811,1.0848328471183777,"6,8",Note,3 459
rouen,49.4404591,1.0939658,10000,1788426588,20.59,20.74,19.6,21.45,1021,78,1021,1009,5.66,250,,99,1788412456,1788460577,0,804,Clouds,couvert,04d,Rouen,ibis Rouen Centre Rive Droite Pasteur,€ 206,49.4435,1.07581,"8,2",Très bien,1 591
rouen,49.4404591,1.0939658,10000,1788426588,20.59,20.74,19.6,21.45,1021,78,1021,1009,5.66,250,,99,1788412456,1788460577,0,804,Clouds,couvert,04d,Rouen,ibis Rouen Centre Champ de Mars,€ 244,49.43572312061268,1.1027312278747559,"8,2",Très bien,3 046
rouen,49.4404591,1.0939658,10000,1788426588,20.59,20.74,19.6,21.45,1021,78,1021,1009,5.66,250,,99,1788412456,1788460577,0,804,Clouds,couvert,04d,Rouen,Ibis Styles Rouen Centre Rive Gauche,€ 236,49.42498665756126,1.0686087460327043,"8,4",Très bien,1 480
rouen,49.4404591,1.0939658,10000,1788426588,20.59,20.74,19.6,21.45,1021,78,1021,1009,5.66,250,,99,1788412456,1788460577,0,804,Clouds,couvert,04d,Rouen,Novotel Rouen Centre Cathédrale,€ 383,49.4388505,1.0899553,"8,5",Très bien,1 932
rouen,49.4404591,1.0939658,10000,1788426588,20.59,20.74,19.6,21.45,1021,78,1021,1009,5.66,250,,99,1788412456,1788460577,0,804,Clouds,couvert,04d,Rouen,Mercure Rouen Centre Cathédrale,€ 290,49.44117284656542,1.0951754450798035,"8,5",Très bien,3 310
rouen,49.4404591,1.0939658,10000,1788426588,20.59,20.74,19.6,21.45,1021,78,1021,1009,5.66,250,,99,1788412456,1788460577,0,804,Clouds,couvert,04d,Rouen,Le Loft de l'Artiste,€ 321,49.4436483,1.1020626,"8,7",Superbe,97
rouen,49.4404591,1.0939658,10000,1788426588,20.59,20.74,19.6,21.45,1021,78,1021,1009,5.66,250,,99,1788412456,1788460577,0,804,Clouds,couvert,04d,Rouen,Le Petit Horloge,€ 314,49.4413794,1.0929714,"9,3",Fabuleux,38
rouen,49.4404591,1.0939658,10000,1788426588,20.59,20.74,19.6,21.45,1021,78,1021,1009,5.66,250,,99,1788412456,1788460577,0,804,Clouds,couvert,04d,Rouen,KYRIAD ROUEN SUD,€ 133,49.421793,1.106844,"8,0",Très bien,2 569
rouen,49.4404591,1.0939658,10000,1788426588,20.59,20.74,19.6,21.45,1021,78,1021,1009,5.66,250,,99,1788412456,1788460577,0,804,Clouds,couvert,04d,Rouen,Grand Hôtel De La Seine,€ 200,49.44158356828401,1.0814445465803146,"7,9",Bien,1 997
rouen,49.4404591,1.0939658,10000,1788426588,20.59,20.74,19.6,21.45,1021,78,1021,1009,5.66,250,,99,1788412456,1788460577,0,804,Clouds,couvert,04d,Rouen,Holiday Inn Express Rouen by IHG,€ 198,49.429988,1.072398,"8,5",Très bien,1 543
rouen,49.4404591,1.0939658,10000,1788426588,20.59,20.74,19.6,21.45,1021,78,1021,1009,5.66,250,,99,1788412456,1788460577,0,804,Clouds,couvert,04d,Rouen,Flaubert appartement avec parking idéal au cœur du centre-ville,€ 213,49.4456171,1.0828061,"7,3",Bien,42
rouen,49.4404591,1.0939658,10000,1788426588,20.59,20.74,19.6,21.45,1021,78,1021,1009,5.66,250,,99,1788412456,1788460577,0,804,Clouds,couvert,04d,Rouen,Novotel Suites Rouen Normandie,€ 257,49.443139221902975,1.0754263401031494,"8,5",Très bien,1 381
rouen,49.4404591,1.0939658,10000,1788426588,20.59,20.74,19.6,21.45,1021,78,1021,1009,5.66,250,,99,1788412456,1788460577,0,804,Clouds,couvert,04d,Rouen,Les Boréales,€ 188,49.4254701,1.0838855,"8,1",Très bien,966
rouen,49.4404591,1.0939658,10000,1788426588,20.59,20.74,19.6,21.45,1021,78,1021,1009,5.66,250,,99,1788412456,1788460577,0,804,Clouds,couvert,04d,Rouen,Studios Le Médicis,€ 111,49.449229517285,1.067943416879,"8,2",Très bien,1 030
rouen,49.4404591,1.0939658,10000,1788426588,20.59,20.74,19.6,21.45,1021,78,1021,1009,5.66,250,,99,1788412456,1788460577,0,804,Clouds,couvert,04d,Rouen,Hôtel Rouen Alba,€ 134,49.43844769495305,1.0943131148815155,"7,2",Bien,1 032
rouen,49.4404591,1.0939658,10000,1788426588,20.59,20.74,19.6,21.45,1021,78,1021,1009,5.66,250,,99,1788412456,1788460577,0,804,Clouds,couvert,04d,Rouen,Ibis Rouen Centre Rive Gauche Mermoz,€ 160,49.4344334121881,1.07183610554887,"7,8",Bien,1 631
rouen,49.4404591,1.0939658,10000,1788426588,20.59,20.74,19.6,21.45,1021,78,1021,1009,5.66,250,,99,1788412456,1788460577,0,804,Clouds,couvert,04d,Rouen,The TRIBE- Superbe duplex standing 8 places,€ 303,49.4350613,1.0779152,"9,2",Fabuleux,19
rouen,49.4404591,1.0939658,10000,1788426588,20.59,20.74,19.6,21.45,1021,78,1021,1009,5.66,250,,99,1788412456,1788460577,0,804,Clouds,couvert,04d,Rouen,"Moderne & Confortable, Au cœur de Rouen",€ 204,49.4495148,1.1033663,"9,1",Fabuleux,8
rouen,49.4404591,1.0939658,10000,1788426588,20.59,20.74,19.6,21.45,1021,78,1021,1009,5.66,250,,99,1788412456,1788460577,0,804,Clouds,couvert,04d,Rouen,Le Grand Chambellan,€ 253,49.4421095,1.0985492,"9,7",Exceptionnel,3
rouen,49.4404591,1.0939658,10000,1788426588,20.59,20.74,19.6,21.45,1021,78,1021,1009,5.66,250,,99,1788412456,1788460577,0,804,Clouds,couvert,04d,Rouen,La maison Bridgerton -325,€ 316,49.4485116,1.1081508,"6,2",Note,15
rouen,49.4404591,1.0939658,10000,1788426588,20.59,20.74,19.6,21.45,1021,78,1021,1009,5.66,250,,99,1788412456,1788460577,0,804,Clouds,couvert,04d,Rouen,Charmante Maison à Rouen,€ 172,49.4523918,1.0600095,"8,3",Très bien,47
paris,48.8588897,2.320041,10000,1788426058,21.49,21.5,20.62,23.34,1023,69,1023,1013,5.14,250,,60,1788412209,1788460235,0,803,Clouds,nuageux,04d,Paris,Hotel Trianon Rive Gauche,€ 1 079,48.848853262394854,2.3409099876880646,"8,4",Très bien,3 622
paris,48.8588897,2.320041,10000,1788426058,21.49,21.5,20.62,23.34,1023,69,1023,1013,5.14,250,,60,1788412209,1788460235,0,803,Clouds,nuageux,04d,Paris,Hilton Paris Opera,€ 1 284,48.875565910073085,2.3255234956741333,"7,5",Bien,664
paris,48.8588897,2.320041,10000,1788426058,21.49,21.5,20.62,23.34,1023,69,1023,1013,5.14,250,,60,1788412209,1788460235,0,803,Clouds,nuageux,04d,Paris,Ibis Styles Paris Batignolles,€ 381,48.88985257129384,2.321208715384273,"8,3",Très bien,3 220
paris,48.8588897,2.320041,10000,1788426058,21.49,21.5,20.62,23.34,1023,69,1023,1013,5.14,250,,60,1788412209,1788460235,0,803,Clouds,nuageux,04d,Paris,Hôtel Botaniste,€ 700,48.844839,2.264669,"8,6",Superbe,952
paris,48.8588897,2.320041,10000,1788426058,21.49,21.5,20.62,23.34,1023,69,1023,1013,5.14,250,,60,1788412209,1788460235,0,803,Clouds,nuageux,04d,Paris,Hilton Garden Inn Paris La Villette,€ 576,48.8963,2.383245,"8,3",Très bien,870
paris,48.8588897,2.320041,10000,1788426058,21.49,21.5,20.62,23.34,1023,69,1023,1013,5.14,250,,60,1788412209,1788460235,0,803,Clouds,nuageux,04d,Paris,Hotel Abbatial Saint Germain,€ 768,48.84969517052631,2.350545823574066,"8,8",Superbe,2 994
paris,48.8588897,2.320041,10000,1788426058,21.49,21.5,20.62,23.34,1023,69,1023,1013,5.14,250,,60,1788412209,1788460235,0,803,Clouds,nuageux,04d,Paris,Le Littré,€ 793,48.84542017808256,2.3240429162979126,"6,9",Note,1 622
paris,48.8588897,2.320041,10000,1788426058,21.49,21.5,20.62,23.34,1023,69,1023,1013,5.14,250,,60,1788412209,1788460235,0,803,Clouds,nuageux,04d,Paris,HotelF1 Paris Saint Ouen Marché Aux Puces,€ 147,48.90110629205327,2.332844057325019,"6,0",Note,17 050
paris,48.8588897,2.320041,10000,1788426058,21.49,21.5,20.62,23.34,1023,69,1023,1013,5.14,250,,60,1788412209,1788460235,0,803,Clouds,nuageux,04d,Paris,Courtyard by Marriott Paris Gare de Lyon,€ 991,48.845083,2.371372,"8,3",Très bien,1 034
paris,48.8588897,2.320041,10000,1788426058,21.49,21.5,20.62,23.34,1023,69,1023,1013,5.14,250,,60,1788412209,1788460235,0,803,Clouds,nuageux,04d,Paris,Pullman Paris Tour Eiffel,€ 1 241,48.855604014138976,2.2925618290901184,"8,1",Très bien,5 070
paris,48.8588897,2.320041,10000,1788426058,21.49,21.5,20.62,23.34,1023,69,1023,1013,5.14,250,,60,1788412209,1788460235,0,803,Clouds,nuageux,04d,Paris,Holiday Inn Paris,€ 723,48.846780201844595,2.3717956244945526,"8,4",Très bien,1 629
paris,48.8588897,2.320041,10000,1788426058,21.49,21.5,20.62,23.34,1023,69,1023,1013,5.14,250,,60,1788412209,1788460235,0,803,Clouds,nuageux,04d,Paris,Hotel Mercure La Sorbonne Saint-Germain-des-Prés,€ 1 430,48.84941277105371,2.343228757381439,"8,7",Superbe,351
paris,48.8588897,2.320041,10000,1788426058,21.49,21.5,20.62,23.34,1023,69,1023,1013,5.14,250,,60,1788412209,1788460235,0,803,Clouds,nuageux,04d,Paris,ibis Paris Bastille Opera,€ 494,48.85737304261048,2.3728799865082237,"8,0",Très bien,3 523
paris,48.8588897,2.320041,10000,1788426058,21.49,21.5,20.62,23.34,1023,69,1023,1013,5.14,250,,60,1788412209,1788460235,0,803,Clouds,nuageux,04d,Paris,Novotel Paris 14 Porte d'Orléans,€ 412,48.81959655014797,2.3261377215385437,"8,2",Très bien,4 001
paris,48.8588897,2.320041,10000,1788426058,21.49,21.5,20.62,23.34,1023,69,1023,1013,5.14,250,,60,1788412209,1788460235,0,803,Clouds,nuageux,04d,Paris,Campanile Prime Paris 19,€ 328,48.893424909270266,2.3800206184387207,"8,2",Très bien,6 500
paris,48.8588897,2.320041,10000,1788426058,21.49,21.5,20.62,23.34,1023,69,1023,1013,5.14,250,,60,1788412209,1788460235,0,803,Clouds,nuageux,04d,Paris,ibis Paris Gare de Lyon Diderot,€ 539,48.84612984886518,2.3760123820701438,"8,3",Très bien,2 685
paris,48.8588897,2.320041,10000,1788426058,21.49,21.5,20.62,23.34,1023,69,1023,1013,5.14,250,,60,1788412209,1788460235,0,803,Clouds,nuageux,04d,Paris,Bradford Elysées,€ 1 100,48.87291320304089,2.3081912844827457,"9,1",Fabuleux,1 097
paris,48.8588897,2.320041,10000,1788426058,21.49,21.5,20.62,23.34,1023,69,1023,1013,5.14,250,,60,1788412209,1788460235,0,803,Clouds,nuageux,04d,Paris,Vestay Montaigne,€ 668,48.8676077,2.302478296295,"9,4",Fabuleux,736
paris,48.8588897,2.320041,10000,1788426058,21.49,21.5,20.62,23.34,1023,69,1023,1013,5.14,250,,60,1788412209,1788460235,0,803,Clouds,nuageux,04d,Paris,Hotel Novex Paris,€ 306,48.82278549791811,2.3614999651908875,"5,7",Note,1 144
paris,48.8588897,2.320041,10000,1788426058,21.49,21.5,20.62,23.34,1023,69,1023,1013,5.14,250,,60,1788412209,1788460235,0,803,Clouds,nuageux,04d,Paris,Novotel Paris Les Halles,€ 1 365,48.86071368376858,2.346527874469757,"8,1",Très bien,2 290
paris,48.8588897,2.320041,10000,1788426058,21.49,21.5,20.62,23.34,1023,69,1023,1013,5.14,250,,60,1788412209,1788460235,0,803,Clouds,nuageux,04d,Paris,voco Paris Montparnasse by IHG,€ 681,48.838295556558386,2.32279971241951,"8,4",Très bien,1 867
paris,48.8588897,2.320041,10000,1788426058,21.49,21.5,20.62,23.34,1023,69,1023,1013,5.14,250,,60,1788412209,1788460235,0,803,Clouds,nuageux,04d,Paris,Aparthotel Adagio Paris Bercy Village,€ 497,48.831757877748146,2.3870158195495605,"8,0",Très bien,2 256
paris,48.8588897,2.320041,10000,1788426058,21.49,21.5,20.62,23.34,1023,69,1023,1013,5.14,250,,60,1788412209,1788460235,0,803,Clouds,nuageux,04d,Paris,Hotel Joke,€ 602,48.8824459,2.3318647999999484,"9,1",Fabuleux,1 599
paris,48.8588897,2.320041,10000,1788426058,21.49,21.5,20.62,23.34,1023,69,1023,1013,5.14,250,,60,1788412209,1788460235,0,803,Clouds,nuageux,04d,Paris,Mercure Paris Gare Montparnasse TGV,€ 615,48.83765250783906,2.3182855546474457,"7,2",Bien,4 812
paris,48.8588897,2.320041,10000,1788426058,21.49,21.5,20.62,23.34,1023,69,1023,1013,5.14,250,,60,1788412209,1788460235,0,803,Clouds,nuageux,04d,Paris,Crowne Plaza Paris,€ 1 146,48.867236996994556,2.365444153547287,"8,1",Très bien,1 348
amiens,49.8941708,2.2956951,10000,1788426591,20.67,20.88,20.67,20.67,1020,80,1020,1010,5.88,242,10.47,100,1788412129,1788460327,0,804,Clouds,couvert,04d,Amiens,Ibis Budget Amiens Centre Gare,€ 129,49.891591,2.313573,"8,3",Très bien,3 279
amiens,49.8941708,2.2956951,10000,1788426591,20.67,20.88,20.67,20.67,1020,80,1020,1010,5.88,242,10.47,100,1788412129,1788460327,0,804,Clouds,couvert,04d,Amiens,ibis Styles Amiens Sud,€ 271,49.879612824182246,2.266651015808119,"8,5",Très bien,5 103
amiens,49.8941708,2.2956951,10000,1788426591,20.67,20.88,20.67,20.67,1020,80,1020,1010,5.88,242,10.47,100,1788412129,1788460327,0,804,Clouds,couvert,04d,Amiens,Holiday Inn Express Amiens by IHG,€ 203,49.89167619790575,2.30775386095047,"7,8",Bien,3 451
amiens,49.8941708,2.2956951,10000,1788426591,20.67,20.88,20.67,20.67,1020,80,1020,1010,5.88,242,10.47,100,1788412129,1788460327,0,804,Clouds,couvert,04d,Amiens,Première Classe Amiens,€ 77,49.91856793088747,2.2933133845799603,"6,4",Note,1 858
amiens,49.8941708,2.2956951,10000,1788426591,20.67,20.88,20.67,20.67,1020,80,1020,1010,5.88,242,10.47,100,1788412129,1788460327,0,804,Clouds,couvert,04d,Amiens,ibis Styles Amiens Centre,€ 261,49.891422,2.304996,"8,6",Superbe,1 515
amiens,49.8941708,2.2956951,10000,1788426591,20.67,20.88,20.67,20.67,1020,80,1020,1010,5.88,242,10.47,100,1788412129,1788460327,0,804,Clouds,couvert,04d,Amiens,Mercure Amiens Cathédrale,€ 323,49.89571084445366,2.299562394618988,"8,3",Très bien,1 760
amiens,49.8941708,2.2956951,10000,1788426591,20.67,20.88,20.67,20.67,1020,80,1020,1010,5.88,242,10.47,100,1788412129,1788460327,0,804,Clouds,couvert,04d,Amiens,Comfort Hotel Amiens Nord,€ 102,49.925134033343554,2.3045727610588074,"7,3",Bien,2 142
amiens,49.8941708,2.2956951,10000,1788426591,20.67,20.88,20.67,20.67,1020,80,1020,1010,5.88,242,10.47,100,1788412129,1788460327,0,804,Clouds,couvert,04d,Amiens,Appart'City Confort Amiens Gare,€ 160,49.8943163,2.3097612000000254,"7,8",Bien,2 354
amiens,49.8941708,2.2956951,10000,1788426591,20.67,20.88,20.67,20.67,1020,80,1020,1010,5.88,242,10.47,100,1788412129,1788460327,0,804,Clouds,couvert,04d,Amiens,Moxy Amiens,€ 189,49.891249,2.30953,"8,4",Très bien,1 843
amiens,49.8941708,2.2956951,10000,1788426591,20.67,20.88,20.67,20.67,1020,80,1020,1010,5.88,242,10.47,100,1788412129,1788460327,0,804,Clouds,couvert,04d,Amiens,Appartement cosy Amiens,€ 158,49.8961879,2.2928383,,,
amiens,49.8941708,2.2956951,10000,1788426591,20.67,20.88,20.67,20.67,1020,80,1020,1010,5.88,242,10.47,100,1788412129,1788460327,0,804,Clouds,couvert,04d,Amiens,B&B HOTEL Amiens Sud,€ 166,49.8704669,2.3023817,"8,4",Très bien,87
amiens,49.8941708,2.2956951,10000,1788426591,20.67,20.88,20.67,20.67,1020,80,1020,1010,5.88,242,10.47,100,1788412129,1788460327,0,804,Clouds,couvert,04d,Amiens,You Hotel Amiens,€ 271,49.89109,2.313307,"8,9",Superbe,197
amiens,49.8941708,2.2956951,10000,1788426591,20.67,20.88,20.67,20.67,1020,80,1020,1010,5.88,242,10.47,100,1788412129,1788460327,0,804,Clouds,couvert,04d,Amiens,DOMITYS,€ 207,49.8791407531349,2.26473945388273,"9,0",Fabuleux,1 307
amiens,49.8941708,2.2956951,10000,1788426591,20.67,20.88,20.67,20.67,1020,80,1020,1010,5.88,242,10.47,100,1788412129,1788460327,0,804,Clouds,couvert,04d,Amiens,Maison cosy avec 3 chambres et 3 salles de bains,€ 328,49.9022645,2.3036914,"9,0",Fabuleux,72
amiens,49.8941708,2.2956951,10000,1788426591,20.67,20.88,20.67,20.67,1020,80,1020,1010,5.88,242,10.47,100,1788412129,1788460327,0,804,Clouds,couvert,04d,Amiens,Le Saint Louis,€ 171,49.889778847078894,2.3024994134902954,"8,2",Très bien,1 238
amiens,49.8941708,2.2956951,10000,1788426591,20.67,20.88,20.67,20.67,1020,80,1020,1010,5.88,242,10.47,100,1788412129,1788460327,0,804,Clouds,couvert,04d,Amiens,La Suite : studio Hypercentre,€ 127,49.8932952,2.3041744,"6,9",Note,26
amiens,49.8941708,2.2956951,10000,1788426591,20.67,20.88,20.67,20.67,1020,80,1020,1010,5.88,242,10.47,100,1788412129,1788460327,0,804,Clouds,couvert,04d,Amiens,Le Lounge,€ 131,49.8933102,2.3041545,"7,6",Bien,35
amiens,49.8941708,2.2956951,10000,1788426591,20.67,20.88,20.67,20.67,1020,80,1020,1010,5.88,242,10.47,100,1788412129,1788460327,0,804,Clouds,couvert,04d,Amiens,Hotel Le Prieuré et La Résidence,€ 192,49.894445193999786,2.3009423911571503,"8,4",Très bien,1 254
amiens,49.8941708,2.2956951,10000,1788426591,20.67,20.88,20.67,20.67,1020,80,1020,1010,5.88,242,10.47,100,1788412129,1788460327,0,804,Clouds,couvert,04d,Amiens,B&B HOTEL Amiens Centre Cathédrale,€ 156,49.891999,2.291969999999992,"8,2",Très bien,2 477
amiens,49.8941708,2.2956951,10000,1788426591,20.67,20.88,20.67,20.67,1020,80,1020,1010,5.88,242,10.47,100,1788412129,1788460327,0,804,Clouds,couvert,04d,Amiens,Grand Hotel de L'Univers,€ 169,49.89125422524248,2.304336056113243,"7,9",Bien,1 096
amiens,49.8941708,2.2956951,10000,1788426591,20.67,20.88,20.67,20.67,1020,80,1020,1010,5.88,242,10.47,100,1788412129,1788460327,0,804,Clouds,couvert,04d,Amiens,La ContrEscarpe,€ 86,49.8890048,2.3066561,"6,2",Note,42
amiens,49.8941708,2.2956951,10000,1788426591,20.67,20.88,20.67,20.67,1020,80,1020,1010,5.88,242,10.47,100,1788412129,1788460327,0,804,Clouds,couvert,04d,Amiens,Hôtel De Normandie,€ 104,49.891486120583785,2.304355502128601,"7,0",Bien,586
amiens,49.8941708,2.2956951,10000,1788426591,20.67,20.88,20.67,20.67,1020,80,1020,1010,5.88,242,10.47,100,1788412129,1788460327,0,804,Clouds,couvert,04d,Amiens,Charmant studio au coeur de St Leu hyper centre,€ 122,49.8935056,2.3069593,"8,7",Superbe,36
amiens,49.8941708,2.2956951,10000,1788426591,20.67,20.88,20.67,20.67,1020,80,1020,1010,5.88,242,10.47,100,1788412129,1788460327,0,804,Clouds,couvert,04d,Amiens,Nemea Appart Hotel Coliseum Amiens Centre,€ 153,49.8921749,2.2889352,"8,4",Très bien,1 628
amiens,49.8941708,2.2956951,10000,1788426591,20.67,20.88,20.67,20.67,1020,80,1020,1010,5.88,242,10.47,100,1788412129,1788460327,0,804,Clouds,couvert,04d,Amiens,Cabane bleue des Hortillonnages,€ 271,49.8948317849858,2.322237515763881,"9,6",Exceptionnel,35
lille,50.6365654,3.0635282,10000,1788426075,20.36,20.67,19.92,20.68,1018,85,1018,1015,7.72,230,,100,1788411881,1788460207,0,804,Clouds,couvert,04d,Lille,Residence Inn by Marriott Lille,€ 295,50.63686518512836,3.0732429027557373,"8,7",Superbe,482
lille,50.6365654,3.0635282,10000,1788426075,20.36,20.67,19.92,20.68,1018,85,1018,1015,7.72,230,,100,1788411881,1788460207,0,804,Clouds,couvert,04d,Lille,Grand Hotel Bellevue,€ 376,50.63654706975337,3.062342405319214,"8,5",Très bien,3 231
lille,50.6365654,3.0635282,10000,1788426075,20.36,20.67,19.92,20.68,1018,85,1018,1015,7.72,230,,100,1788411881,1788460207,0,804,Clouds,couvert,04d,Lille,Mama Shelter Lille,€ 275,50.639065,3.070951,"8,2",Très bien,2 387
lille,50.6365654,3.0635282,10000,1788426075,20.36,20.67,19.92,20.68,1018,85,1018,1015,7.72,230,,100,1788411881,1788460207,0,804,Clouds,couvert,04d,Lille,OKKO Hotels Lille Centre,€ 320,50.634074,3.064229,"8,7",Superbe,3 691
lille,50.6365654,3.0635282,10000,1788426075,20.36,20.67,19.92,20.68,1018,85,1018,1015,7.72,230,,100,1788411881,1788460207,0,804,Clouds,couvert,04d,Lille,Ibis Budget Lille Gares Vieux-Lille,€ 160,50.6424142164996,3.0678700466270357,"7,2",Bien,3 321
lille,50.6365654,3.0635282,10000,1788426075,20.36,20.67,19.92,20.68,1018,85,1018,1015,7.72,230,,100,1788411881,1788460207,0,804,Clouds,couvert,04d,Lille,ibis Lille Centre Grand Palais,€ 208,50.633198486768755,3.074476813491856,"8,3",Très bien,2 338
lille,50.6365654,3.0635282,10000,1788426075,20.36,20.67,19.92,20.68,1018,85,1018,1015,7.72,230,,100,1788411881,1788460207,0,804,Clouds,couvert,04d,Lille,Hotel Lille Europe,€ 255,50.63788756274342,3.0726850032806396,"8,1",Très bien,6 873
lille,50.6365654,3.0635282,10000,1788426075,20.36,20.67,19.92,20.68,1018,85,1018,1015,7.72,230,,100,1788411881,1788460207,0,804,Clouds,couvert,04d,Lille,Moxy Lille City,€ 262,50.627831,3.063592,"8,2",Très bien,4 148
lille,50.6365654,3.0635282,10000,1788426075,20.36,20.67,19.92,20.68,1018,85,1018,1015,7.72,230,,100,1788411881,1788460207,0,804,Clouds,couvert,04d,Lille,Appartements de Louise,€ 398,50.634665832722,3.063086959663,"8,8",Superbe,265
lille,50.6365654,3.0635282,10000,1788426075,20.36,20.67,19.92,20.68,1018,85,1018,1015,7.72,230,,100,1788411881,1788460207,0,804,Clouds,couvert,04d,Lille,Séjours & Affaires Lille Europe,€ 162,50.63647023221562,3.0749092251062393,"6,9",Note,3 061
lille,50.6365654,3.0635282,10000,1788426075,20.36,20.67,19.92,20.68,1018,85,1018,1015,7.72,230,,100,1788411881,1788460207,0,804,Clouds,couvert,04d,Lille,Hotel Chagnot,€ 201,50.63624596391233,3.069242388010025,"8,1",Très bien,4 227
lille,50.6365654,3.0635282,10000,1788426075,20.36,20.67,19.92,20.68,1018,85,1018,1015,7.72,230,,100,1788411881,1788460207,0,804,Clouds,couvert,04d,Lille,Hotel L'Arbre Voyageur,€ 331,50.6397393,3.067428100000029,"8,9",Superbe,1 301
lille,50.6365654,3.0635282,10000,1788426075,20.36,20.67,19.92,20.68,1018,85,1018,1015,7.72,230,,100,1788411881,1788460207,0,804,Clouds,couvert,04d,Lille,Hotel & Spa Oceania Lille Les Augustins,€ 499,50.6347504,3.0691948,"8,6",Superbe,1 068
lille,50.6365654,3.0635282,10000,1788426075,20.36,20.67,19.92,20.68,1018,85,1018,1015,7.72,230,,100,1788411881,1788460207,0,804,Clouds,couvert,04d,Lille,B&B HOTEL Lille Centre Grand Palais,€ 169,50.62813749606027,3.0814236402511597,"8,0",Très bien,4 156
lille,50.6365654,3.0635282,10000,1788426075,20.36,20.67,19.92,20.68,1018,85,1018,1015,7.72,230,,100,1788411881,1788460207,0,804,Clouds,couvert,04d,Lille,Lille City Hotel,€ 191,50.63359887135759,3.0632811784744263,"7,2",Bien,4 262
lille,50.6365654,3.0635282,10000,1788426075,20.36,20.67,19.92,20.68,1018,85,1018,1015,7.72,230,,100,1788411881,1788460207,0,804,Clouds,couvert,04d,Lille,B&B HOTEL Lille Lillenium Eurasanté,€ 161,50.615353999999996,3.043125,"8,5",Très bien,3 581
lille,50.6365654,3.0635282,10000,1788426075,20.36,20.67,19.92,20.68,1018,85,1018,1015,7.72,230,,100,1788411881,1788460207,0,804,Clouds,couvert,04d,Lille,Hilton Lille,€ 252,50.63993565332629,3.0756890773773193,"8,2",Très bien,1 266
lille,50.6365654,3.0635282,10000,1788426075,20.36,20.67,19.92,20.68,1018,85,1018,1015,7.72,230,,100,1788411881,1788460207,0,804,Clouds,couvert,04d,Lille,Best Western Premier Why Hotel,€ 332,50.63430829317451,3.061618208885193,"8,4",Très bien,1 454
lille,50.6365654,3.0635282,10000,1788426075,20.36,20.67,19.92,20.68,1018,85,1018,1015,7.72,230,,100,1788411881,1788460207,0,804,Clouds,couvert,04d,Lille,ibis Lille Centre Gares,€ 224,50.63470382946673,3.070800080895424,"7,9",Bien,1 999
lille,50.6365654,3.0635282,10000,1788426075,20.36,20.67,19.92,20.68,1018,85,1018,1015,7.72,230,,100,1788411881,1788460207,0,804,Clouds,couvert,04d,Lille,HOTEL AMBASSADEUR,€ 202,50.63544,3.070401,"7,8",Bien,3 225
lille,50.6365654,3.0635282,10000,1788426075,20.36,20.67,19.92,20.68,1018,85,1018,1015,7.72,230,,100,1788411881,1788460207,0,804,Clouds,couvert,04d,Lille,ibis Styles Lille Centre Grand Place,€ 263,50.63748439818657,3.0667881667613983,"8,1",Très bien,973
lille,50.6365654,3.0635282,10000,1788426075,20.36,20.67,19.92,20.68,1018,85,1018,1015,7.72,230,,100,1788411881,1788460207,0,804,Clouds,couvert,04d,Lille,Novotel Suites Lille Europe,€ 262,50.63883336981823,3.0766814947128296,"7,9",Bien,2 136
lille,50.6365654,3.0635282,10000,1788426075,20.36,20.67,19.92,20.68,1018,85,1018,1015,7.72,230,,100,1788411881,1788460207,0,804,Clouds,couvert,04d,Lille,Eklo Hotels Lille,€ 113,50.6200329566919,3.08456697196652,"7,7",Bien,3 039
lille,50.6365654,3.0635282,10000,1788426075,20.36,20.67,19.92,20.68,1018,85,1018,1015,7.72,230,,100,1788411881,1788460207,0,804,Clouds,couvert,04d,Lille,ibis Styles Lille Centre Gare Beffroi,€ 246,50.63238245171801,3.0679428577423096,"7,9",Bien,3 570
lille,50.6365654,3.0635282,10000,1788426075,20.36,20.67,19.92,20.68,1018,85,1018,1015,7.72,230,,100,1788411881,1788460207,0,804,Clouds,couvert,04d,Lille,Appart'City Confort Lille Grand Palais,€ 187,50.62905797790817,3.0811339616775513,"7,7",Bien,3 399
strasbourg,48.584614,7.7507127,10000,1788425829,23.43,23.21,22.99,25.43,1023,53,1023,1006,2.06,180,,41,1788410927,1788458912,0,802,Clouds,partiellement nuageux,03d,Strasbourg,Hôtel Restaurant Athena Spa,€ 235,48.59173665086212,7.711704969406128,"8,7",Superbe,3 830
strasbourg,48.584614,7.7507127,10000,1788425829,23.43,23.21,22.99,25.43,1023,53,1023,1006,2.06,180,,41,1788410927,1788458912,0,802,Clouds,partiellement nuageux,03d,Strasbourg,Ibis Budget Strasbourg Centre Gare,€ 186,48.5850817,7.736443300000019,"7,9",Bien,4 116
strasbourg,48.584614,7.7507127,10000,1788425829,23.43,23.21,22.99,25.43,1023,53,1023,1006,2.06,180,,41,1788410927,1788458912,0,802,Clouds,partiellement nuageux,03d,Strasbourg,The People,€ 196,48.581195,7.757318,"7,9",Bien,5 539
strasbourg,48.584614,7.7507127,10000,1788425829,23.43,23.21,22.99,25.43,1023,53,1023,1006,2.06,180,,41,1788410927,1788458912,0,802,Clouds,partiellement nuageux,03d,Strasbourg,City Residence Access Strasbourg,€ 157,48.590014,7.73987,"7,1",Bien,6 199
strasbourg,48.584614,7.7507127,10000,1788425829,23.43,23.21,22.99,25.43,1023,53,1023,1006,2.06,180,,41,1788410927,1788458912,0,802,Clouds,partiellement nuageux,03d,Strasbourg,ibis Strasbourg Centre Historique,€ 183,48.57825013933904,7.735356191436381,"7,2",Bien,4 103
strasbourg,48.584614,7.7507127,10000,1788425829,23.43,23.21,22.99,25.43,1023,53,1023,1006,2.06,180,,41,1788410927,1788458912,0,802,Clouds,partiellement nuageux,03d,Strasbourg,Hotel Strasbourg Montagne Verte & Restaurant,€ 144,48.57269177356032,7.7287135273218155,"8,4",Très bien,10 295
strasbourg,48.584614,7.7507127,10000,1788425829,23.43,23.21,22.99,25.43,1023,53,1023,1006,2.06,180,,41,1788410927,1788458912,0,802,Clouds,partiellement nuageux,03d,Strasbourg,ibis Strasbourg Centre Les Halles,€ 274,48.58599411098718,7.743063457282915,"8,1",Très bien,3 086
strasbourg,48.584614,7.7507127,10000,1788425829,23.43,23.21,22.99,25.43,1023,53,1023,1006,2.06,180,,41,1788410927,1788458912,0,802,Clouds,partiellement nuageux,03d,Strasbourg,Hôtel Arc-en-Ciel,€ 102,48.5788318,7.7175857,"6,5",Note,231
strasbourg,48.584614,7.7507127,10000,1788425829,23.43,23.21,22.99,25.43,1023,53,1023,1006,2.06,180,,41,1788410927,1788458912,0,802,Clouds,partiellement nuageux,03d,Strasbourg,ibis Styles Strasbourg Avenue du Rhin,€ 280,48.569366,7.777568999999971,"8,2",Très bien,2 839
strasbourg,48.584614,7.7507127,10000,1788425829,23.43,23.21,22.99,25.43,1023,53,1023,1006,2.06,180,,41,1788410927,1788458912,0,802,Clouds,partiellement nuageux,03d,Strasbourg,voco Strasbourg Centre,€ 383,48.589685,7.739508,"8,5",Très bien,4 514
strasbourg,48.584614,7.7507127,10000,1788425829,23.43,23.21,22.99,25.43,1023,53,1023,1006,2.06,180,,41,1788410927,1788458912,0,802,Clouds,partiellement nuageux,03d,Strasbourg,Le Grand Hotel By Stay Collection,€ 294,48.58469687655924,7.7365610003471375,"8,6",Superbe,7 209
strasbourg,48.584614,7.7507127,10000,1788425829,23.43,23.21,22.99,25.43,1023,53,1023,1006,2.06,180,,41,1788410927,1788458912,0,802,Clouds,partiellement nuageux,03d,Strasbourg,hotelF1 Strasbourg Pont de l'Europe,€ 88,48.57289100000002,7.792947312828119,"5,6",Note,1 967
strasbourg,48.584614,7.7507127,10000,1788425829,23.43,23.21,22.99,25.43,1023,53,1023,1006,2.06,180,,41,1788410927,1788458912,0,802,Clouds,partiellement nuageux,03d,Strasbourg,Citadines Eurometropole Strasbourg,€ 230,48.60427412195041,7.7044611217040915,"8,5",Très bien,6 723
strasbourg,48.584614,7.7507127,10000,1788425829,23.43,23.21,22.99,25.43,1023,53,1023,1006,2.06,180,,41,1788410927,1788458912,0,802,Clouds,partiellement nuageux,03d,Strasbourg,ibis Strasbourg Centre Petite France,€ 250,48.58253971270566,7.73732671705784,"7,8",Bien,2 907
strasbourg,48.584614,7.7507127,10000,1788425829,23.43,23.21,22.99,25.43,1023,53,1023,1006,2.06,180,,41,1788410927,1788458912,0,802,Clouds,partiellement nuageux,03d,Strasbourg,K Hotel,€ 193,48.5930475580478,7.714664146064706,"8,6",Superbe,3 686
strasbourg,48.584614,7.7507127,10000,1788425829,23.43,23.21,22.99,25.43,1023,53,1023,1006,2.06,180,,41,1788410927,1788458912,0,802,Clouds,partiellement nuageux,03d,Strasbourg,ibis Strasbourg Centre Gare,€ 349,48.58449519579479,7.736570611541538,"8,3",Très bien,1 716
strasbourg,48.584614,7.7507127,10000,1788425829,23.43,23.21,22.99,25.43,1023,53,1023,1006,2.06,180,,41,1788410927,1788458912,0,802,Clouds,partiellement nuageux,03d,Strasbourg,Premiere Classe Strasbourg Ouest,€ 119,48.58745940788533,7.690129280090332,"6,3",Note,4 241
strasbourg,48.584614,7.7507127,10000,1788425829,23.43,23.21,22.99,25.43,1023,53,1023,1006,2.06,180,,41,1788410927,1788458912,0,802,Clouds,partiellement nuageux,03d,Strasbourg,Ibis Styles Strasbourg Centre République,€ 359,48.59117448165584,7.753295302391052,"8,9",Superbe,1 796
strasbourg,48.584614,7.7507127,10000,1788425829,23.43,23.21,22.99,25.43,1023,53,1023,1006,2.06,180,,41,1788410927,1788458912,0,802,Clouds,partiellement nuageux,03d,Strasbourg,City Résidence Strasbourg Centre,€ 180,48.5890619439537,7.738798633217812,"7,8",Bien,6 031
strasbourg,48.584614,7.7507127,10000,1788425829,23.43,23.21,22.99,25.43,1023,53,1023,1006,2.06,180,,41,1788410927,1788458912,0,802,Clouds,partiellement nuageux,03d,Strasbourg,HANNONG Hotel & Wine Bar,€ 679,48.58279610699174,7.743128389120102,"8,8",Superbe,4 299
strasbourg,48.584614,7.7507127,10000,1788425829,23.43,23.21,22.99,25.43,1023,53,1023,1006,2.06,180,,41,1788410927,1788458912,0,802,Clouds,partiellement nuageux,03d,Strasbourg,Adonis Hotel Strasbourg,€ 226,48.588664032462866,7.757167965282861,"7,8",Bien,2 144
strasbourg,48.584614,7.7507127,10000,1788425829,23.43,23.21,22.99,25.43,1023,53,1023,1006,2.06,180,,41,1788410927,1788458912,0,802,Clouds,partiellement nuageux,03d,Strasbourg,Holiday Inn Express Strasbourg Centre by IHG,€ 344,48.57154051559203,7.745254915344276,"8,0",Très bien,5 994
strasbourg,48.584614,7.7507127,10000,1788425829,23.43,23.21,22.99,25.43,1023,53,1023,1006,2.06,180,,41,1788410927,1788458912,0,802,Clouds,partiellement nuageux,03d,Strasbourg,Aparthotel Adagio Access Strasbourg Petite France,€ 185,48.57924766466367,7.732225880026817,"8,0",Très bien,4 101
strasbourg,48.584614,7.7507127,10000,1788425829,23.43,23.21,22.99,25.43,1023,53,1023,1006,2.06,180,,41,1788410927,1788458912,0,802,Clouds,partiellement nuageux,03d,Strasbourg,Aparthotel Adagio Strasbourg Place Kleber,€ 271,48.58424797313473,7.745836079120636,"8,2",Très bien,1 670
strasbourg,48.584614,7.7507127,10000,1788425829,23.43,23.21,22.99,25.43,1023,53,1023,1006,2.06,180,,41,1788410927,1788458912,0,802,Clouds,partiellement nuageux,03d,Strasbourg,Hotel Esplanade,€ 184,48.58132734203915,7.769914269447327,"7,2",Bien,2 242
chateau du haut koenigsbourg,48.249382,7.3439412,10000,1788426594,20.91,20.26,20.9,22.11,1023,46,1023,975,2.57,180,,40,1788411051,1788458983,0,802,Clouds,partiellement nuageux,03d,Orschwiller,Domaine du Haut-Koenigsbourg,€ 263,48.24702280361078,7.346320925292957,"8,3",Très bien,652
chateau du haut koenigsbourg,48.249382,7.3439412,10000,1788426594,20.91,20.26,20.9,22.11,1023,46,1023,975,2.57,180,,40,1788411051,1788458983,0,802,Clouds,partiellement nuageux,03d,Orschwiller,Au pied du Château,€ 252,48.2484025,7.3548257,"9,1",Fabuleux,10
chateau du haut koenigsbourg,48.249382,7.3439412,10000,1788426594,20.91,20.26,20.9,22.11,1023,46,1023,975,2.57,180,,40,1788411051,1788458983,0,802,Clouds,partiellement nuageux,03d,Ebersheim,Spacieux duplex 1 à 6 personnes,€ 157,48.30435,7.502731,"9,9",Exceptionnel,58
chateau du haut koenigsbourg,48.249382,7.3439412,10000,1788426594,20.91,20.26,20.9,22.11,1023,46,1023,975,2.57,180,,40,1788411051,1788458983,0,802,Clouds,partiellement nuageux,03d,Muttersholtz,Le duplex du Ried à Muttersholtz en Alsace proche Europa Park,€ 172,48.2653965,7.5321072,"9,4",Fabuleux,19
chateau du haut koenigsbourg,48.249382,7.3439412,10000,1788426594,20.91,20.26,20.9,22.11,1023,46,1023,975,2.57,180,,40,1788411051,1788458983,0,802,Clouds,partiellement nuageux,03d,La Vancelle,Hotel Elisabeth,€ 148,48.28412545401512,7.302055209875107,"8,4",Très bien,385
chateau du haut koenigsbourg,48.249382,7.3439412,10000,1788426594,20.91,20.26,20.9,22.11,1023,46,1023,975,2.57,180,,40,1788411051,1788458983,0,802,Clouds,partiellement nuageux,03d,Muttersholtz,Duplex au cœur de l’Alsace,€ 284,48.2645536,7.5333957,"9,3",Fabuleux,56
chateau du haut koenigsbourg,48.249382,7.3439412,10000,1788426594,20.91,20.26,20.9,22.11,1023,46,1023,975,2.57,180,,40,1788411051,1788458983,0,802,Clouds,partiellement nuageux,03d,Saint-Pierre-Bois,Gîte 2,€ 293,48.33605194091797,7.357649803161621,"9,2",Fabuleux,24
chateau du haut koenigsbourg,48.249382,7.3439412,10000,1788426594,20.91,20.26,20.9,22.11,1023,46,1023,975,2.57,180,,40,1788411051,1788458983,0,802,Clouds,partiellement nuageux,03d,Muttersholtz,Appartement plain-pied au coeur de l'Alsace,€ 212,48.2645536,7.5333957,"9,2",Fabuleux,142
chateau du haut koenigsbourg,48.249382,7.3439412,10000,1788426594,20.91,20.26,20.9,22.11,1023,46,1023,975,2.57,180,,40,1788411051,1788458983,0,802,Clouds,partiellement nuageux,03d,Baldenheim,Tiny House des Cigognes,€ 252,48.2389815,7.534967,"9,3",Fabuleux,19
chateau du haut koenigsbourg,48.249382,7.3439412,10000,1788426594,20.91,20.26,20.9,22.11,1023,46,1023,975,2.57,180,,40,1788411051,1788458983,0,802,Clouds,partiellement nuageux,03d,Dambach-la-Ville,la grange à Emile,€ 196,48.32269531169,7.424590930688,"9,6",Exceptionnel,45
chateau du haut koenigsbourg,48.249382,7.3439412,10000,1788426594,20.91,20.26,20.9,22.11,1023,46,1023,975,2.57,180,,40,1788411051,1788458983,0,802,Clouds,partiellement nuageux,03d,Blienschwiller,La Terrasse des Vignes,€ 224,48.340935241541,7.4194383778,"8,5",Très bien,93
chateau du haut koenigsbourg,48.249382,7.3439412,10000,1788426594,20.91,20.26,20.9,22.11,1023,46,1023,975,2.57,180,,40,1788411051,1788458983,0,802,Clouds,partiellement nuageux,03d,Itterswiller,Hotel Restaurant Faller Emmebuckel,€ 186,48.36370927454431,7.4332594871521,"9,0",Fabuleux,251
chateau du haut koenigsbourg,48.249382,7.3439412,10000,1788426594,20.91,20.26,20.9,22.11,1023,46,1023,975,2.57,180,,40,1788411051,1788458983,0,802,Clouds,partiellement nuageux,03d,Baldenheim,Gîte de Juliana 4 ou 6 personnes,€ 229,48.2374529,7.5398297,"9,0",Fabuleux,54
chateau du haut koenigsbourg,48.249382,7.3439412,10000,1788426594,20.91,20.26,20.9,22.11,1023,46,1023,975,2.57,180,,40,1788411051,1788458983,0,802,Clouds,partiellement nuageux,03d,Ohnenheim,Charmante maison alsacienne proche Europa Park et Marchés de Noël,€ 334,48.181748,7.509357,"9,6",Exceptionnel,16
chateau du haut koenigsbourg,48.249382,7.3439412,10000,1788426594,20.91,20.26,20.9,22.11,1023,46,1023,975,2.57,180,,40,1788411051,1788458983,0,802,Clouds,partiellement nuageux,03d,Rombach-le-Franc,Gîte Saint Ludan,€ 384,48.2944542102352,7.218856438994408,"8,1",Très bien,61
chateau du haut koenigsbourg,48.249382,7.3439412,10000,1788426594,20.91,20.26,20.9,22.11,1023,46,1023,975,2.57,180,,40,1788411051,1788458983,0,802,Clouds,partiellement nuageux,03d,Ebersheim,GITE DE L'AUBACH,€ 264,48.2989468,7.497473,"9,6",Exceptionnel,27
chateau du haut koenigsbourg,48.249382,7.3439412,10000,1788426594,20.91,20.26,20.9,22.11,1023,46,1023,975,2.57,180,,40,1788411051,1788458983,0,802,Clouds,partiellement nuageux,03d,Kaysersberg,Gîtes Du Stekala,€ 199,48.13980140265818,7.26082487790984,"9,3",Fabuleux,176
chateau du haut koenigsbourg,48.249382,7.3439412,10000,1788426594,20.91,20.26,20.9,22.11,1023,46,1023,975,2.57,180,,40,1788411051,1788458983,0,802,Clouds,partiellement nuageux,03d,Saint-Hippolyte,"Hôtel Val-Vignes Colmar Haut-Koenigsbourg, The Originals Relais",€ 279,48.23481955207035,7.367786765098572,"8,5",Très bien,1 818
chateau du haut koenigsbourg,48.249382,7.3439412,10000,1788426594,20.91,20.26,20.9,22.11,1023,46,1023,975,2.57,180,,40,1788411051,1788458983,0,802,Clouds,partiellement nuageux,03d,Ohnenheim,La Cour de Mamama Appartement 5 Climatisé,€ 253,48.1814027363284,7.50941281441804,"9,6",Exceptionnel,27
chateau du haut koenigsbourg,48.249382,7.3439412,10000,1788426594,20.91,20.26,20.9,22.11,1023,46,1023,975,2.57,180,,40,1788411051,1788458983,0,802,Clouds,partiellement nuageux,03d,Villé,Les Chambres du Beau Regard,€ 202,48.344675931524726,7.305613060643736,"9,5",Exceptionnel,171
chateau du haut koenigsbourg,48.249382,7.3439412,10000,1788426594,20.91,20.26,20.9,22.11,1023,46,1023,975,2.57,180,,40,1788411051,1788458983,0,802,Clouds,partiellement nuageux,03d,Steige,"Le nid des mésanges, vallée de Villé",€ 158,48.361183,7.2372558,"9,2",Fabuleux,22
chateau du haut koenigsbourg,48.249382,7.3439412,10000,1788426594,20.91,20.26,20.9,22.11,1023,46,1023,975,2.57,180,,40,1788411051,1788458983,0,802,Clouds,partiellement nuageux,03d,Villé,La Bonne Franquette,€ 272,48.34259284670601,7.302472293376923,"8,2",Très bien,222
chateau du haut koenigsbourg,48.249382,7.3439412,10000,1788426594,20.91,20.26,20.9,22.11,1023,46,1023,975,2.57,180,,40,1788411051,1788458983,0,802,Clouds,partiellement nuageux,03d,Lièpvre,L'Escale d'Alsace,€ 199,48.2719084,7.280845999999999,"9,0",Fabuleux,78
chateau du haut koenigsbourg,48.249382,7.3439412,10000,1788426594,20.91,20.26,20.9,22.11,1023,46,1023,975,2.57,180,,40,1788411051,1788458983,0,802,Clouds,partiellement nuageux,03d,Bergheim,Résidence Odalys Le Domaine des Rois,€ 219,48.20677889774261,7.355126738548279,"7,6",Bien,612
chateau du haut koenigsbourg,48.249382,7.3439412,10000,1788426594,20.91,20.26,20.9,22.11,1023,46,1023,975,2.57,180,,40,1788411051,1788458983,0,802,Clouds,partiellement nuageux,03d,Bergheim,La Cour du Bailli Suites & Spa,€ 208,48.20576177578065,7.359442412853241,"8,4",Très bien,1 579
colmar,48.0777517,7.3579641,10000,1788426595,23.95,23.71,23.36,23.97,1023,50,1023,981,4.3,166,5.8,27,1788411061,1788458966,0,802,Clouds,partiellement nuageux,03d,Colmar,Résidence Pierre & Vacances La Petite Venise,€ 218,48.070939860424986,7.3538655640004436,"8,6",Superbe,2 517
colmar,48.0777517,7.3579641,10000,1788426595,23.95,23.71,23.36,23.97,1023,50,1023,981,4.3,166,5.8,27,1788411061,1788458966,0,802,Clouds,partiellement nuageux,03d,Colmar,Hôtel Maison Turenne,€ 359,48.07192026320514,7.360539436340332,"8,7",Superbe,5 222
colmar,48.0777517,7.3579641,10000,1788426595,23.95,23.71,23.36,23.97,1023,50,1023,981,4.3,166,5.8,27,1788411061,1788458966,0,802,Clouds,partiellement nuageux,03d,Colmar,Novotel Suites Colmar Centre,€ 515,48.07161741558895,7.3599910552253505,"8,9",Superbe,2 309
colmar,48.0777517,7.3579641,10000,1788426595,23.95,23.71,23.36,23.97,1023,50,1023,981,4.3,166,5.8,27,1788411061,1788458966,0,802,Clouds,partiellement nuageux,03d,Colmar,ibis Budget Colmar Centre Gare,€ 158,48.079697589205196,7.352361588954864,"7,2",Bien,5 984
colmar,48.0777517,7.3579641,10000,1788426595,23.95,23.71,23.36,23.97,1023,50,1023,981,4.3,166,5.8,27,1788411061,1788458966,0,802,Clouds,partiellement nuageux,03d,Colmar,Cit'Hotel Primo Colmar Centre,€ 133,48.081514688242486,7.357281222939491,"6,9",Note,931
colmar,48.0777517,7.3579641,10000,1788426595,23.95,23.71,23.36,23.97,1023,50,1023,981,4.3,166,5.8,27,1788411061,1788458966,0,802,Clouds,partiellement nuageux,03d,Colmar,B&B HOTEL Colmar Lumière,€ 138,48.1124779999594,7.3676687479019165,"7,9",Bien,4 761
colmar,48.0777517,7.3579641,10000,1788426595,23.95,23.71,23.36,23.97,1023,50,1023,981,4.3,166,5.8,27,1788411061,1788458966,0,802,Clouds,partiellement nuageux,03d,Colmar,Appart'hôtel Odalys City,€ 415,48.07891558140651,7.365148393658274,"8,2",Très bien,5 789
colmar,48.0777517,7.3579641,10000,1788426595,23.95,23.71,23.36,23.97,1023,50,1023,981,4.3,166,5.8,27,1788411061,1788458966,0,802,Clouds,partiellement nuageux,03d,Colmar,"Hotel L'Europe Colmar, BW Signature Collection",€ 345,48.0772062173984,7.403871864080429,"8,6",Superbe,5 348
colmar,48.0777517,7.3579641,10000,1788426595,23.95,23.71,23.36,23.97,1023,50,1023,981,4.3,166,5.8,27,1788411061,1788458966,0,802,Clouds,partiellement nuageux,03d,Colmar,L'Attique de la Taillanderie,€ 356,48.0778433937822,7.34979570763017,"9,4",Fabuleux,25
colmar,48.0777517,7.3579641,10000,1788426595,23.95,23.71,23.36,23.97,1023,50,1023,981,4.3,166,5.8,27,1788411061,1788458966,0,802,Clouds,partiellement nuageux,03d,Colmar,ibis Colmar Est,€ 177,48.07790332424113,7.402797639369965,"7,5",Bien,4 799
colmar,48.0777517,7.3579641,10000,1788426595,23.95,23.71,23.36,23.97,1023,50,1023,981,4.3,166,5.8,27,1788411061,1788458966,0,802,Clouds,partiellement nuageux,03d,Colmar,Logis Hotel Saint-Martin,€ 1 151,48.07641680865711,7.359351888298988,"8,4",Très bien,4 624
colmar,48.0777517,7.3579641,10000,1788426595,23.95,23.71,23.36,23.97,1023,50,1023,981,4.3,166,5.8,27,1788411061,1788458966,0,802,Clouds,partiellement nuageux,03d,Colmar,Les Jacynthes,€ 174,48.0878537633988,7.3608934879303,"8,4",Très bien,166
colmar,48.0777517,7.3579641,10000,1788426595,23.95,23.71,23.36,23.97,1023,50,1023,981,4.3,166,5.8,27,1788411061,1788458966,0,802,Clouds,partiellement nuageux,03d,Colmar,Gîtes La Petite Venise Colmar,€ 231,48.0740315,7.3597238,"7,7",Bien,260
colmar,48.0777517,7.3579641,10000,1788426595,23.95,23.71,23.36,23.97,1023,50,1023,981,4.3,166,5.8,27,1788411061,1788458966,0,802,Clouds,partiellement nuageux,03d,Colmar,Hotel Le Colombier,€ 538,48.073768034303555,7.358293756842613,"8,9",Superbe,3 015
colmar,48.0777517,7.3579641,10000,1788426595,23.95,23.71,23.36,23.97,1023,50,1023,981,4.3,166,5.8,27,1788411061,1788458966,0,802,Clouds,partiellement nuageux,03d,Colmar,Hotel Arc-En-Ciel Colmar Contact Hotel,€ 232,48.08745399108503,7.360686957836151,"8,2",Très bien,4 892
colmar,48.0777517,7.3579641,10000,1788426595,23.95,23.71,23.36,23.97,1023,50,1023,981,4.3,166,5.8,27,1788411061,1788458966,0,802,Clouds,partiellement nuageux,03d,Colmar,B&B HOTEL Colmar Expo,€ 183,48.0963028332922,7.36164164047545,"8,2",Très bien,3 301
colmar,48.0777517,7.3579641,10000,1788426595,23.95,23.71,23.36,23.97,1023,50,1023,981,4.3,166,5.8,27,1788411061,1788458966,0,802,Clouds,partiellement nuageux,03d,Colmar,Ibis Styles Colmar Nord,€ 281,48.11068713707552,7.362433075904846,"8,2",Très bien,2 547
colmar,48.0777517,7.3579641,10000,1788426595,23.95,23.71,23.36,23.97,1023,50,1023,981,4.3,166,5.8,27,1788411061,1788458966,0,802,Clouds,partiellement nuageux,03d,Colmar,Hôtel Quatorze,€ 392,48.07623849558461,7.356447726488113,"8,4",Très bien,1 567
colmar,48.0777517,7.3579641,10000,1788426595,23.95,23.71,23.36,23.97,1023,50,1023,981,4.3,166,5.8,27,1788411061,1788458966,0,802,Clouds,partiellement nuageux,03d,Colmar,Unisotel Colmar Parc Des Exposition EX F1,€ 56,48.10826,7.362704,"4,4",Note,1 882
colmar,48.0777517,7.3579641,10000,1788426595,23.95,23.71,23.36,23.97,1023,50,1023,981,4.3,166,5.8,27,1788411061,1788458966,0,802,Clouds,partiellement nuageux,03d,Colmar,Cosy Home Colmar,€ 414,48.0702309,7.364187100000001,"8,6",Superbe,164
colmar,48.0777517,7.3579641,10000,1788426595,23.95,23.71,23.36,23.97,1023,50,1023,981,4.3,166,5.8,27,1788411061,1788458966,0,802,Clouds,partiellement nuageux,03d,Colmar,"The Originals City, Hôtel Colmar Gare",€ 185,48.07705926822105,7.349338531494141,"7,6",Bien,2 841
colmar,48.0777517,7.3579641,10000,1788426595,23.95,23.71,23.36,23.97,1023,50,1023,981,4.3,166,5.8,27,1788411061,1788458966,0,802,Clouds,partiellement nuageux,03d,Colmar,La Grenouillère,€ 245,48.0774149,7.36172629999999,"9,0",Fabuleux,75
colmar,48.0777517,7.3579641,10000,1788426595,23.95,23.71,23.36,23.97,1023,50,1023,981,4.3,166,5.8,27,1788411061,1788458966,0,802,Clouds,partiellement nuageux,03d,Colmar,Le 11 un écrin dans Colmar,€ 258,48.0740529380134,7.36439861747435,"8,4",Très bien,33
colmar,48.0777517,7.3579641,10000,1788426595,23.95,23.71,23.36,23.97,1023,50,1023,981,4.3,166,5.8,27,1788411061,1788458966,0,802,Clouds,partiellement nuageux,03d,Colmar,appartement le fil d'or,€ 326,48.0740117,7.3605212,"8,9",Superbe,383
colmar,48.0777517,7.3579641,10000,1788426595,23.95,23.71,23.36,23.97,1023,50,1023,981,4.3,166,5.8,27,1788411061,1788458966,0,802,Clouds,partiellement nuageux,03d,Colmar,Appartement proche centre Colmar parking public gratuit,€ 273,48.0838059,7.3490241,"9,3",Fabuleux,47
eguisheim,48.0447968,7.3079618,10000,1788426596,23.92,23.7,23.32,23.94,1023,51,1023,979,4.3,166,5.8,22,1788411076,1788458975,0,801,Clouds,peu nuageux,02d,Eguisheim,Hotel SPA Restaurant Husseren Collections,€ 457,48.0349876742797,7.27613836526871,"8,9",Superbe,6 594
eguisheim,48.0447968,7.3079618,10000,1788426596,23.92,23.7,23.32,23.94,1023,51,1023,979,4.3,166,5.8,22,1788411076,1788458975,0,801,Clouds,peu nuageux,02d,Eguisheim,Résidence Pierre & Vacances Le Clos d'Eguisheim,€ 266,48.04502733567647,7.311854660511017,"8,1",Très bien,1 507
eguisheim,48.0447968,7.3079618,10000,1788426596,23.92,23.7,23.32,23.94,1023,51,1023,979,4.3,166,5.8,22,1788411076,1788458975,0,801,Clouds,peu nuageux,02d,Eguisheim,L'Ecrin du Rempart,€ 233,48.0417498,7.3054735,"9,6",Exceptionnel,66
eguisheim,48.0447968,7.3079618,10000,1788426596,23.92,23.7,23.32,23.94,1023,51,1023,979,4.3,166,5.8,22,1788411076,1788458975,0,801,Clouds,peu nuageux,02d,Eguisheim,"James Vignoble Hôtel, Eguisheim",€ 510,48.04496277423659,7.30157844722271,"9,0",Fabuleux,2 030
eguisheim,48.0447968,7.3079618,10000,1788426596,23.92,23.7,23.32,23.94,1023,51,1023,979,4.3,166,5.8,22,1788411076,1788458975,0,801,Clouds,peu nuageux,02d,Eguisheim,La Grange du Pape,€ 198,48.04349458442274,7.304390072822571,"7,7",Bien,451
eguisheim,48.0447968,7.3079618,10000,1788426596,23.92,23.7,23.32,23.94,1023,51,1023,979,4.3,166,5.8,22,1788411076,1788458975,0,801,Clouds,peu nuageux,02d,Eguisheim,Gite Traditionnel au Centre Historique d'Éguisheim,€ 368,48.0425763,7.3052435,"9,1",Fabuleux,59
eguisheim,48.0447968,7.3079618,10000,1788426596,23.92,23.7,23.32,23.94,1023,51,1023,979,4.3,166,5.8,22,1788411076,1788458975,0,801,Clouds,peu nuageux,02d,Eguisheim,La Légende des 2 Pierres,€ 480,48.04299853012026,7.304489390213007,"8,7",Superbe,104
eguisheim,48.0447968,7.3079618,10000,1788426596,23.92,23.7,23.32,23.94,1023,51,1023,979,4.3,166,5.8,22,1788411076,1788458975,0,801,Clouds,peu nuageux,02d,Eguisheim,Les trois pierres,€ 629,48.045389099073,7.301809369312,"9,1",Fabuleux,32
eguisheim,48.0447968,7.3079618,10000,1788426596,23.92,23.7,23.32,23.94,1023,51,1023,979,4.3,166,5.8,22,1788411076,1788458975,0,801,Clouds,peu nuageux,02d,Eguisheim,Le Zen,€ 354,48.04270935058594,7.304419994354248,"7,5",Bien,2
eguisheim,48.0447968,7.3079618,10000,1788426596,23.92,23.7,23.32,23.94,1023,51,1023,979,4.3,166,5.8,22,1788411076,1788458975,0,801,Clouds,peu nuageux,02d,Eguisheim,Gite du Vignoble,€ 221,48.0472851535273,7.31241405133088,"8,3",Très bien,3
eguisheim,48.0447968,7.3079618,10000,1788426596,23.92,23.7,23.32,23.94,1023,51,1023,979,4.3,166,5.8,22,1788411076,1788458975,0,801,Clouds,peu nuageux,02d,Eguisheim,B&B Relais du Vigneron,€ 221,48.0431,7.303982,"9,2",Fabuleux,73
eguisheim,48.0447968,7.3079618,10000,1788426596,23.92,23.7,23.32,23.94,1023,51,1023,979,4.3,166,5.8,22,1788411076,1788458975,0,801,Clouds,peu nuageux,02d,Husseren-les-Châteaux,Les Appartements Husseren Collections,€ 350,48.0318626,7.2790279,"9,0",Fabuleux,224
eguisheim,48.0447968,7.3079618,10000,1788426596,23.92,23.7,23.32,23.94,1023,51,1023,979,4.3,166,5.8,22,1788411076,1788458975,0,801,Clouds,peu nuageux,02d,Wettolsheim,DUPLEX Le 12,€ 306,48.055507640258,7.297948369346,"9,4",Fabuleux,102
eguisheim,48.0447968,7.3079618,10000,1788426596,23.92,23.7,23.32,23.94,1023,51,1023,979,4.3,166,5.8,22,1788411076,1788458975,0,801,Clouds,peu nuageux,02d,Wettolsheim,Logis Hôtel Restaurant La Palette,€ 193,48.060596511730516,7.303526401519775,"7,9",Bien,125
eguisheim,48.0447968,7.3079618,10000,1788426596,23.92,23.7,23.32,23.94,1023,51,1023,979,4.3,166,5.8,22,1788411076,1788458975,0,801,Clouds,peu nuageux,02d,Gueberschwihr,Hôtel Terra Vinum,€ 350,48.0053167,7.280162,"9,1",Fabuleux,1 212
eguisheim,48.0447968,7.3079618,10000,1788426596,23.92,23.7,23.32,23.94,1023,51,1023,979,4.3,166,5.8,22,1788411076,1788458975,0,801,Clouds,peu nuageux,02d,Colmar,Résidence Pierre & Vacances La Petite Venise,€ 218,48.070939860424986,7.3538655640004436,"8,6",Superbe,2 517
eguisheim,48.0447968,7.3079618,10000,1788426596,23.92,23.7,23.32,23.94,1023,51,1023,979,4.3,166,5.8,22,1788411076,1788458975,0,801,Clouds,peu nuageux,02d,Wintzenheim,B&B HOTEL Colmar Vignobles Ouest,€ 137,48.0838987062453,7.313715218979723,"7,6",Bien,2 217
eguisheim,48.0447968,7.3079618,10000,1788426596,23.92,23.7,23.32,23.94,1023,51,1023,979,4.3,166,5.8,22,1788411076,1788458975,0,801,Clouds,peu nuageux,02d,Herrlisheim-près-Colmar,La Maison D'ayona,€ 194,48.0170878488828,7.33282282948494,"8,9",Superbe,98
eguisheim,48.0447968,7.3079618,10000,1788426596,23.92,23.7,23.32,23.94,1023,51,1023,979,4.3,166,5.8,22,1788411076,1788458975,0,801,Clouds,peu nuageux,02d,Wettolsheim,CHATEAU R,€ 474,48.0575458,7.3070346,"8,7",Superbe,85
eguisheim,48.0447968,7.3079618,10000,1788426596,23.92,23.7,23.32,23.94,1023,51,1023,979,4.3,166,5.8,22,1788411076,1788458975,0,801,Clouds,peu nuageux,02d,Herrlisheim-près-Colmar,Appartement cosy avec jardin,€ 219,48.0161372,7.3214047,,,
eguisheim,48.0447968,7.3079618,10000,1788426596,23.92,23.7,23.32,23.94,1023,51,1023,979,4.3,166,5.8,22,1788411076,1788458975,0,801,Clouds,peu nuageux,02d,Wintzenheim,"Chez "" Les Ligibell """,€ 282,48.0864672566822,7.30921042564683,"9,4",Fabuleux,48
eguisheim,48.0447968,7.3079618,10000,1788426596,23.92,23.7,23.32,23.94,1023,51,1023,979,4.3,166,5.8,22,1788411076,1788458975,0,801,Clouds,peu nuageux,02d,Wintzenheim,Duplex moderne à 10 minutes de Colmar,€ 218,48.0732004,7.2921457,"9,4",Fabuleux,178
eguisheim,48.0447968,7.3079618,10000,1788426596,23.92,23.7,23.32,23.94,1023,51,1023,979,4.3,166,5.8,22,1788411076,1788458975,0,801,Clouds,peu nuageux,02d,Wintzenheim,Gîtes intemporels d'Alsace,€ 422,48.068011,7.3173397,"9,6",Exceptionnel,43
eguisheim,48.0447968,7.3079618,10000,1788426596,23.92,23.7,23.32,23.94,1023,51,1023,979,4.3,166,5.8,22,1788411076,1788458975,0,801,Clouds,peu nuageux,02d,Gueberschwihr,Feuille de vigne,€ 319,48.0044874,7.2786194,"9,3",Fabuleux,13
eguisheim,48.0447968,7.3079618,10000,1788426596,23.92,23.7,23.32,23.94,1023,51,1023,979,4.3,166,5.8,22,1788411076,1788458975,0,801,Clouds,peu nuageux,02d,Gueberschwihr,"Gîtes rénovés avec goût au coeur du vignoble, route des vins, Alsace, Gueberschwihr",€ 234,48.0045192,7.2761352,"9,5",Exceptionnel,30
besancon,47.2380222,6.0243622,10000,1788426061,24.3,24.25,21.35,24.3,1024,56,1024,984,1.3,321,2.0,7,1788411447,1788459220,0,800,Clear,ciel dégagé,01d,Besançon,ibis Styles Besançon,€ 204,47.2542534551454,6.021639704704285,"7,7",Bien,5 277
besancon,47.2380222,6.0243622,10000,1788426061,24.3,24.25,21.35,24.3,1024,56,1024,984,1.3,321,2.0,7,1788411447,1788459220,0,800,Clear,ciel dégagé,01d,Besançon,Premiere Classe Besancon Ecole Valentin,€ 96,47.27044103591704,5.9982722997665405,"6,9",Note,2 043
besancon,47.2380222,6.0243622,10000,1788426061,24.3,24.25,21.35,24.3,1024,56,1024,984,1.3,321,2.0,7,1788411447,1788459220,0,800,Clear,ciel dégagé,01d,Besançon,Comfort Aparthotel Besancon La City,€ 161,47.235682520054645,6.01401150226593,"7,8",Bien,2 036
besancon,47.2380222,6.0243622,10000,1788426061,24.3,24.25,21.35,24.3,1024,56,1024,984,1.3,321,2.0,7,1788411447,1788459220,0,800,Clear,ciel dégagé,01d,Besançon,ibis budget Besançon Centre Gare,€ 135,47.246846407466016,6.023120284080505,"7,7",Bien,2 328
besancon,47.2380222,6.0243622,10000,1788426061,24.3,24.25,21.35,24.3,1024,56,1024,984,1.3,321,2.0,7,1788411447,1788459220,0,800,Clear,ciel dégagé,01d,Besançon,B&B HOTEL Besançon Valentin,€ 183,47.2801612,5.9877459,"8,4",Très bien,2 846
besancon,47.2380222,6.0243622,10000,1788426061,24.3,24.25,21.35,24.3,1024,56,1024,984,1.3,321,2.0,7,1788411447,1788459220,0,800,Clear,ciel dégagé,01d,Besançon,ibis budget Besançon Ecole Valentin,€ 96,47.27788606134679,5.994613766670227,"6,2",Note,1 437
besancon,47.2380222,6.0243622,10000,1788426061,24.3,24.25,21.35,24.3,1024,56,1024,984,1.3,321,2.0,7,1788411447,1788459220,0,800,Clear,ciel dégagé,01d,Besançon,Campanile NATURE,€ 153,47.21604476681921,5.943496227264404,"7,8",Bien,341
besancon,47.2380222,6.0243622,10000,1788426061,24.3,24.25,21.35,24.3,1024,56,1024,984,1.3,321,2.0,7,1788411447,1788459220,0,800,Clear,ciel dégagé,01d,Besançon,Hôtel Restaurant Spa Le Sauvage,€ 407,47.23171766809705,6.027591526508331,"8,6",Superbe,1 227
besancon,47.2380222,6.0243622,10000,1788426061,24.3,24.25,21.35,24.3,1024,56,1024,984,1.3,321,2.0,7,1788411447,1788459220,0,800,Clear,ciel dégagé,01d,Besançon,Temis hôtel Besançon,€ 128,47.25435722578138,5.995480120182037,"8,1",Très bien,2 387
besancon,47.2380222,6.0243622,10000,1788426061,24.3,24.25,21.35,24.3,1024,56,1024,984,1.3,321,2.0,7,1788411447,1788459220,0,800,Clear,ciel dégagé,01d,Besançon,Best Western Citadelle,€ 203,47.23154100035795,6.026580333709717,"8,1",Très bien,2 062
besancon,47.2380222,6.0243622,10000,1788426061,24.3,24.25,21.35,24.3,1024,56,1024,984,1.3,321,2.0,7,1788411447,1788459220,0,800,Clear,ciel dégagé,01d,Besançon,hotelF1 Besancon Ouest Micropolis,€ 68,47.21853701449286,5.982121987766277,"4,4",Note,814
besancon,47.2380222,6.0243622,10000,1788426061,24.3,24.25,21.35,24.3,1024,56,1024,984,1.3,321,2.0,7,1788411447,1788459220,0,800,Clear,ciel dégagé,01d,Besançon,Hôtel AKENA Besançon,€ 228,47.23547525170847,5.9000853988113455,"8,7",Superbe,2 499
besancon,47.2380222,6.0243622,10000,1788426061,24.3,24.25,21.35,24.3,1024,56,1024,984,1.3,321,2.0,7,1788411447,1788459220,0,800,Clear,ciel dégagé,01d,Besançon,ibis Besançon Centre la City,€ 189,47.23549140373459,6.0149883853889605,"7,9",Bien,2 339
besancon,47.2380222,6.0243622,10000,1788426061,24.3,24.25,21.35,24.3,1024,56,1024,984,1.3,321,2.0,7,1788411447,1788459220,0,800,Clear,ciel dégagé,01d,Besançon,B&B HOTEL Besançon Chateaufarine,€ 146,47.220180107913635,5.955331353967267,"7,8",Bien,1 710
besancon,47.2380222,6.0243622,10000,1788426061,24.3,24.25,21.35,24.3,1024,56,1024,984,1.3,321,2.0,7,1788411447,1788459220,0,800,Clear,ciel dégagé,01d,Besançon,NOUVEAU,€ 127,47.2463571,6.0260183,"7,3",Bien,52
besancon,47.2380222,6.0243622,10000,1788426061,24.3,24.25,21.35,24.3,1024,56,1024,984,1.3,321,2.0,7,1788411447,1788459220,0,800,Clear,ciel dégagé,01d,Besançon,Ethic Etapes CIS de Besançon,€ 111,47.25111839375046,5.999897718429565,"7,4",Bien,409
besancon,47.2380222,6.0243622,10000,1788426061,24.3,24.25,21.35,24.3,1024,56,1024,984,1.3,321,2.0,7,1788411447,1788459220,0,800,Clear,ciel dégagé,01d,Besançon,Hôtel Siatel Besançon Chateaufarine,€ 137,47.21613221566271,5.941833257675171,"7,6",Bien,774
besancon,47.2380222,6.0243622,10000,1788426061,24.3,24.25,21.35,24.3,1024,56,1024,984,1.3,321,2.0,7,1788411447,1788459220,0,800,Clear,ciel dégagé,01d,Besançon,Comfort Aparthotel Besancon Hauts du Chazal,€ 135,47.22448655881508,5.9561240673065186,"7,9",Bien,1 836
besancon,47.2380222,6.0243622,10000,1788426061,24.3,24.25,21.35,24.3,1024,56,1024,984,1.3,321,2.0,7,1788411447,1788459220,0,800,Clear,ciel dégagé,01d,Besançon,T4 3chambres spacieux tout équipé 6 personnes,€ 200,47.25841804045013,6.024837105032348,"8,5",Très bien,19
besancon,47.2380222,6.0243622,10000,1788426061,24.3,24.25,21.35,24.3,1024,56,1024,984,1.3,321,2.0,7,1788411447,1788459220,0,800,Clear,ciel dégagé,01d,Besançon,Hotel Restaurant Vesontio,€ 148,47.25904853843431,6.008062362670898,"8,6",Superbe,958
besancon,47.2380222,6.0243622,10000,1788426061,24.3,24.25,21.35,24.3,1024,56,1024,984,1.3,321,2.0,7,1788411447,1788459220,0,800,Clear,ciel dégagé,01d,Besançon,Appartement cosy en plein centre historique de Besançon,€ 158,47.238271466755535,6.028782615645452,"8,4",Très bien,9
besancon,47.2380222,6.0243622,10000,1788426061,24.3,24.25,21.35,24.3,1024,56,1024,984,1.3,321,2.0,7,1788411447,1788459220,0,800,Clear,ciel dégagé,01d,Besançon,"Studio rénové avec patio, coeur du centre ville",€ 103,47.2378465,6.0285712,"6,3",Note,137
besancon,47.2380222,6.0243622,10000,1788426061,24.3,24.25,21.35,24.3,1024,56,1024,984,1.3,321,2.0,7,1788411447,1788459220,0,800,Clear,ciel dégagé,01d,Besançon,Studio 302 au 15 rue Battant à Besançon,€ 121,47.240709019957,6.020210170859,"6,8",Note,52
besancon,47.2380222,6.0243622,10000,1788426061,24.3,24.25,21.35,24.3,1024,56,1024,984,1.3,321,2.0,7,1788411447,1788459220,0,800,Clear,ciel dégagé,01d,Besançon,Logis Hôtel Victor Hugo & Spa,€ 253,47.24741870976628,6.023643314838409,"8,1",Très bien,729
besancon,47.2380222,6.0243622,10000,1788426061,24.3,24.25,21.35,24.3,1024,56,1024,984,1.3,321,2.0,7,1788411447,1788459220,0,800,Clear,ciel dégagé,01d,Besançon,Brit Hotel Besancon l'Horloge,€ 113,47.263586537331754,6.0515329241752625,"7,6",Bien,1 194
dijon,47.3215806,5.0414701,10000,1788426302,23.8,22.81,23.8,23.8,1024,22,1024,986,2.06,150,,12,1788411676,1788459462,0,801,Clouds,peu nuageux,02d,Dijon,Kyriad Hotel Dijon Centre Gare,€ 222,47.32279603784554,5.029898285865784,"7,4",Bien,3 103
dijon,47.3215806,5.0414701,10000,1788426302,23.8,22.81,23.8,23.8,1024,22,1024,986,2.06,150,,12,1788411676,1788459462,0,801,Clouds,peu nuageux,02d,Dijon,Les Toits d'Or,€ 149,47.3219817,5.0366379,,,
dijon,47.3215806,5.0414701,10000,1788426302,23.8,22.81,23.8,23.8,1024,22,1024,986,2.06,150,,12,1788411676,1788459462,0,801,Clouds,peu nuageux,02d,Dijon,Mama Shelter Dijon,€ 396,47.322315,5.034377,"8,6",Superbe,2 127
dijon,47.3215806,5.0414701,10000,1788426302,23.8,22.81,23.8,23.8,1024,22,1024,986,2.06,150,,12,1788411676,1788459462,0,801,Clouds,peu nuageux,02d,Dijon,Holiday Inn Dijon Sud,€ 219,47.272895,5.047662,"8,8",Superbe,6 380
dijon,47.3215806,5.0414701,10000,1788426302,23.8,22.81,23.8,23.8,1024,22,1024,986,2.06,150,,12,1788411676,1788459462,0,801,Clouds,peu nuageux,02d,Dijon,ibis budget Dijon Saint Apollinaire,€ 181,47.329601,5.077276,"7,7",Bien,2 973
dijon,47.3215806,5.0414701,10000,1788426302,23.8,22.81,23.8,23.8,1024,22,1024,986,2.06,150,,12,1788411676,1788459462,0,801,Clouds,peu nuageux,02d,Dijon,Holiday Inn Dijon Toison D'or by IHG,€ 236,47.3557,5.052,"8,2",Très bien,5 276
dijon,47.3215806,5.0414701,10000,1788426302,23.8,22.81,23.8,23.8,1024,22,1024,986,2.06,150,,12,1788411676,1788459462,0,801,Clouds,peu nuageux,02d,Dijon,Le studio dijonnais,€ 95,47.319750974962,5.025180589239,"9,0",Fabuleux,103
dijon,47.3215806,5.0414701,10000,1788426302,23.8,22.81,23.8,23.8,1024,22,1024,986,2.06,150,,12,1788411676,1788459462,0,801,Clouds,peu nuageux,02d,Dijon,Hôtel Dauphine,€ 100,47.321014960980776,5.039955758618366,"7,1",Bien,358
dijon,47.3215806,5.0414701,10000,1788426302,23.8,22.81,23.8,23.8,1024,22,1024,986,2.06,150,,12,1788411676,1788459462,0,801,Clouds,peu nuageux,02d,Dijon,La Résidence des Poètes,€ 156,47.3318860075051,5.05191577834252,"9,1",Fabuleux,59
dijon,47.3215806,5.0414701,10000,1788426302,23.8,22.81,23.8,23.8,1024,22,1024,986,2.06,150,,12,1788411676,1788459462,0,801,Clouds,peu nuageux,02d,Dijon,B&B HOTEL Dijon Centre,€ 178,47.322817066024044,5.036885317790961,"8,2",Très bien,2 994
dijon,47.3215806,5.0414701,10000,1788426302,23.8,22.81,23.8,23.8,1024,22,1024,986,2.06,150,,12,1788411676,1788459462,0,801,Clouds,peu nuageux,02d,Dijon,Campanile Dijon Nord,€ 167,47.35607456593854,5.045296847820282,"7,7",Bien,1 430
dijon,47.3215806,5.0414701,10000,1788426302,23.8,22.81,23.8,23.8,1024,22,1024,986,2.06,150,,12,1788411676,1788459462,0,801,Clouds,peu nuageux,02d,Dijon,Novotel Dijon Sud,€ 242,47.27952742932506,5.0077056884765625,"7,1",Bien,2 180
dijon,47.3215806,5.0414701,10000,1788426302,23.8,22.81,23.8,23.8,1024,22,1024,986,2.06,150,,12,1788411676,1788459462,0,801,Clouds,peu nuageux,02d,Dijon,Appart'hôtel Odalys City,€ 386,47.318270014552496,5.040114623313457,"8,1",Très bien,5 207
dijon,47.3215806,5.0414701,10000,1788426302,23.8,22.81,23.8,23.8,1024,22,1024,986,2.06,150,,12,1788411676,1788459462,0,801,Clouds,peu nuageux,02d,Dijon,Mustard Hostel,€ 216,47.3190312,5.0342882,"8,9",Superbe,417
dijon,47.3215806,5.0414701,10000,1788426302,23.8,22.81,23.8,23.8,1024,22,1024,986,2.06,150,,12,1788411676,1788459462,0,801,Clouds,peu nuageux,02d,Dijon,Hôtel des Ducs,€ 375,47.32170511764295,5.0436533242464066,"8,7",Superbe,2 816
dijon,47.3215806,5.0414701,10000,1788426302,23.8,22.81,23.8,23.8,1024,22,1024,986,2.06,150,,12,1788411676,1788459462,0,801,Clouds,peu nuageux,02d,Dijon,Aloft by Marriott Dijon,€ 492,47.32359832,5.037261159,"8,6",Superbe,3 333
dijon,47.3215806,5.0414701,10000,1788426302,23.8,22.81,23.8,23.8,1024,22,1024,986,2.06,150,,12,1788411676,1788459462,0,801,Clouds,peu nuageux,02d,Dijon,hotelF1 Dijon Nord,€ 82,47.35142,5.069258,"6,6",Note,1 961
dijon,47.3215806,5.0414701,10000,1788426302,23.8,22.81,23.8,23.8,1024,22,1024,986,2.06,150,,12,1788411676,1788459462,0,801,Clouds,peu nuageux,02d,Dijon,Ibis budget Dijon Centre Clemenceau,€ 181,47.329936000000004,5.05188,"7,8",Bien,1 637
dijon,47.3215806,5.0414701,10000,1788426302,23.8,22.81,23.8,23.8,1024,22,1024,986,2.06,150,,12,1788411676,1788459462,0,801,Clouds,peu nuageux,02d,Dijon,FASTHOTEL A Dijon,€ 94,47.34941205341161,5.07348820567131,"6,5",Note,2 722
dijon,47.3215806,5.0414701,10000,1788426302,23.8,22.81,23.8,23.8,1024,22,1024,986,2.06,150,,12,1788411676,1788459462,0,801,Clouds,peu nuageux,02d,Dijon,Première Classe Dijon Nord,€ 97,47.35150731875741,5.069188624620438,"7,1",Bien,4 355
dijon,47.3215806,5.0414701,10000,1788426302,23.8,22.81,23.8,23.8,1024,22,1024,986,2.06,150,,12,1788411676,1788459462,0,801,Clouds,peu nuageux,02d,Dijon,La Chouette,€ 299,47.3247617568084,5.04255548970605,"9,6",Exceptionnel,17
dijon,47.3215806,5.0414701,10000,1788426302,23.8,22.81,23.8,23.8,1024,22,1024,986,2.06,150,,12,1788411676,1788459462,0,801,Clouds,peu nuageux,02d,Dijon,Holiday Inn Express Dijon by IHG,€ 293,47.3269991049702,5.07608726620674,"8,4",Très bien,4 593
dijon,47.3215806,5.0414701,10000,1788426302,23.8,22.81,23.8,23.8,1024,22,1024,986,2.06,150,,12,1788411676,1788459462,0,801,Clouds,peu nuageux,02d,Dijon,Neoresid,€ 90,47.325857131592,5.05753598072192,"7,7",Bien,353
dijon,47.3215806,5.0414701,10000,1788426302,23.8,22.81,23.8,23.8,1024,22,1024,986,2.06,150,,12,1788411676,1788459462,0,801,Clouds,peu nuageux,02d,Dijon,Hotel Le Jacquemart,€ 191,47.32345830632939,5.043451488018036,"8,6",Superbe,2 373
dijon,47.3215806,5.0414701,10000,1788426302,23.8,22.81,23.8,23.8,1024,22,1024,986,2.06,150,,12,1788411676,1788459462,0,801,Clouds,peu nuageux,02d,Dijon,Appartement de Tom,€ 159,47.333507,5.0356317,"9,0",Fabuleux,2
annecy,45.8992348,6.1288847,10000,1788426599,23.08,22.91,21.68,23.08,1024,56,1024,938,0.51,0,,4,1788411521,1788459096,0,800,Clear,ciel dégagé,01d,Annecy,Icône Hôtel,€ 390,45.89714928882797,6.122658848653373,"7,7",Bien,3 493
annecy,45.8992348,6.1288847,10000,1788426599,23.08,22.91,21.68,23.08,1024,56,1024,938,0.51,0,,4,1788411521,1788459096,0,800,Clear,ciel dégagé,01d,Annecy,B&B HOTEL Annecy Cran-Gevrier,€ 171,45.892319,6.0895437,"7,9",Bien,3 235
annecy,45.8992348,6.1288847,10000,1788426599,23.08,22.91,21.68,23.08,1024,56,1024,938,0.51,0,,4,1788411521,1788459096,0,800,Clear,ciel dégagé,01d,Annecy,Premiere Classe Annecy Cran-Gevrier RÉNOVÉ EN 2025,€ 219,45.8954308,6.109846199999993,"7,1",Bien,2 955
annecy,45.8992348,6.1288847,10000,1788426599,23.08,22.91,21.68,23.08,1024,56,1024,938,0.51,0,,4,1788411521,1788459096,0,800,Clear,ciel dégagé,01d,Annecy,Auberge de Jeunesse HI Annecy,€ 283,45.8914219,6.133705,"6,9",Note,1 476
annecy,45.8992348,6.1288847,10000,1788426599,23.08,22.91,21.68,23.08,1024,56,1024,938,0.51,0,,4,1788411521,1788459096,0,800,Clear,ciel dégagé,01d,Annecy,Centre Jean XXIII,€ 282,45.9183227,6.15250679999997,"8,1",Très bien,3 011
annecy,45.8992348,6.1288847,10000,1788426599,23.08,22.91,21.68,23.08,1024,56,1024,938,0.51,0,,4,1788411521,1788459096,0,800,Clear,ciel dégagé,01d,Annecy,Le Pélican,€ 1 322,45.897015,6.131543,"8,8",Superbe,4 898
annecy,45.8992348,6.1288847,10000,1788426599,23.08,22.91,21.68,23.08,1024,56,1024,938,0.51,0,,4,1788411521,1788459096,0,800,Clear,ciel dégagé,01d,Annecy,Novotel Annecy Centre,€ 442,45.9030377278167,6.122657060623169,"7,7",Bien,2 613
annecy,45.8992348,6.1288847,10000,1788426599,23.08,22.91,21.68,23.08,1024,56,1024,938,0.51,0,,4,1788411521,1788459096,0,800,Clear,ciel dégagé,01d,Annecy,Ibis Annecy,€ 248,45.907602953733,6.10762596130371,"7,4",Bien,2 071
annecy,45.8992348,6.1288847,10000,1788426599,23.08,22.91,21.68,23.08,1024,56,1024,938,0.51,0,,4,1788411521,1788459096,0,800,Clear,ciel dégagé,01d,Annecy,Perle Alpine,€ 333,45.9026101,6.1251224,"9,0",Fabuleux,28
annecy,45.8992348,6.1288847,10000,1788426599,23.08,22.91,21.68,23.08,1024,56,1024,938,0.51,0,,4,1788411521,1788459096,0,800,Clear,ciel dégagé,01d,Annecy,Campanile Annecy Centre,€ 367,45.90110729677437,6.122661500000049,"7,8",Bien,3 749
annecy,45.8992348,6.1288847,10000,1788426599,23.08,22.91,21.68,23.08,1024,56,1024,938,0.51,0,,4,1788411521,1788459096,0,800,Clear,ciel dégagé,01d,Annecy,Mercure Annecy Sud,€ 420,45.889324861939066,6.10639750957489,"7,8",Bien,793
annecy,45.8992348,6.1288847,10000,1788426599,23.08,22.91,21.68,23.08,1024,56,1024,938,0.51,0,,4,1788411521,1788459096,0,800,Clear,ciel dégagé,01d,Annecy,Hôtel La Cour du 6,€ 555,45.900704999999995,6.1249464,"9,0",Fabuleux,711
annecy,45.8992348,6.1288847,10000,1788426599,23.08,22.91,21.68,23.08,1024,56,1024,938,0.51,0,,4,1788411521,1788459096,0,800,Clear,ciel dégagé,01d,Annecy,Appartement Moderne au Cœur d'Annecy,€ 637,45.9022547,6.1287384,"9,7",Exceptionnel,65
annecy,45.8992348,6.1288847,10000,1788426599,23.08,22.91,21.68,23.08,1024,56,1024,938,0.51,0,,4,1788411521,1788459096,0,800,Clear,ciel dégagé,01d,Annecy,Comfort Aparthotel Les Hauts d'Annecy,€ 171,45.890749,6.107753,"7,6",Bien,5 374
annecy,45.8992348,6.1288847,10000,1788426599,23.08,22.91,21.68,23.08,1024,56,1024,938,0.51,0,,4,1788411521,1788459096,0,800,Clear,ciel dégagé,01d,Annecy,Best Western Plus Hotel Carlton Annecy,€ 615,45.90034806289442,6.1223942041397095,"8,7",Superbe,2 643
annecy,45.8992348,6.1288847,10000,1788426599,23.08,22.91,21.68,23.08,1024,56,1024,938,0.51,0,,4,1788411521,1788459096,0,800,Clear,ciel dégagé,01d,Annecy,Hotel de Savoie,€ 278,45.89883051922158,6.127938330173492,"6,1",Note,799
annecy,45.8992348,6.1288847,10000,1788426599,23.08,22.91,21.68,23.08,1024,56,1024,938,0.51,0,,4,1788411521,1788459096,0,800,Clear,ciel dégagé,01d,Annecy,Campanile Annecy,€ 214,45.9002696668203,6.10310643911362,"7,4",Bien,1 881
annecy,45.8992348,6.1288847,10000,1788426599,23.08,22.91,21.68,23.08,1024,56,1024,938,0.51,0,,4,1788411521,1788459096,0,800,Clear,ciel dégagé,01d,Annecy,La Chapelle,€ 482,45.9049874,6.120166,"9,3",Fabuleux,118
annecy,45.8992348,6.1288847,10000,1788426599,23.08,22.91,21.68,23.08,1024,56,1024,938,0.51,0,,4,1788411521,1788459096,0,800,Clear,ciel dégagé,01d,Annecy,Appartement idéal en plein centre ville proche lac,€ 298,45.9027267,6.1247746,"8,3",Très bien,60
annecy,45.8992348,6.1288847,10000,1788426599,23.08,22.91,21.68,23.08,1024,56,1024,938,0.51,0,,4,1788411521,1788459096,0,800,Clear,ciel dégagé,01d,Annecy,Ecrin,€ 334,45.8985793,6.116438,"8,0",Très bien,44
annecy,45.8992348,6.1288847,10000,1788426599,23.08,22.91,21.68,23.08,1024,56,1024,938,0.51,0,,4,1788411521,1788459096,0,800,Clear,ciel dégagé,01d,Annecy,Impérial Palace,€ 1 008,45.90374698623782,6.144694089889526,"8,8",Superbe,3 858
annecy,45.8992348,6.1288847,10000,1788426599,23.08,22.91,21.68,23.08,1024,56,1024,938,0.51,0,,4,1788411521,1788459096,0,800,Clear,ciel dégagé,01d,Annecy,Rivage Hôtel & Spa Annecy,€ 1 315,45.905699,6.151953,"8,9",Superbe,2 531
annecy,45.8992348,6.1288847,10000,1788426599,23.08,22.91,21.68,23.08,1024,56,1024,938,0.51,0,,4,1788411521,1788459096,0,800,Clear,ciel dégagé,01d,Annecy,Les Trésoms Lake and Spa Resort,€ 1 059,45.88969451530816,6.136904954910278,"8,1",Très bien,1 098
annecy,45.8992348,6.1288847,10000,1788426599,23.08,22.91,21.68,23.08,1024,56,1024,938,0.51,0,,4,1788411521,1788459096,0,800,Clear,ciel dégagé,01d,Annecy,Le Studio de Fannie,€ 307,45.9080152,6.140552,"7,8",Bien,15
annecy,45.8992348,6.1288847,10000,1788426599,23.08,22.91,21.68,23.08,1024,56,1024,938,0.51,0,,4,1788411521,1788459096,0,800,Clear,ciel dégagé,01d,Annecy,greet hôtel Annecy Cran-Gevrier by Accor,€ 177,45.89344691783809,6.086934059858322,"7,5",Bien,1 760
grenoble,45.1875602,5.7357819,10000,1788426009,25.98,25.98,21.28,25.98,1023,64,1023,928,0.45,63,2.68,4,1788411666,1788459140,0,800,Clear,ciel dégagé,01d,Grenoble,B&B HOTEL Grenoble Centre Verlaine,€ 105,45.16191002349871,5.714982748031616,"7,1",Bien,1 160
grenoble,45.1875602,5.7357819,10000,1788426009,25.98,25.98,21.28,25.98,1023,64,1023,928,0.45,63,2.68,4,1788411666,1788459140,0,800,Clear,ciel dégagé,01d,Grenoble,B&B HOTEL Grenoble Centre Alpexpo,€ 132,45.158836673882,5.734435468912125,"7,5",Bien,2 199
grenoble,45.1875602,5.7357819,10000,1788426009,25.98,25.98,21.28,25.98,1023,64,1023,928,0.45,63,2.68,4,1788411666,1788459140,0,800,Clear,ciel dégagé,01d,Grenoble,greet Grenoble Centre Gare Accor Hotel,€ 157,45.190446523564894,5.716857947409153,"8,2",Très bien,1 385
grenoble,45.1875602,5.7357819,10000,1788426009,25.98,25.98,21.28,25.98,1023,64,1023,928,0.45,63,2.68,4,1788411666,1788459140,0,800,Clear,ciel dégagé,01d,Grenoble,Campanile Grenoble Centre Gare,€ 171,45.19051920530674,5.716019421815872,"7,4",Bien,1 964
grenoble,45.1875602,5.7357819,10000,1788426009,25.98,25.98,21.28,25.98,1023,64,1023,928,0.45,63,2.68,4,1788411666,1788459140,0,800,Clear,ciel dégagé,01d,Grenoble,Kyriad Grenoble Centre,€ 134,45.16819994402455,5.711994767189026,"7,9",Bien,2 586
grenoble,45.1875602,5.7357819,10000,1788426009,25.98,25.98,21.28,25.98,1023,64,1023,928,0.45,63,2.68,4,1788411666,1788459140,0,800,Clear,ciel dégagé,01d,Grenoble,The Babel Community Hôtel,€ 204,45.195810837764,5.7254467753939995,"8,5",Très bien,2 299
grenoble,45.1875602,5.7357819,10000,1788426009,25.98,25.98,21.28,25.98,1023,64,1023,928,0.45,63,2.68,4,1788411666,1788459140,0,800,Clear,ciel dégagé,01d,Grenoble,Novotel Grenoble Centre,€ 260,45.1906950021105,5.712595582008362,"7,9",Bien,1 179
grenoble,45.1875602,5.7357819,10000,1788426009,25.98,25.98,21.28,25.98,1023,64,1023,928,0.45,63,2.68,4,1788411666,1788459140,0,800,Clear,ciel dégagé,01d,Grenoble,Residhome Grenoble Caserne De Bonne,€ 177,45.18346987318301,5.7243382930755615,"8,0",Très bien,1 289
grenoble,45.1875602,5.7357819,10000,1788426009,25.98,25.98,21.28,25.98,1023,64,1023,928,0.45,63,2.68,4,1788411666,1788459140,0,800,Clear,ciel dégagé,01d,Grenoble,RockyPop Grenoble Hotel,€ 272,45.186911,5.731293,"8,5",Très bien,3 295
grenoble,45.1875602,5.7357819,10000,1788426009,25.98,25.98,21.28,25.98,1023,64,1023,928,0.45,63,2.68,4,1788411666,1788459140,0,800,Clear,ciel dégagé,01d,Grenoble,"Le Grand Hôtel Grenoble, BW Premier Collection by Best Western",€ 297,45.190815035100044,5.728548020124435,"8,7",Superbe,1 310
grenoble,45.1875602,5.7357819,10000,1788426009,25.98,25.98,21.28,25.98,1023,64,1023,928,0.45,63,2.68,4,1788411666,1788459140,0,800,Clear,ciel dégagé,01d,Grenoble,"Le Grenette, Terrasse, Garage, Dernier étage, Climatisation",€ 236,45.1912852,5.7272419,"9,4",Fabuleux,5
grenoble,45.1875602,5.7357819,10000,1788426009,25.98,25.98,21.28,25.98,1023,64,1023,928,0.45,63,2.68,4,1788411666,1788459140,0,800,Clear,ciel dégagé,01d,Grenoble,Residhotel Grenette,€ 150,45.190563627131006,5.724484473466873,"7,9",Bien,1 920
grenoble,45.1875602,5.7357819,10000,1788426009,25.98,25.98,21.28,25.98,1023,64,1023,928,0.45,63,2.68,4,1788411666,1788459140,0,800,Clear,ciel dégagé,01d,Grenoble,Residhotel Le Central'Gare,€ 167,45.19085898412344,5.715724378824234,"8,2",Très bien,1 353
grenoble,45.1875602,5.7357819,10000,1788426009,25.98,25.98,21.28,25.98,1023,64,1023,928,0.45,63,2.68,4,1788411666,1788459140,0,800,Clear,ciel dégagé,01d,Grenoble,Park Hotel Grenoble,€ 260,45.18410130511121,5.732948184013367,"9,0",Fabuleux,553
grenoble,45.1875602,5.7357819,10000,1788426009,25.98,25.98,21.28,25.98,1023,64,1023,928,0.45,63,2.68,4,1788411666,1788459140,0,800,Clear,ciel dégagé,01d,Grenoble,St Bruno,€ 101,45.1879309,5.7142342,"8,1",Très bien,26
grenoble,45.1875602,5.7357819,10000,1788426009,25.98,25.98,21.28,25.98,1023,64,1023,928,0.45,63,2.68,4,1788411666,1788459140,0,800,Clear,ciel dégagé,01d,Grenoble,ibis Grenoble Centre Bastille,€ 196,45.19052518222968,5.726412275146458,"7,9",Bien,917
grenoble,45.1875602,5.7357819,10000,1788426009,25.98,25.98,21.28,25.98,1023,64,1023,928,0.45,63,2.68,4,1788411666,1788459140,0,800,Clear,ciel dégagé,01d,Grenoble,Hôtel de l'Europe Grenoble hyper-centre,€ 202,45.19035711261138,5.727330967783928,"8,1",Très bien,1 454
grenoble,45.1875602,5.7357819,10000,1788426009,25.98,25.98,21.28,25.98,1023,64,1023,928,0.45,63,2.68,4,1788411666,1788459140,0,800,Clear,ciel dégagé,01d,Grenoble,Hôtel d’Angleterre Grenoble Hyper-Centre,€ 191,45.18920402005693,5.725372284650803,"8,0",Très bien,1 923
grenoble,45.1875602,5.7357819,10000,1788426009,25.98,25.98,21.28,25.98,1023,64,1023,928,0.45,63,2.68,4,1788411666,1788459140,0,800,Clear,ciel dégagé,01d,Grenoble,Adagio Grenoble Centre,€ 142,45.189609022849275,5.712178498506546,"7,9",Bien,898
grenoble,45.1875602,5.7357819,10000,1788426009,25.98,25.98,21.28,25.98,1023,64,1023,928,0.45,63,2.68,4,1788411666,1788459140,0,800,Clear,ciel dégagé,01d,Grenoble,Studio individuel,€ 82,45.164646756839,5.726248769975,"7,0",Bien,23
grenoble,45.1875602,5.7357819,10000,1788426009,25.98,25.98,21.28,25.98,1023,64,1023,928,0.45,63,2.68,4,1788411666,1788459140,0,800,Clear,ciel dégagé,01d,Grenoble,Apparthotel Le Hüb Grenoble,€ 158,45.192873,5.711917,"7,5",Bien,1 058
grenoble,45.1875602,5.7357819,10000,1788426009,25.98,25.98,21.28,25.98,1023,64,1023,928,0.45,63,2.68,4,1788411666,1788459140,0,800,Clear,ciel dégagé,01d,Grenoble,ibis Grenoble Gare,€ 184,45.19289800342784,5.717390924801293,"8,1",Très bien,163
grenoble,45.1875602,5.7357819,10000,1788426009,25.98,25.98,21.28,25.98,1023,64,1023,928,0.45,63,2.68,4,1788411666,1788459140,0,800,Clear,ciel dégagé,01d,Grenoble,Mercure Grenoble Centre Porte des Alpes,€ 224,45.17849379329981,5.720297545194626,"7,8",Bien,419
grenoble,45.1875602,5.7357819,10000,1788426009,25.98,25.98,21.28,25.98,1023,64,1023,928,0.45,63,2.68,4,1788411666,1788459140,0,800,Clear,ciel dégagé,01d,Grenoble,Maison Barbillon Grenoble,€ 225,45.19079329686088,5.716696679592133,"8,3",Très bien,1 919
grenoble,45.1875602,5.7357819,10000,1788426009,25.98,25.98,21.28,25.98,1023,64,1023,928,0.45,63,2.68,4,1788411666,1788459140,0,800,Clear,ciel dégagé,01d,Grenoble,COWOOL GRENOBLE,€ 183,45.1586663,5.734091,"7,7",Bien,608
lyon,45.7578137,4.8320114,10000,1788426077,25.56,25.56,22.51,26.95,1024,53,1024,992,1.54,350,,2,1788411842,1788459397,0,800,Clear,ciel dégagé,01d,Lyon,Mama Shelter Lyon,€ 285,45.74695278493895,4.845267757773399,"8,5",Très bien,1 596
lyon,45.7578137,4.8320114,10000,1788426077,25.56,25.56,22.51,26.95,1024,53,1024,992,1.54,350,,2,1788411842,1788459397,0,800,Clear,ciel dégagé,01d,Lyon,Campanile PRIME Lyon Centre Gare Part-Dieu,€ 259,45.76027411252216,4.863327741622925,"8,6",Superbe,5 305
lyon,45.7578137,4.8320114,10000,1788426077,25.56,25.56,22.51,26.95,1024,53,1024,992,1.54,350,,2,1788411842,1788459397,0,800,Clear,ciel dégagé,01d,Lyon,MEININGER Hotel Lyon Centre Berthelot,€ 243,45.746083,4.837187,"8,3",Très bien,9 798
lyon,45.7578137,4.8320114,10000,1788426077,25.56,25.56,22.51,26.95,1024,53,1024,992,1.54,350,,2,1788411842,1788459397,0,800,Clear,ciel dégagé,01d,Lyon,Residence Montempo Appart'Hôtel Lyon Cite Internationale,€ 188,45.78501661437687,4.856415688991547,"8,1",Très bien,6 706
lyon,45.7578137,4.8320114,10000,1788426077,25.56,25.56,22.51,26.95,1024,53,1024,992,1.54,350,,2,1788411842,1788459397,0,800,Clear,ciel dégagé,01d,Lyon,HO36 Hostel Lyon,€ 297,45.75285600552734,4.842058611045104,"8,1",Très bien,2 402
lyon,45.7578137,4.8320114,10000,1788426077,25.56,25.56,22.51,26.95,1024,53,1024,992,1.54,350,,2,1788411842,1788459397,0,800,Clear,ciel dégagé,01d,Lyon,Hôtel des Facultés,€ 97,45.74879640070259,4.839909374713898,"6,6",Note,1 392
lyon,45.7578137,4.8320114,10000,1788426077,25.56,25.56,22.51,26.95,1024,53,1024,992,1.54,350,,2,1788411842,1788459397,0,800,Clear,ciel dégagé,01d,Lyon,Hôtel du Helder,€ 163,45.75211148041986,4.840485379099846,"6,5",Note,2 818
lyon,45.7578137,4.8320114,10000,1788426077,25.56,25.56,22.51,26.95,1024,53,1024,992,1.54,350,,2,1788411842,1788459397,0,800,Clear,ciel dégagé,01d,Lyon,Hotel de Normandie,€ 159,45.74834954003604,4.8272620886564255,"7,0",Bien,2 967
lyon,45.7578137,4.8320114,10000,1788426077,25.56,25.56,22.51,26.95,1024,53,1024,992,1.54,350,,2,1788411842,1788459397,0,800,Clear,ciel dégagé,01d,Lyon,Première Classe Lyon Centre Gare Part Dieu,€ 176,45.756034577239554,4.859098568558693,"7,6",Bien,9 393
lyon,45.7578137,4.8320114,10000,1788426077,25.56,25.56,22.51,26.95,1024,53,1024,992,1.54,350,,2,1788411842,1788459397,0,800,Clear,ciel dégagé,01d,Lyon,Mercure Lyon Centre Beaux-Arts,€ 442,45.76095151007407,4.834139943122864,"8,5",Très bien,1 565
lyon,45.7578137,4.8320114,10000,1788426077,25.56,25.56,22.51,26.95,1024,53,1024,992,1.54,350,,2,1788411842,1788459397,0,800,Clear,ciel dégagé,01d,Lyon,YASI Hostel,€ 244,45.758668,4.867806,"8,7",Superbe,4 240
lyon,45.7578137,4.8320114,10000,1788426077,25.56,25.56,22.51,26.95,1024,53,1024,992,1.54,350,,2,1788411842,1788459397,0,800,Clear,ciel dégagé,01d,Lyon,Hôtel Lyon Métropole & Spa,€ 359,45.78871959899989,4.819841086864471,"8,2",Très bien,4 877
lyon,45.7578137,4.8320114,10000,1788426077,25.56,25.56,22.51,26.95,1024,53,1024,992,1.54,350,,2,1788411842,1788459397,0,800,Clear,ciel dégagé,01d,Lyon,ibis Lyon Centre Perrache,€ 236,45.74854930000001,4.828299000000015,"8,3",Très bien,2 104
lyon,45.7578137,4.8320114,10000,1788426077,25.56,25.56,22.51,26.95,1024,53,1024,992,1.54,350,,2,1788411842,1788459397,0,800,Clear,ciel dégagé,01d,Lyon,Ibis Styles Lyon Centre,€ 334,45.75952185477447,4.861503839492798,"8,6",Superbe,3 195
lyon,45.7578137,4.8320114,10000,1788426077,25.56,25.56,22.51,26.95,1024,53,1024,992,1.54,350,,2,1788411842,1788459397,0,800,Clear,ciel dégagé,01d,Lyon,ibis Lyon Gare Part Dieu,€ 237,45.757519527265295,4.8581913113594055,"7,9",Bien,2 448
lyon,45.7578137,4.8320114,10000,1788426077,25.56,25.56,22.51,26.95,1024,53,1024,992,1.54,350,,2,1788411842,1788459397,0,800,Clear,ciel dégagé,01d,Lyon,ibis Lyon Centre,€ 214,45.74873463588111,4.842973127961159,"8,1",Très bien,525
lyon,45.7578137,4.8320114,10000,1788426077,25.56,25.56,22.51,26.95,1024,53,1024,992,1.54,350,,2,1788411842,1788459397,0,800,Clear,ciel dégagé,01d,Lyon,ibis Lyon Part Dieu Les Halles,€ 218,45.7619241163352,4.851316809654236,"7,8",Bien,3 935
lyon,45.7578137,4.8320114,10000,1788426077,25.56,25.56,22.51,26.95,1024,53,1024,992,1.54,350,,2,1788411842,1788459397,0,800,Clear,ciel dégagé,01d,Lyon,B&B HOME Lyon Centre Berthelot,€ 191,45.741099269763225,4.854642748832703,"7,9",Bien,2 311
lyon,45.7578137,4.8320114,10000,1788426077,25.56,25.56,22.51,26.95,1024,53,1024,992,1.54,350,,2,1788411842,1788459397,0,800,Clear,ciel dégagé,01d,Lyon,Pullman Lyon,€ 456,45.760402581312896,4.85792056375427,"9,2",Fabuleux,5 035
lyon,45.7578137,4.8320114,10000,1788426077,25.56,25.56,22.51,26.95,1024,53,1024,992,1.54,350,,2,1788411842,1788459397,0,800,Clear,ciel dégagé,01d,Lyon,Mercure Lyon Centre,€ 391,45.75930702908127,4.861495792865753,"8,7",Superbe,1 839
lyon,45.7578137,4.8320114,10000,1788426077,25.56,25.56,22.51,26.95,1024,53,1024,992,1.54,350,,2,1788411842,1788459397,0,800,Clear,ciel dégagé,01d,Lyon,Greet Hotel Lyon Confluence,€ 232,45.748458,4.8277529999999995,"8,3",Très bien,2 986
lyon,45.7578137,4.8320114,10000,1788426077,25.56,25.56,22.51,26.95,1024,53,1024,992,1.54,350,,2,1788411842,1788459397,0,800,Clear,ciel dégagé,01d,Lyon,Mercure Lyon Centre Château Perrache,€ 285,45.74922688089347,4.825226962566376,"8,1",Très bien,2 049
lyon,45.7578137,4.8320114,10000,1788426077,25.56,25.56,22.51,26.95,1024,53,1024,992,1.54,350,,2,1788411842,1788459397,0,800,Clear,ciel dégagé,01d,Lyon,OKKO Hotels Lyon Centre,€ 441,45.76453599718948,4.841808367459066,"8,7",Superbe,1 545
lyon,45.7578137,4.8320114,10000,1788426077,25.56,25.56,22.51,26.95,1024,53,1024,992,1.54,350,,2,1788411842,1788459397,0,800,Clear,ciel dégagé,01d,Lyon,Appart'City Classic Lyon Part Dieu Villette,€ 177,45.75648108047784,4.8631346225738525,"7,8",Bien,3 113
lyon,45.7578137,4.8320114,10000,1788426077,25.56,25.56,22.51,26.95,1024,53,1024,992,1.54,350,,2,1788411842,1788459397,0,800,Clear,ciel dégagé,01d,Lyon,Hostel20 Lyon Centre,€ 224,45.759297,4.824318,"6,9",Note,1 424
gorges du verdon,43.7496562,6.3285616,10000,1788426603,23.87,23.67,23.87,23.87,1020,52,1020,921,2.08,195,2.22,12,1788411622,1788458899,0,801,Clouds,peu nuageux,02d,Sainte-Croix-de-Verdon,Le 10 18 hôtel restaurant,€ 221,43.756056,6.140723,"8,0",Très bien,485
gorges du verdon,43.7496562,6.3285616,10000,1788426603,23.87,23.67,23.87,23.87,1020,52,1020,921,2.08,195,2.22,12,1788411622,1788458899,0,801,Clouds,peu nuageux,02d,Castellane,Camping RCN Les Collines de Castellane,€ 85,43.824345034512376,6.56994491815567,"8,5",Très bien,865
gorges du verdon,43.7496562,6.3285616,10000,1788426603,23.87,23.67,23.87,23.87,1020,52,1020,921,2.08,195,2.22,12,1788411622,1788458899,0,801,Clouds,peu nuageux,02d,Les Salles-sur-Verdon,Auberge des Salles,€ 301,43.77239231716274,6.208481642852803,"8,7",Superbe,1 515
gorges du verdon,43.7496562,6.3285616,10000,1788426603,23.87,23.67,23.87,23.87,1020,52,1020,921,2.08,195,2.22,12,1788411622,1788458899,0,801,Clouds,peu nuageux,02d,Les Salles-sur-Verdon,Studi-Hôtel Résidence Plein Voile,€ 172,43.773656,6.208356999999978,"7,8",Bien,1 688
gorges du verdon,43.7496562,6.3285616,10000,1788426603,23.87,23.67,23.87,23.87,1020,52,1020,921,2.08,195,2.22,12,1788411622,1788458899,0,801,Clouds,peu nuageux,02d,Les Salles-sur-Verdon,Hôtel Spa L'Ermitage,€ 259,43.774142339045085,6.217255890369415,"7,9",Bien,1 150
gorges du verdon,43.7496562,6.3285616,10000,1788426603,23.87,23.67,23.87,23.87,1020,52,1020,921,2.08,195,2.22,12,1788411622,1788458899,0,801,Clouds,peu nuageux,02d,Bauduen,Camping Rives du Lac de Sainte Croix,€ 155,43.722453,6.181732,"8,2",Très bien,639
gorges du verdon,43.7496562,6.3285616,10000,1788426603,23.87,23.67,23.87,23.87,1020,52,1020,921,2.08,195,2.22,12,1788411622,1788458899,0,801,Clouds,peu nuageux,02d,Castellane,Les Canyons du Verdon,€ 162,43.85067237749856,6.508229970932007,"7,9",Bien,1 224
gorges du verdon,43.7496562,6.3285616,10000,1788426603,23.87,23.67,23.87,23.87,1020,52,1020,921,2.08,195,2.22,12,1788411622,1788458899,0,801,Clouds,peu nuageux,02d,La Verdière,Provençal Studio with Private Entrance,€ 133,43.6374795,5.9356456,"9,5",Exceptionnel,29
gorges du verdon,43.7496562,6.3285616,10000,1788426603,23.87,23.67,23.87,23.87,1020,52,1020,921,2.08,195,2.22,12,1788411622,1788458899,0,801,Clouds,peu nuageux,02d,Esparron-de-Verdon,Camping Le Soleil du Verdon,€ 147,43.7343012,5.970543,"8,9",Superbe,44
gorges du verdon,43.7496562,6.3285616,10000,1788426603,23.87,23.67,23.87,23.87,1020,52,1020,921,2.08,195,2.22,12,1788411622,1788458899,0,801,Clouds,peu nuageux,02d,Ginasservis,Loft pied de Coline au calme,€ 150,43.67118534336102,5.855597099405667,"9,3",Fabuleux,29
gorges du verdon,43.7496562,6.3285616,10000,1788426603,23.87,23.67,23.87,23.87,1020,52,1020,921,2.08,195,2.22,12,1788411622,1788458899,0,801,Clouds,peu nuageux,02d,Bauduen,ZEcamping 3 à 300 mètres du célèbre Lac de Sainte Croix,€ 146,43.72236,6.18176,"8,1",Très bien,65
gorges du verdon,43.7496562,6.3285616,10000,1788426603,23.87,23.67,23.87,23.87,1020,52,1020,921,2.08,195,2.22,12,1788411622,1788458899,0,801,Clouds,peu nuageux,02d,Trigance,Logis Hôtel Le Vieil Amandier,€ 170,43.760994238910584,6.442030370235443,"9,0",Fabuleux,344
gorges du verdon,43.7496562,6.3285616,10000,1788426603,23.87,23.67,23.87,23.87,1020,52,1020,921,2.08,195,2.22,12,1788411622,1788458899,0,801,Clouds,peu nuageux,02d,Manosque,Best Western Hôtel Le Sud,€ 217,43.830513887226196,5.7891646027565,"8,2",Très bien,1 161
gorges du verdon,43.7496562,6.3285616,10000,1788426603,23.87,23.67,23.87,23.87,1020,52,1020,921,2.08,195,2.22,12,1788411622,1788458899,0,801,Clouds,peu nuageux,02d,Gréoux-les-Bains,Résidence Odalys La Licorne de Haute Provence,€ 204,43.761854,5.88896699999998,"7,5",Bien,718
gorges du verdon,43.7496562,6.3285616,10000,1788426603,23.87,23.67,23.87,23.87,1020,52,1020,921,2.08,195,2.22,12,1788411622,1788458899,0,801,Clouds,peu nuageux,02d,Vinon-sur-Verdon,Auberge de la Table Ronde,€ 166,43.72075624302218,5.810072422027588,"8,3",Très bien,305
gorges du verdon,43.7496562,6.3285616,10000,1788426603,23.87,23.67,23.87,23.87,1020,52,1020,921,2.08,195,2.22,12,1788411622,1788458899,0,801,Clouds,peu nuageux,02d,Entrevennes,la parenthèse,€ 183,43.937830816717,6.023041563453,"8,7",Superbe,62
gorges du verdon,43.7496562,6.3285616,10000,1788426603,23.87,23.67,23.87,23.87,1020,52,1020,921,2.08,195,2.22,12,1788411622,1788458899,0,801,Clouds,peu nuageux,02d,Les Salles-sur-Verdon,Maison Parc du Verdon,€ 556,43.77326,6.209061,10,Exceptionnel,7
gorges du verdon,43.7496562,6.3285616,10000,1788426603,23.87,23.67,23.87,23.87,1020,52,1020,921,2.08,195,2.22,12,1788411622,1788458899,0,801,Clouds,peu nuageux,02d,Séranon,Logis Hotel de l'Artuby,€ 180,43.7735219,6.6466508,"9,0",Fabuleux,181
gorges du verdon,43.7496562,6.3285616,10000,1788426603,23.87,23.67,23.87,23.87,1020,52,1020,921,2.08,195,2.22,12,1788411622,1788458899,0,801,Clouds,peu nuageux,02d,Les Salles-sur-Verdon,Hotel Restaurant Le Verdon,€ 239,43.7736731,6.2083162,"7,1",Bien,82
gorges du verdon,43.7496562,6.3285616,10000,1788426603,23.87,23.67,23.87,23.87,1020,52,1020,921,2.08,195,2.22,12,1788411622,1788458899,0,801,Clouds,peu nuageux,02d,Séranon,Appartement cozy et lumineux avec terrasse,€ 137,43.7721262598289,6.64739621502069,"9,0",Fabuleux,4
gorges du verdon,43.7496562,6.3285616,10000,1788426603,23.87,23.67,23.87,23.87,1020,52,1020,921,2.08,195,2.22,12,1788411622,1788458899,0,801,Clouds,peu nuageux,02d,Aiguines,"LES BASTIDES DE CHANTERAINE Bungalows, Lodges & Spa",€ 153,43.76273430714886,6.219182018463116,"8,7",Superbe,491
gorges du verdon,43.7496562,6.3285616,10000,1788426603,23.87,23.67,23.87,23.87,1020,52,1020,921,2.08,195,2.22,12,1788411622,1788458899,0,801,Clouds,peu nuageux,02d,Castellane,Le long du Verdon,€ 158,43.844018,6.506425,"8,5",Très bien,531
gorges du verdon,43.7496562,6.3285616,10000,1788426603,23.87,23.67,23.87,23.87,1020,52,1020,921,2.08,195,2.22,12,1788411622,1788458899,0,801,Clouds,peu nuageux,02d,Roumoules,Entre lac et lavandes,€ 206,43.82614116233877,6.129474645403685,"9,5",Exceptionnel,18
gorges du verdon,43.7496562,6.3285616,10000,1788426603,23.87,23.67,23.87,23.87,1020,52,1020,921,2.08,195,2.22,12,1788411622,1788458899,0,801,Clouds,peu nuageux,02d,Quinson,Camping Les Prés du Verdon,€ 84,43.697753239482,6.04243012134903,"8,4",Très bien,72
gorges du verdon,43.7496562,6.3285616,10000,1788426603,23.87,23.67,23.87,23.87,1020,52,1020,921,2.08,195,2.22,12,1788411622,1788458899,0,801,Clouds,peu nuageux,02d,Esparron-de-Verdon,La Sousto Du Lac Sauvage,€ 619,43.75284697271778,5.965632272091912,"9,7",Exceptionnel,3
bormes les mimosas,43.1506968,6.3419285,10000,1788426604,26.83,27.74,26.67,28.1,1019,58,1019,1002,3.09,130,,14,1788411658,1788458857,0,801,Clouds,peu nuageux,02d,Bormes-les-Mimosas,Camping Clau Mar Jo,€ 143,43.13461922500552,6.3467757403850555,"8,1",Très bien,283
bormes les mimosas,43.1506968,6.3419285,10000,1788426604,26.83,27.74,26.67,28.1,1019,58,1019,1002,3.09,130,,14,1788411658,1788458857,0,801,Clouds,peu nuageux,02d,Bormes-les-Mimosas,Hotel La Voile,€ 257,43.12549,6.357300000000009,"7,9",Bien,1 025
bormes les mimosas,43.1506968,6.3419285,10000,1788426604,26.83,27.74,26.67,28.1,1019,58,1019,1002,3.09,130,,14,1788411658,1788458857,0,801,Clouds,peu nuageux,02d,Bormes-les-Mimosas,Linaya Hôtel & Restaurant,€ 170,43.1217418,6.3567413,"7,3",Bien,43
bormes les mimosas,43.1506968,6.3419285,10000,1788426604,26.83,27.74,26.67,28.1,1019,58,1019,1002,3.09,130,,14,1788411658,1788458857,0,801,Clouds,peu nuageux,02d,Bormes-les-Mimosas,Le Mirage,€ 1 013,43.144568554121996,6.351684182882309,"9,2",Fabuleux,401
bormes les mimosas,43.1506968,6.3419285,10000,1788426604,26.83,27.74,26.67,28.1,1019,58,1019,1002,3.09,130,,14,1788411658,1788458857,0,801,Clouds,peu nuageux,02d,Bormes-les-Mimosas,Hostellerie du Cigalou,€ 475,43.1519579,6.343283499999984,"8,8",Superbe,434
bormes les mimosas,43.1506968,6.3419285,10000,1788426604,26.83,27.74,26.67,28.1,1019,58,1019,1002,3.09,130,,14,1788411658,1788458857,0,801,Clouds,peu nuageux,02d,Bormes-les-Mimosas,Hotel Restaurant Bellevue,€ 192,43.15187759303926,6.343135982751846,"7,6",Bien,483
bormes les mimosas,43.1506968,6.3419285,10000,1788426604,26.83,27.74,26.67,28.1,1019,58,1019,1002,3.09,130,,14,1788411658,1788458857,0,801,Clouds,peu nuageux,02d,Bormes-les-Mimosas,Hôtel Paradis,€ 308,43.144686,6.335125000000062,"7,9",Bien,557
bormes les mimosas,43.1506968,6.3419285,10000,1788426604,26.83,27.74,26.67,28.1,1019,58,1019,1002,3.09,130,,14,1788411658,1788458857,0,801,Clouds,peu nuageux,02d,Bormes-les-Mimosas,La Licorne YourHostHelper,€ 214,43.1243341,6.3593934,"8,0",Très bien,7
bormes les mimosas,43.1506968,6.3419285,10000,1788426604,26.83,27.74,26.67,28.1,1019,58,1019,1002,3.09,130,,14,1788411658,1788458857,0,801,Clouds,peu nuageux,02d,Bormes-les-Mimosas,Village Vacances La Manne,€ 157,43.1304380553383,6.33633698913263,"6,0",Note,217
bormes les mimosas,43.1506968,6.3419285,10000,1788426604,26.83,27.74,26.67,28.1,1019,58,1019,1002,3.09,130,,14,1788411658,1788458857,0,801,Clouds,peu nuageux,02d,Bormes-les-Mimosas,Hôtel de la Plage,€ 422,43.124617,6.357572,"9,0",Fabuleux,281
bormes les mimosas,43.1506968,6.3419285,10000,1788426604,26.83,27.74,26.67,28.1,1019,58,1019,1002,3.09,130,,14,1788411658,1788458857,0,801,Clouds,peu nuageux,02d,Bormes-les-Mimosas,Bohème 375,€ 408,43.1451618,6.3629492,"9,7",Exceptionnel,7
bormes les mimosas,43.1506968,6.3419285,10000,1788426604,26.83,27.74,26.67,28.1,1019,58,1019,1002,3.09,130,,14,1788411658,1788458857,0,801,Clouds,peu nuageux,02d,Bormes-les-Mimosas,La Terrasse de Bormes,€ 222,43.13908,6.352066,"8,8",Superbe,18
bormes les mimosas,43.1506968,6.3419285,10000,1788426604,26.83,27.74,26.67,28.1,1019,58,1019,1002,3.09,130,,14,1788411658,1788458857,0,801,Clouds,peu nuageux,02d,Bormes-les-Mimosas,T3 spacieux- Clim- Piscine,€ 492,43.14492,6.342612,"9,0",Fabuleux,2
bormes les mimosas,43.1506968,6.3419285,10000,1788426604,26.83,27.74,26.67,28.1,1019,58,1019,1002,3.09,130,,14,1788411658,1788458857,0,801,Clouds,peu nuageux,02d,Bormes-les-Mimosas,Villa LEOVI Superbe logement 3 pieces,€ 293,43.1217675,6.3555559,"8,4",Très bien,34
bormes les mimosas,43.1506968,6.3419285,10000,1788426604,26.83,27.74,26.67,28.1,1019,58,1019,1002,3.09,130,,14,1788411658,1788458857,0,801,Clouds,peu nuageux,02d,Bormes-les-Mimosas,Eden Rose Grand Hotel BW Premier Collection,€ 770,43.152872,6.342654,"9,1",Fabuleux,318
bormes les mimosas,43.1506968,6.3419285,10000,1788426604,26.83,27.74,26.67,28.1,1019,58,1019,1002,3.09,130,,14,1788411658,1788458857,0,801,Clouds,peu nuageux,02d,Bormes-les-Mimosas,Camping 4 étoiles,€ 137,43.134892,6.347582,"6,6",Note,11
bormes les mimosas,43.1506968,6.3419285,10000,1788426604,26.83,27.74,26.67,28.1,1019,58,1019,1002,3.09,130,,14,1788411658,1788458857,0,801,Clouds,peu nuageux,02d,Bormes-les-Mimosas,Prélude Beach,€ 193,43.1235047,6.3568858,"8,6",Superbe,23
bormes les mimosas,43.1506968,6.3419285,10000,1788426604,26.83,27.74,26.67,28.1,1019,58,1019,1002,3.09,130,,14,1788411658,1788458857,0,801,Clouds,peu nuageux,02d,Bormes-les-Mimosas,SELECT'soHOME,€ 578,43.128363,6.354754,"8,0",Très bien,1
bormes les mimosas,43.1506968,6.3419285,10000,1788426604,26.83,27.74,26.67,28.1,1019,58,1019,1002,3.09,130,,14,1788411658,1788458857,0,801,Clouds,peu nuageux,02d,Bormes-les-Mimosas,"Les Jardins de Bormes, hôtel de charme sans enfants avec sauna & jacuzzi",€ 399,43.14893353509435,6.303266286849976,"8,9",Superbe,177
bormes les mimosas,43.1506968,6.3419285,10000,1788426604,26.83,27.74,26.67,28.1,1019,58,1019,1002,3.09,130,,14,1788411658,1788458857,0,801,Clouds,peu nuageux,02d,Bormes-les-Mimosas,Auberge du Dom,€ 384,43.178578680067666,6.33731499579012,"8,5",Très bien,166
bormes les mimosas,43.1506968,6.3419285,10000,1788426604,26.83,27.74,26.67,28.1,1019,58,1019,1002,3.09,130,,14,1788411658,1788458857,0,801,Clouds,peu nuageux,02d,Bormes-les-Mimosas,La Recampado,€ 409,43.150971,6.342117,"9,6",Exceptionnel,70
bormes les mimosas,43.1506968,6.3419285,10000,1788426604,26.83,27.74,26.67,28.1,1019,58,1019,1002,3.09,130,,14,1788411658,1788458857,0,801,Clouds,peu nuageux,02d,Bormes-les-Mimosas,Camping du Grand Batailler,€ 168,43.1298802,6.3499351,"8,3",Très bien,8
bormes les mimosas,43.1506968,6.3419285,10000,1788426604,26.83,27.74,26.67,28.1,1019,58,1019,1002,3.09,130,,14,1788411658,1788458857,0,801,Clouds,peu nuageux,02d,Bormes-les-Mimosas,Asklan,€ 153,43.122648432419595,6.3594659570777745,"5,8",Note,41
bormes les mimosas,43.1506968,6.3419285,10000,1788426604,26.83,27.74,26.67,28.1,1019,58,1019,1002,3.09,130,,14,1788411658,1788458857,0,801,Clouds,peu nuageux,02d,Bormes-les-Mimosas,"Grand T3, 2 pas de la Plage",€ 364,43.1237589,6.3527933,"9,3",Fabuleux,4
bormes les mimosas,43.1506968,6.3419285,10000,1788426604,26.83,27.74,26.67,28.1,1019,58,1019,1002,3.09,130,,14,1788411658,1788458857,0,801,Clouds,peu nuageux,02d,Bormes-les-Mimosas,"Studio à Bormes-les-Mimosas avec Terrasse, Piscine et Parking à Proximité de la Plage",€ 359,43.126022,6.355735,"8,2",Très bien,4
cassis,43.2140359,5.5396318,10000,1788426605,26.76,26.98,26.34,28.85,1018,46,1018,1008,0.45,343,3.58,6,1788411846,1788459053,0,800,Clear,ciel dégagé,01d,Cassis,ANTINEA,€ 335,43.21412554978914,5.53922198829822,"8,6",Superbe,14
cassis,43.2140359,5.5396318,10000,1788426605,26.76,26.98,26.34,28.85,1018,46,1018,1008,0.45,343,3.58,6,1788411846,1788459053,0,800,Clear,ciel dégagé,01d,Cassis,Les Jardins de Cassis,€ 388,43.221840494518375,5.543384896958969,"8,2",Très bien,1 726
cassis,43.2140359,5.5396318,10000,1788426605,26.76,26.98,26.34,28.85,1018,46,1018,1008,0.45,343,3.58,6,1788411846,1788459053,0,800,Clear,ciel dégagé,01d,Cassis,T3 vue mer exceptionnelle,€ 256,43.22604973779821,5.535288056448735,"9,2",Fabuleux,34
cassis,43.2140359,5.5396318,10000,1788426605,26.76,26.98,26.34,28.85,1018,46,1018,1008,0.45,343,3.58,6,1788411846,1788459053,0,800,Clear,ciel dégagé,01d,Cassis,Le petit cassis,€ 245,43.2187069,5.5399636,"8,4",Très bien,100
cassis,43.2140359,5.5396318,10000,1788426605,26.76,26.98,26.34,28.85,1018,46,1018,1008,0.45,343,3.58,6,1788411846,1788459053,0,800,Clear,ciel dégagé,01d,Cassis,*Blue Éden* Au cœur du village,€ 347,43.2140824,5.5390438,"8,3",Très bien,25
cassis,43.2140359,5.5396318,10000,1788426605,26.76,26.98,26.34,28.85,1018,46,1018,1008,0.45,343,3.58,6,1788411846,1788459053,0,800,Clear,ciel dégagé,01d,Cassis,appartement cosy à 10 mètres du port de Cassis,€ 384,43.215335066598456,5.536860933252505,"8,1",Très bien,197
cassis,43.2140359,5.5396318,10000,1788426605,26.76,26.98,26.34,28.85,1018,46,1018,1008,0.45,343,3.58,6,1788411846,1788459053,0,800,Clear,ciel dégagé,01d,Cassis,Cœur de Cassis,€ 575,43.2146785604878,5.53932630185241,"9,4",Fabuleux,21
cassis,43.2140359,5.5396318,10000,1788426605,26.76,26.98,26.34,28.85,1018,46,1018,1008,0.45,343,3.58,6,1788411846,1788459053,0,800,Clear,ciel dégagé,01d,Cassis,Azur Appart 4 pers,€ 370,43.2180838,5.5497618,"8,6",Superbe,34
cassis,43.2140359,5.5396318,10000,1788426605,26.76,26.98,26.34,28.85,1018,46,1018,1008,0.45,343,3.58,6,1788411846,1788459053,0,800,Clear,ciel dégagé,01d,Cassis,La Viguerie,€ 426,43.217717058899,5.536964103391,"8,6",Superbe,44
cassis,43.2140359,5.5396318,10000,1788426605,26.76,26.98,26.34,28.85,1018,46,1018,1008,0.45,343,3.58,6,1788411846,1788459053,0,800,Clear,ciel dégagé,01d,Cassis,Villa Le Sud,€ 455,43.233049062241854,5.553051084280014,"9,4",Fabuleux,274
cassis,43.2140359,5.5396318,10000,1788426605,26.76,26.98,26.34,28.85,1018,46,1018,1008,0.45,343,3.58,6,1788411846,1788459053,0,800,Clear,ciel dégagé,01d,Cassis,Mas du Perthus,€ 955,43.225176,5.562353,"9,7",Exceptionnel,84
cassis,43.2140359,5.5396318,10000,1788426605,26.76,26.98,26.34,28.85,1018,46,1018,1008,0.45,343,3.58,6,1788411846,1788459053,0,800,Clear,ciel dégagé,01d,Cassis,Au Cœur de Cassis,€ 307,43.215784,5.537901,"8,2",Très bien,21
cassis,43.2140359,5.5396318,10000,1788426605,26.76,26.98,26.34,28.85,1018,46,1018,1008,0.45,343,3.58,6,1788411846,1788459053,0,800,Clear,ciel dégagé,01d,Cassis,Chez Loïc Cassis,€ 309,43.2136765599564,5.53999365255779,"8,7",Superbe,12
cassis,43.2140359,5.5396318,10000,1788426605,26.76,26.98,26.34,28.85,1018,46,1018,1008,0.45,343,3.58,6,1788411846,1788459053,0,800,Clear,ciel dégagé,01d,Cassis,BOUTIQUE HOSTEL BY Cassis,€ 255,43.217645,5.548132,"7,6",Bien,248
cassis,43.2140359,5.5396318,10000,1788426605,26.76,26.98,26.34,28.85,1018,46,1018,1008,0.45,343,3.58,6,1788411846,1788459053,0,800,Clear,ciel dégagé,01d,Cassis,La Cigale du Port,€ 402,43.2177957,5.5358322,"9,2",Fabuleux,57
cassis,43.2140359,5.5396318,10000,1788426605,26.76,26.98,26.34,28.85,1018,46,1018,1008,0.45,343,3.58,6,1788411846,1788459053,0,800,Clear,ciel dégagé,01d,Cassis,Vue Mer sur la Baie de Cassis,€ 288,43.2272758254025,5.53187355383617,"6,0",Note,5
cassis,43.2140359,5.5396318,10000,1788426605,26.76,26.98,26.34,28.85,1018,46,1018,1008,0.45,343,3.58,6,1788411846,1788459053,0,800,Clear,ciel dégagé,01d,Cassis,Sweet Calanque,€ 233,43.227545789757,5.532111080812,"6,0",Note,176
cassis,43.2140359,5.5396318,10000,1788426605,26.76,26.98,26.34,28.85,1018,46,1018,1008,0.45,343,3.58,6,1788411846,1788459053,0,800,Clear,ciel dégagé,01d,Cassis,Vue mer incroyable,€ 264,43.2189082,5.544818,10,Exceptionnel,1
cassis,43.2140359,5.5396318,10000,1788426605,26.76,26.98,26.34,28.85,1018,46,1018,1008,0.45,343,3.58,6,1788411846,1788459053,0,800,Clear,ciel dégagé,01d,Cassis,Suite sous les toits 25m2 à 1mn du port de CASSIS,€ 302,43.214290978994164,5.538464116567647,"7,4",Bien,13
cassis,43.2140359,5.5396318,10000,1788426605,26.76,26.98,26.34,28.85,1018,46,1018,1008,0.45,343,3.58,6,1788411846,1788459053,0,800,Clear,ciel dégagé,01d,Cassis,"Bungalow classé 3 étoiles, Vue Mer, Piscine et Garage",€ 414,43.2273482,5.5318159,"8,6",Superbe,18
cassis,43.2140359,5.5396318,10000,1788426605,26.76,26.98,26.34,28.85,1018,46,1018,1008,0.45,343,3.58,6,1788411846,1788459053,0,800,Clear,ciel dégagé,01d,Cassis,Cassis Loc,€ 470,43.21497072801598,5.536874440475458,"8,0",Très bien,179
cassis,43.2140359,5.5396318,10000,1788426605,26.76,26.98,26.34,28.85,1018,46,1018,1008,0.45,343,3.58,6,1788411846,1788459053,0,800,Clear,ciel dégagé,01d,Cassis,LES VOLETS ROUGES,€ 471,43.234829299000964,5.511910519238427,"8,1",Très bien,704
cassis,43.2140359,5.5396318,10000,1788426605,26.76,26.98,26.34,28.85,1018,46,1018,1008,0.45,343,3.58,6,1788411846,1788459053,0,800,Clear,ciel dégagé,01d,Cassis,Hôtel by Reboul,€ 629,43.2143536,5.538444,"7,8",Bien,250
cassis,43.2140359,5.5396318,10000,1788426605,26.76,26.98,26.34,28.85,1018,46,1018,1008,0.45,343,3.58,6,1788411846,1788459053,0,800,Clear,ciel dégagé,01d,Cassis,L'aiglon,€ 371,43.2152931377637,5.54479765519068,"9,3",Fabuleux,49
cassis,43.2140359,5.5396318,10000,1788426605,26.76,26.98,26.34,28.85,1018,46,1018,1008,0.45,343,3.58,6,1788411846,1788459053,0,800,Clear,ciel dégagé,01d,Cassis,Vue Mer Panoramique,€ 288,43.2274541,5.5317156,"7,8",Bien,6
marseille,43.2963986,5.3777888,10000,1788426606,26.83,26.94,26.37,26.94,1018,44,1018,1012,4.85,325,5.62,8,1788411880,1788459097,0,800,Clear,ciel dégagé,01d,Marseille,MEININGER Marseille Centre la Joliette,€ 254,43.30574814984538,5.371058398811321,"8,5",Très bien,6 988
marseille,43.2963986,5.3777888,10000,1788426606,26.83,26.94,26.37,26.94,1018,44,1018,1012,4.85,325,5.62,8,1788411880,1788459097,0,800,Clear,ciel dégagé,01d,Marseille,HOTEL SYLVABELLE,€ 106,43.288849,5.377536,"5,1",Note,2 530
marseille,43.2963986,5.3777888,10000,1788426606,26.83,26.94,26.37,26.94,1018,44,1018,1012,4.85,325,5.62,8,1788411880,1788459097,0,800,Clear,ciel dégagé,01d,Marseille,ibis Styles Marseille Palais des Congrès Vélodrome,€ 240,43.28066065110931,5.399563014507294,"8,6",Superbe,1 062
marseille,43.2963986,5.3777888,10000,1788426606,26.83,26.94,26.37,26.94,1018,44,1018,1012,4.85,325,5.62,8,1788411880,1788459097,0,800,Clear,ciel dégagé,01d,Marseille,Novotel Marseille Centre Prado Vélodrome,€ 345,43.28068115402996,5.387088060379028,"8,0",Très bien,1 243
marseille,43.2963986,5.3777888,10000,1788426606,26.83,26.94,26.37,26.94,1018,44,1018,1012,4.85,325,5.62,8,1788411880,1788459097,0,800,Clear,ciel dégagé,01d,Marseille,The People,€ 197,43.301105,5.371282,"8,4",Très bien,5 300
marseille,43.2963986,5.3777888,10000,1788426606,26.83,26.94,26.37,26.94,1018,44,1018,1012,4.85,325,5.62,8,1788411880,1788459097,0,800,Clear,ciel dégagé,01d,Marseille,ibis Marseille Centre Euromed,€ 354,43.307901002933846,5.36782017175824,"8,0",Très bien,1 534
marseille,43.2963986,5.3777888,10000,1788426606,26.83,26.94,26.37,26.94,1018,44,1018,1012,4.85,325,5.62,8,1788411880,1788459097,0,800,Clear,ciel dégagé,01d,Marseille,Premiere Classe Marseille La Valentine,€ 129,43.29832242990854,5.476697310805321,"5,7",Note,2 295
marseille,43.2963986,5.3777888,10000,1788426606,26.83,26.94,26.37,26.94,1018,44,1018,1012,4.85,325,5.62,8,1788411880,1788459097,0,800,Clear,ciel dégagé,01d,Marseille,Golden Tulip Marseille Euromed,€ 395,43.309721767182005,5.367034441568762,"7,8",Bien,3 989
marseille,43.2963986,5.3777888,10000,1788426606,26.83,26.94,26.37,26.94,1018,44,1018,1012,4.85,325,5.62,8,1788411880,1788459097,0,800,Clear,ciel dégagé,01d,Marseille,Vertigo Hostel,€ 241,43.291397377840134,5.3719362616539,"7,6",Bien,3 668
marseille,43.2963986,5.3777888,10000,1788426606,26.83,26.94,26.37,26.94,1018,44,1018,1012,4.85,325,5.62,8,1788411880,1788459097,0,800,Clear,ciel dégagé,01d,Marseille,Hôtel Ligo by HappyCulture,€ 385,43.301265,5.370879,"8,5",Très bien,1 197
marseille,43.2963986,5.3777888,10000,1788426606,26.83,26.94,26.37,26.94,1018,44,1018,1012,4.85,325,5.62,8,1788411880,1788459097,0,800,Clear,ciel dégagé,01d,Marseille,Ibis Budget Marseille Timone,€ 182,43.295242,5.400739,"6,8",Note,1 661
marseille,43.2963986,5.3777888,10000,1788426606,26.83,26.94,26.37,26.94,1018,44,1018,1012,4.85,325,5.62,8,1788411880,1788459097,0,800,Clear,ciel dégagé,01d,Marseille,Grand Hotel Beauvau Marseille Vieux-Port,€ 1 013,43.29507835603476,5.375010073184967,"8,6",Superbe,857
marseille,43.2963986,5.3777888,10000,1788426606,26.83,26.94,26.37,26.94,1018,44,1018,1012,4.85,325,5.62,8,1788411880,1788459097,0,800,Clear,ciel dégagé,01d,Marseille,Radisson Blu Hotel Marseille Vieux Port,€ 1 090,43.29258339752927,5.367027819156647,"8,5",Très bien,2 140
marseille,43.2963986,5.3777888,10000,1788426606,26.83,26.94,26.37,26.94,1018,44,1018,1012,4.85,325,5.62,8,1788411880,1788459097,0,800,Clear,ciel dégagé,01d,Marseille,ibis Marseille Centre Gare Saint Charles,€ 274,43.302943517277306,5.382228344569739,"7,6",Bien,4 366
marseille,43.2963986,5.3777888,10000,1788426606,26.83,26.94,26.37,26.94,1018,44,1018,1012,4.85,325,5.62,8,1788411880,1788459097,0,800,Clear,ciel dégagé,01d,Marseille,Hotel du Pharo,€ 218,43.2883322,5.3594753,"7,0",Bien,179
marseille,43.2963986,5.3777888,10000,1788426606,26.83,26.94,26.37,26.94,1018,44,1018,1012,4.85,325,5.62,8,1788411880,1788459097,0,800,Clear,ciel dégagé,01d,Marseille,Campanile NATURE,€ 167,43.37978112199208,5.355641841888428,"7,7",Bien,847
marseille,43.2963986,5.3777888,10000,1788426606,26.83,26.94,26.37,26.94,1018,44,1018,1012,4.85,325,5.62,8,1788411880,1788459097,0,800,Clear,ciel dégagé,01d,Marseille,Grand Juste,€ 302,43.2920868,5.389204,"9,0",Fabuleux,584
marseille,43.2963986,5.3777888,10000,1788426606,26.83,26.94,26.37,26.94,1018,44,1018,1012,4.85,325,5.62,8,1788411880,1788459097,0,800,Clear,ciel dégagé,01d,Marseille,Charmant Appart Studio 30m2 avec Terrasse 10m2 Vieux Port,€ 221,43.2982032,5.371966,"7,8",Bien,40
marseille,43.2963986,5.3777888,10000,1788426606,26.83,26.94,26.37,26.94,1018,44,1018,1012,4.85,325,5.62,8,1788411880,1788459097,0,800,Clear,ciel dégagé,01d,Marseille,Toyoko INN Marseille Saint Charles,€ 217,43.3044163823869,5.374714267181395,"8,0",Très bien,14 857
marseille,43.2963986,5.3777888,10000,1788426606,26.83,26.94,26.37,26.94,1018,44,1018,1012,4.85,325,5.62,8,1788411880,1788459097,0,800,Clear,ciel dégagé,01d,Marseille,Residhotel Le Grand Prado,€ 209,43.2808012424265,5.388253480195999,"7,2",Bien,4 023
marseille,43.2963986,5.3777888,10000,1788426606,26.83,26.94,26.37,26.94,1018,44,1018,1012,4.85,325,5.62,8,1788411880,1788459097,0,800,Clear,ciel dégagé,01d,Marseille,Mercure Marseille Centre Bompard La Corniche,€ 470,43.28118493790976,5.35933256149292,"8,1",Très bien,581
marseille,43.2963986,5.3777888,10000,1788426606,26.83,26.94,26.37,26.94,1018,44,1018,1012,4.85,325,5.62,8,1788411880,1788459097,0,800,Clear,ciel dégagé,01d,Marseille,easyHotel Marseille Euromed,€ 179,43.3101149,5.3703396,"8,2",Très bien,2 701
marseille,43.2963986,5.3777888,10000,1788426606,26.83,26.94,26.37,26.94,1018,44,1018,1012,4.85,325,5.62,8,1788411880,1788459097,0,800,Clear,ciel dégagé,01d,Marseille,Appart'hôtel Marseille Centre Euromed,€ 306,43.312771,5.367682,"8,3",Très bien,4 097
marseille,43.2963986,5.3777888,10000,1788426606,26.83,26.94,26.37,26.94,1018,44,1018,1012,4.85,325,5.62,8,1788411880,1788459097,0,800,Clear,ciel dégagé,01d,Marseille,Maisons du Monde Hôtel & Suites,€ 569,43.29412372437712,5.374639928340912,"8,7",Superbe,1 880
marseille,43.2963986,5.3777888,10000,1788426606,26.83,26.94,26.37,26.94,1018,44,1018,1012,4.85,325,5.62,8,1788411880,1788459097,0,800,Clear,ciel dégagé,01d,Marseille,Villages Clubs du Soleil,€ 322,43.312847844213444,5.391983091831207,"7,6",Bien,3 287
aix en provence,43.5298424,5.4474738,10000,1788426607,25.52,25.43,25.07,25.78,1019,50,1019,987,1.55,9,2.19,16,1788411848,1788459096,0,801,Clouds,peu nuageux,02d,Aix-en-Provence,Aparthotel Adagio Access Aix-en-Provence Université,€ 246,43.5205148,5.4471929,"8,3",Très bien,4 113
aix en provence,43.5298424,5.4474738,10000,1788426607,25.52,25.43,25.07,25.78,1019,50,1019,987,1.55,9,2.19,16,1788411848,1788459096,0,801,Clouds,peu nuageux,02d,Aix-en-Provence,Charming design ꕥ Aix Center,€ 208,43.5278086,5.4535749,,,
aix en provence,43.5298424,5.4474738,10000,1788426607,25.52,25.43,25.07,25.78,1019,50,1019,987,1.55,9,2.19,16,1788411848,1788459096,0,801,Clouds,peu nuageux,02d,Aix-en-Provence,B&B HOTEL Aix-en-Provence Pont de l'Arc,€ 154,43.5111713,5.4446805,"7,4",Bien,2 344
aix en provence,43.5298424,5.4474738,10000,1788426607,25.52,25.43,25.07,25.78,1019,50,1019,987,1.55,9,2.19,16,1788411848,1788459096,0,801,Clouds,peu nuageux,02d,Aix-en-Provence,ibis Aix en Provence,€ 220,43.51138682534101,5.464823842048645,"7,9",Bien,1 898
aix en provence,43.5298424,5.4474738,10000,1788426607,25.52,25.43,25.07,25.78,1019,50,1019,987,1.55,9,2.19,16,1788411848,1788459096,0,801,Clouds,peu nuageux,02d,Aix-en-Provence,Le Aix Rotonde Mirabeau,€ 843,43.52654381510597,5.4421412576721195,"9,5",Exceptionnel,21
aix en provence,43.5298424,5.4474738,10000,1788426607,25.52,25.43,25.07,25.78,1019,50,1019,987,1.55,9,2.19,16,1788411848,1788459096,0,801,Clouds,peu nuageux,02d,Aix-en-Provence,Appart'hôtel Odalys City,€ 222,43.524091009042785,5.4552161693573,"8,0",Très bien,2 302
aix en provence,43.5298424,5.4474738,10000,1788426607,25.52,25.43,25.07,25.78,1019,50,1019,987,1.55,9,2.19,16,1788411848,1788459096,0,801,Clouds,peu nuageux,02d,Aix-en-Provence,ibis budget Aix en Provence,€ 150,43.4945301456768,5.3688812255859375,"7,9",Bien,1 623
aix en provence,43.5298424,5.4474738,10000,1788426607,25.52,25.43,25.07,25.78,1019,50,1019,987,1.55,9,2.19,16,1788411848,1788459096,0,801,Clouds,peu nuageux,02d,Aix-en-Provence,Radisson Hotel Aix En Provence,€ 280,43.528614,5.426005,"8,0",Très bien,1 773
aix en provence,43.5298424,5.4474738,10000,1788426607,25.52,25.43,25.07,25.78,1019,50,1019,987,1.55,9,2.19,16,1788411848,1788459096,0,801,Clouds,peu nuageux,02d,Aix-en-Provence,Appartement spacieux de standing,€ 343,43.52201266125,5.452997576721,"9,2",Fabuleux,39
aix en provence,43.5298424,5.4474738,10000,1788426607,25.52,25.43,25.07,25.78,1019,50,1019,987,1.55,9,2.19,16,1788411848,1788459096,0,801,Clouds,peu nuageux,02d,Aix-en-Provence,Setclub Hôtel & Spa Aix-en-Provence,€ 409,43.5475057,5.3873295,"8,1",Très bien,1 415
aix en provence,43.5298424,5.4474738,10000,1788426607,25.52,25.43,25.07,25.78,1019,50,1019,987,1.55,9,2.19,16,1788411848,1788459096,0,801,Clouds,peu nuageux,02d,Aix-en-Provence,Campanile Prime,€ 190,43.511916316958825,5.436653941869736,"8,1",Très bien,1 168
aix en provence,43.5298424,5.4474738,10000,1788426607,25.52,25.43,25.07,25.78,1019,50,1019,987,1.55,9,2.19,16,1788411848,1788459096,0,801,Clouds,peu nuageux,02d,Aix-en-Provence,Grand Hôtel Roi René Aix,€ 882,43.52332474147478,5.449725687503815,"8,4",Très bien,1 279
aix en provence,43.5298424,5.4474738,10000,1788426607,25.52,25.43,25.07,25.78,1019,50,1019,987,1.55,9,2.19,16,1788411848,1788459096,0,801,Clouds,peu nuageux,02d,Aix-en-Provence,Comfort Aparthotel Aix Le Tholonet,€ 148,43.511843176568924,5.486706644296646,"7,6",Bien,2 181
aix en provence,43.5298424,5.4474738,10000,1788426607,25.52,25.43,25.07,25.78,1019,50,1019,987,1.55,9,2.19,16,1788411848,1788459096,0,801,Clouds,peu nuageux,02d,Aix-en-Provence,Ibis Styles Aix-en-Provence Universite,€ 340,43.52017,5.447255,"8,3",Très bien,12
aix en provence,43.5298424,5.4474738,10000,1788426607,25.52,25.43,25.07,25.78,1019,50,1019,987,1.55,9,2.19,16,1788411848,1788459096,0,801,Clouds,peu nuageux,02d,Aix-en-Provence,Zenao Appart'hôtels Aix-en-Provence Carnot,€ 238,43.5261804,5.4557918,"9,1",Fabuleux,12
aix en provence,43.5298424,5.4474738,10000,1788426607,25.52,25.43,25.07,25.78,1019,50,1019,987,1.55,9,2.19,16,1788411848,1788459096,0,801,Clouds,peu nuageux,02d,Aix-en-Provence,"Èrsextius, LMR1, Aix-en-Provence",€ 282,43.5286112,5.446702699999999,"8,9",Superbe,10
aix en provence,43.5298424,5.4474738,10000,1788426607,25.52,25.43,25.07,25.78,1019,50,1019,987,1.55,9,2.19,16,1788411848,1788459096,0,801,Clouds,peu nuageux,02d,Aix-en-Provence,Hôtel Rotonde Aix-en-Provence centre,€ 487,43.52391013965681,5.442494451999664,"8,4",Très bien,230
aix en provence,43.5298424,5.4474738,10000,1788426607,25.52,25.43,25.07,25.78,1019,50,1019,987,1.55,9,2.19,16,1788411848,1788459096,0,801,Clouds,peu nuageux,02d,Aix-en-Provence,Novotel Aix-en-Provence Pont de L'Arc,€ 301,43.511693394135165,5.456986427307129,"8,0",Très bien,645
aix en provence,43.5298424,5.4474738,10000,1788426607,25.52,25.43,25.07,25.78,1019,50,1019,987,1.55,9,2.19,16,1788411848,1788459096,0,801,Clouds,peu nuageux,02d,Aix-en-Provence,Le Concorde,€ 402,43.524612221014486,5.453754365444183,"8,0",Très bien,2 445
aix en provence,43.5298424,5.4474738,10000,1788426607,25.52,25.43,25.07,25.78,1019,50,1019,987,1.55,9,2.19,16,1788411848,1788459096,0,801,Clouds,peu nuageux,02d,Aix-en-Provence,Studio DOUILLET,€ 105,43.5318834,5.410448,"8,7",Superbe,24
aix en provence,43.5298424,5.4474738,10000,1788426607,25.52,25.43,25.07,25.78,1019,50,1019,987,1.55,9,2.19,16,1788411848,1788459096,0,801,Clouds,peu nuageux,02d,Aix-en-Provence,"Bel appart pour 6 p, clim, parking et terrasse",€ 459,43.5102808443716,5.44117453897118,"7,6",Bien,36
aix en provence,43.5298424,5.4474738,10000,1788426607,25.52,25.43,25.07,25.78,1019,50,1019,987,1.55,9,2.19,16,1788411848,1788459096,0,801,Clouds,peu nuageux,02d,Aix-en-Provence,Appart'hôtel Odalys City,€ 215,43.53000300006766,5.425695776939392,"8,2",Très bien,2 665
aix en provence,43.5298424,5.4474738,10000,1788426607,25.52,25.43,25.07,25.78,1019,50,1019,987,1.55,9,2.19,16,1788411848,1788459096,0,801,Clouds,peu nuageux,02d,Aix-en-Provence,Zenao Appart'hôtels Aix-en-Provence Rambot,€ 319,43.5309196,5.4585444,"8,9",Superbe,7
aix en provence,43.5298424,5.4474738,10000,1788426607,25.52,25.43,25.07,25.78,1019,50,1019,987,1.55,9,2.19,16,1788411848,1788459096,0,801,Clouds,peu nuageux,02d,Aix-en-Provence,Hôtel Boutique Cézanne centre Aix-en-Provence,€ 661,43.52356201318332,5.445937067270279,"8,6",Superbe,1 736
aix en provence,43.5298424,5.4474738,10000,1788426607,25.52,25.43,25.07,25.78,1019,50,1019,987,1.55,9,2.19,16,1788411848,1788459096,0,801,Clouds,peu nuageux,02d,Aix-en-Provence,Garden & City Aix En Provence,€ 150,43.5870053,5.426178800000002,"6,6",Note,700
avignon,43.9492493,4.8059012,10000,1788426608,27.76,27.52,27.49,28.21,1020,41,1020,1013,8.75,350,,6,1788411974,1788459278,0,800,Clear,ciel dégagé,01d,Avignon,ibis budget Avignon Centre,€ 151,43.943756311974205,4.7981523644180015,"8,0",Très bien,4 050
avignon,43.9492493,4.8059012,10000,1788426608,27.76,27.52,27.49,28.21,1020,41,1020,1013,8.75,350,,6,1788411974,1788459278,0,800,Clear,ciel dégagé,01d,Avignon,Mercure Avignon TGV Hotel & Spa,€ 313,43.92929,4.784118000000035,"8,6",Superbe,2 323
avignon,43.9492493,4.8059012,10000,1788426608,27.76,27.52,27.49,28.21,1020,41,1020,1013,8.75,350,,6,1788411974,1788459278,0,800,Clear,ciel dégagé,01d,Avignon,Hôtel Le Bristol,€ 252,43.944032127814744,4.80533167719841,"8,4",Très bien,4 497
avignon,43.9492493,4.8059012,10000,1788426608,27.76,27.52,27.49,28.21,1020,41,1020,1013,8.75,350,,6,1788411974,1788459278,0,800,Clear,ciel dégagé,01d,Avignon,Premiere Classe Avignon Courtine Gare TGV,€ 83,43.930206713124925,4.790328741073608,"5,8",Note,1 929
avignon,43.9492493,4.8059012,10000,1788426608,27.76,27.52,27.49,28.21,1020,41,1020,1013,8.75,350,,6,1788411974,1788459278,0,800,Clear,ciel dégagé,01d,Avignon,hotelF1 Avignon Centre Courtine gare TGV,€ 85,43.929032,4.788189,"7,2",Bien,2 120
avignon,43.9492493,4.8059012,10000,1788426608,27.76,27.52,27.49,28.21,1020,41,1020,1013,8.75,350,,6,1788411974,1788459278,0,800,Clear,ciel dégagé,01d,Avignon,Auberge de jeunesse HI Avignon,€ 223,43.9476227,4.8059782,"8,0",Très bien,874
avignon,43.9492493,4.8059012,10000,1788426608,27.76,27.52,27.49,28.21,1020,41,1020,1013,8.75,350,,6,1788411974,1788459278,0,800,Clear,ciel dégagé,01d,Avignon,Novotel Avignon Centre,€ 386,43.94273539563318,4.8024362325668335,"8,2",Très bien,1 009
avignon,43.9492493,4.8059012,10000,1788426608,27.76,27.52,27.49,28.21,1020,41,1020,1013,8.75,350,,6,1788411974,1788459278,0,800,Clear,ciel dégagé,01d,Avignon,Mercure Pont d’Avignon Centre,€ 332,43.95284082094276,4.805933833122253,"8,1",Très bien,261
avignon,43.9492493,4.8059012,10000,1788426608,27.76,27.52,27.49,28.21,1020,41,1020,1013,8.75,350,,6,1788411974,1788459278,0,800,Clear,ciel dégagé,01d,Avignon,Golden Tulip Avignon Le Paradou,€ 255,43.90489249574502,4.895530343055725,"8,3",Très bien,2 232
avignon,43.9492493,4.8059012,10000,1788426608,27.76,27.52,27.49,28.21,1020,41,1020,1013,8.75,350,,6,1788411974,1788459278,0,800,Clear,ciel dégagé,01d,Avignon,Camping du Pont d'Avignon,€ 173,43.95638753322529,4.801990985870361,"8,1",Très bien,277
avignon,43.9492493,4.8059012,10000,1788426608,27.76,27.52,27.49,28.21,1020,41,1020,1013,8.75,350,,6,1788411974,1788459278,0,800,Clear,ciel dégagé,01d,Avignon,Hotel Cristol,€ 145,43.92633934823371,4.850131273269653,"7,2",Bien,600
avignon,43.9492493,4.8059012,10000,1788426608,27.76,27.52,27.49,28.21,1020,41,1020,1013,8.75,350,,6,1788411974,1788459278,0,800,Clear,ciel dégagé,01d,Avignon,ibis Avignon Centre Pont De L'Europe,€ 156,43.94363815379145,4.79828953742981,"7,6",Bien,1 128
avignon,43.9492493,4.8059012,10000,1788426608,27.76,27.52,27.49,28.21,1020,41,1020,1013,8.75,350,,6,1788411974,1788459278,0,800,Clear,ciel dégagé,01d,Avignon,ApartHotel Sainte-Marthe,€ 177,43.94989513805674,4.819863885641098,"8,1",Très bien,5 639
avignon,43.9492493,4.8059012,10000,1788426608,27.76,27.52,27.49,28.21,1020,41,1020,1013,8.75,350,,6,1788411974,1788459278,0,800,Clear,ciel dégagé,01d,Avignon,ibis Styles Avignon Sud,€ 248,43.92616548476504,4.844420850276947,"8,4",Très bien,2 357
avignon,43.9492493,4.8059012,10000,1788426608,27.76,27.52,27.49,28.21,1020,41,1020,1013,8.75,350,,6,1788411974,1788459278,0,800,Clear,ciel dégagé,01d,Avignon,ibis Avignon Sud,€ 182,43.9260710708618,4.849032908678055,"7,7",Bien,1 979
avignon,43.9492493,4.8059012,10000,1788426608,27.76,27.52,27.49,28.21,1020,41,1020,1013,8.75,350,,6,1788411974,1788459278,0,800,Clear,ciel dégagé,01d,Avignon,Charmant studio,€ 116,43.9496333,4.8083893,"7,8",Bien,16
avignon,43.9492493,4.8059012,10000,1788426608,27.76,27.52,27.49,28.21,1020,41,1020,1013,8.75,350,,6,1788411974,1788459278,0,800,Clear,ciel dégagé,01d,Avignon,#T3 intra-muros Avignon,€ 187,43.9463786,4.8132329,"8,6",Superbe,149
avignon,43.9492493,4.8059012,10000,1788426608,27.76,27.52,27.49,28.21,1020,41,1020,1013,8.75,350,,6,1788411974,1788459278,0,800,Clear,ciel dégagé,01d,Avignon,Hôtel du Palais des Papes,€ 342,43.95034694330067,4.8062074184417725,"8,0",Très bien,709
avignon,43.9492493,4.8059012,10000,1788426608,27.76,27.52,27.49,28.21,1020,41,1020,1013,8.75,350,,6,1788411974,1788459278,0,800,Clear,ciel dégagé,01d,Avignon,Appartement avec Bain à Remous & Patio,€ 147,43.947422396684324,4.815923450262427,"7,9",Bien,34
avignon,43.9492493,4.8059012,10000,1788426608,27.76,27.52,27.49,28.21,1020,41,1020,1013,8.75,350,,6,1788411974,1788459278,0,800,Clear,ciel dégagé,01d,Avignon,Best Western Plus Le Lavarin Avignon,€ 221,43.922757658189205,4.804295003414154,"8,1",Très bien,1 775
avignon,43.9492493,4.8059012,10000,1788426608,27.76,27.52,27.49,28.21,1020,41,1020,1013,8.75,350,,6,1788411974,1788459278,0,800,Clear,ciel dégagé,01d,Avignon,Avignon Grand Hotel,€ 370,43.94254505532995,4.804362058639526,"8,1",Très bien,2 424
avignon,43.9492493,4.8059012,10000,1788426608,27.76,27.52,27.49,28.21,1020,41,1020,1013,8.75,350,,6,1788411974,1788459278,0,800,Clear,ciel dégagé,01d,Avignon,Mas de l'ile,€ 361,43.96016749527502,4.822082750822119,"9,3",Fabuleux,198
avignon,43.9492493,4.8059012,10000,1788426608,27.76,27.52,27.49,28.21,1020,41,1020,1013,8.75,350,,6,1788411974,1788459278,0,800,Clear,ciel dégagé,01d,Avignon,La Bohème,€ 160,43.9505467,4.8120313,"8,2",Très bien,5
avignon,43.9492493,4.8059012,10000,1788426608,27.76,27.52,27.49,28.21,1020,41,1020,1013,8.75,350,,6,1788411974,1788459278,0,800,Clear,ciel dégagé,01d,Avignon,Brit Hotel Avignon Sud Le Calendal,€ 173,43.92598582531355,4.851635992527008,"8,2",Très bien,351
avignon,43.9492493,4.8059012,10000,1788426608,27.76,27.52,27.49,28.21,1020,41,1020,1013,8.75,350,,6,1788411974,1788459278,0,800,Clear,ciel dégagé,01d,Avignon,Hotel Alizéa,€ 98,43.94491469740066,4.8054832220077515,"5,7",Note,999
uzes,44.0121279,4.4196718,10000,1788426609,26.78,26.75,26.78,27.71,1020,41,1020,1003,6.86,5,9.49,5,1788412062,1788459375,0,800,Clear,ciel dégagé,01d,Uzès,Boutique Hôtel Entraigues,€ 555,44.01246437098573,4.421800111045059,"9,0",Fabuleux,1 293
uzes,44.0121279,4.4196718,10000,1788426609,26.78,26.75,26.78,27.71,1020,41,1020,1003,6.86,5,9.49,5,1788412062,1788459375,0,800,Clear,ciel dégagé,01d,Uzès,Hôtel Le SAINT-GENIÈS,€ 336,44.023394710582856,4.419290721416473,"9,3",Fabuleux,1 182
uzes,44.0121279,4.4196718,10000,1788426609,26.78,26.75,26.78,27.71,1020,41,1020,1003,6.86,5,9.49,5,1788412062,1788459375,0,800,Clear,ciel dégagé,01d,Uzès,Appartement climatisé avec piscine et parking à Uzès,€ 316,44.008163,4.4101359,"9,6",Exceptionnel,5
uzes,44.0121279,4.4196718,10000,1788426609,26.78,26.75,26.78,27.71,1020,41,1020,1003,6.86,5,9.49,5,1788412062,1788459375,0,800,Clear,ciel dégagé,01d,Uzès,RAVISSANT STUDIO,€ 184,44.0141777,4.4220873,"8,6",Superbe,31
uzes,44.0121279,4.4196718,10000,1788426609,26.78,26.75,26.78,27.71,1020,41,1020,1003,6.86,5,9.49,5,1788412062,1788459375,0,800,Clear,ciel dégagé,01d,Uzès,Patio De Violette,€ 269,44.02843142473164,4.420023858328932,"8,8",Superbe,571
uzes,44.0121279,4.4196718,10000,1788426609,26.78,26.75,26.78,27.71,1020,41,1020,1003,6.86,5,9.49,5,1788412062,1788459375,0,800,Clear,ciel dégagé,01d,Uzès,Appart One Uzès,€ 160,44.01204827329157,4.41224146190184,"7,7",Bien,286
uzes,44.0121279,4.4196718,10000,1788426609,26.78,26.75,26.78,27.71,1020,41,1020,1003,6.86,5,9.49,5,1788412062,1788459375,0,800,Clear,ciel dégagé,01d,Uzès,La Casita,€ 219,44.0121521,4.4169701,"8,1",Très bien,210
uzes,44.0121279,4.4196718,10000,1788426609,26.78,26.75,26.78,27.71,1020,41,1020,1003,6.86,5,9.49,5,1788412062,1788459375,0,800,Clear,ciel dégagé,01d,Uzès,"Ulysse, Appartement Spacieux au Centre Historique d'Uzès en rez-de-chaussée avec extérieur, proche parking des Marroniers",€ 207,44.0132239,4.4222681999999995,"9,2",Fabuleux,75
uzes,44.0121279,4.4196718,10000,1788426609,26.78,26.75,26.78,27.71,1020,41,1020,1003,6.86,5,9.49,5,1788412062,1788459375,0,800,Clear,ciel dégagé,01d,Uzès,La Casita,€ 199,44.0142503,4.4199672,"8,5",Très bien,162
uzes,44.0121279,4.4196718,10000,1788426609,26.78,26.75,26.78,27.71,1020,41,1020,1003,6.86,5,9.49,5,1788412062,1788459375,0,800,Clear,ciel dégagé,01d,Uzès,Le trente trois,€ 193,44.0096419476156,4.41788524389267,"9,1",Fabuleux,449
uzes,44.0121279,4.4196718,10000,1788426609,26.78,26.75,26.78,27.71,1020,41,1020,1003,6.86,5,9.49,5,1788412062,1788459375,0,800,Clear,ciel dégagé,01d,Uzès,Le Mas des Alexandrins,€ 418,43.99589186167915,4.4274671792373965,"9,7",Exceptionnel,102
uzes,44.0121279,4.4196718,10000,1788426609,26.78,26.75,26.78,27.71,1020,41,1020,1003,6.86,5,9.49,5,1788412062,1788459375,0,800,Clear,ciel dégagé,01d,Uzès,LOGIS HOTEL L' Auberge d'Uzes,€ 174,43.992778265890124,4.424275159617537,"8,2",Très bien,246
uzes,44.0121279,4.4196718,10000,1788426609,26.78,26.75,26.78,27.71,1020,41,1020,1003,6.86,5,9.49,5,1788412062,1788459375,0,800,Clear,ciel dégagé,01d,Uzès,Appartement avec Terrasse et parking en centre ville d'Uzès,€ 231,44.0126338,4.4142025,"9,0",Fabuleux,7
uzes,44.0121279,4.4196718,10000,1788426609,26.78,26.75,26.78,27.71,1020,41,1020,1003,6.86,5,9.49,5,1788412062,1788459375,0,800,Clear,ciel dégagé,01d,Uzès,"Uzès, au cœur du centre médiéval La Boussole d'Uzès, appartement de caractère du XVII -ème siècle",€ 303,44.0124278,4.4192465,"9,0",Fabuleux,50
uzes,44.0121279,4.4196718,10000,1788426609,26.78,26.75,26.78,27.71,1020,41,1020,1003,6.86,5,9.49,5,1788412062,1788459375,0,800,Clear,ciel dégagé,01d,Uzès,Le mas des Lilas,€ 318,43.9971194612628,4.42578703165054,"8,2",Très bien,59
uzes,44.0121279,4.4196718,10000,1788426609,26.78,26.75,26.78,27.71,1020,41,1020,1003,6.86,5,9.49,5,1788412062,1788459375,0,800,Clear,ciel dégagé,01d,Uzès,Le Cherche Midi,€ 201,44.0127104,4.4185003,"9,3",Fabuleux,58
uzes,44.0121279,4.4196718,10000,1788426609,26.78,26.75,26.78,27.71,1020,41,1020,1003,6.86,5,9.49,5,1788412062,1788459375,0,800,Clear,ciel dégagé,01d,Uzès,appartement centre ville Uzès,€ 229,44.0119373,4.4131642,"7,9",Bien,10
uzes,44.0121279,4.4196718,10000,1788426609,26.78,26.75,26.78,27.71,1020,41,1020,1003,6.86,5,9.49,5,1788412062,1788459375,0,800,Clear,ciel dégagé,01d,Uzès,Grand studio sur jardin en centre-ville,€ 197,44.0103306,4.4169027,"9,1",Fabuleux,13
uzes,44.0121279,4.4196718,10000,1788426609,26.78,26.75,26.78,27.71,1020,41,1020,1003,6.86,5,9.49,5,1788412062,1788459375,0,800,Clear,ciel dégagé,01d,Uzès,O Mas de Meze,€ 452,44.0153055,4.3957662,"9,8",Exceptionnel,62
uzes,44.0121279,4.4196718,10000,1788426609,26.78,26.75,26.78,27.71,1020,41,1020,1003,6.86,5,9.49,5,1788412062,1788459375,0,800,Clear,ciel dégagé,01d,Uzès,Appartement avec parking en centre ville d'Uzès,€ 231,44.0126338,4.4142025,"7,3",Bien,29
uzes,44.0121279,4.4196718,10000,1788426609,26.78,26.75,26.78,27.71,1020,41,1020,1003,6.86,5,9.49,5,1788412062,1788459375,0,800,Clear,ciel dégagé,01d,Uzès,"Le 100% Uzès, charme en plein centre historique",€ 143,44.0120675,4.4183194,"8,0",Très bien,29
uzes,44.0121279,4.4196718,10000,1788426609,26.78,26.75,26.78,27.71,1020,41,1020,1003,6.86,5,9.49,5,1788412062,1788459375,0,800,Clear,ciel dégagé,01d,Uzès,Appartement avec clim et parking à Uzès,€ 243,44.0126338,4.4142025,"7,2",Bien,9
uzes,44.0121279,4.4196718,10000,1788426609,26.78,26.75,26.78,27.71,1020,41,1020,1003,6.86,5,9.49,5,1788412062,1788459375,0,800,Clear,ciel dégagé,01d,Uzès,La Maison d'Uzès Relais & Châteaux,€ 1 623,44.0127444719537,4.42113071680069,"8,9",Superbe,139
uzes,44.0121279,4.4196718,10000,1788426609,26.78,26.75,26.78,27.71,1020,41,1020,1003,6.86,5,9.49,5,1788412062,1788459375,0,800,Clear,ciel dégagé,01d,Uzès,Une chambre à Uzès,€ 214,44.011832299958,4.4185004987420005,"9,3",Fabuleux,107
uzes,44.0121279,4.4196718,10000,1788426609,26.78,26.75,26.78,27.71,1020,41,1020,1003,6.86,5,9.49,5,1788412062,1788459375,0,800,Clear,ciel dégagé,01d,Uzès,Domaine de Privadière & Spa,€ 459,43.986524,4.302525,"9,0",Fabuleux,161
nimes,43.8374249,4.3600687,10000,1788426303,28.22,27.47,28.22,28.22,1021,34,1021,1012,6.69,350,,10,1788412088,1788459377,0,800,Clear,ciel dégagé,01d,Nîmes,hotelF1 Nîmes Ouest,€ 79,43.815334,4.34405200000003,"7,2",Bien,2 529
nimes,43.8374249,4.3600687,10000,1788426303,28.22,27.47,28.22,28.22,1021,34,1021,1012,6.69,350,,10,1788412088,1788459377,0,800,Clear,ciel dégagé,01d,Nîmes,ibis budget Nimes Centre Gare,€ 142,43.832055902146784,4.3673644959926605,"8,2",Très bien,2 916
nimes,43.8374249,4.3600687,10000,1788426303,28.22,27.47,28.22,28.22,1021,34,1021,1012,6.69,350,,10,1788412088,1788459377,0,800,Clear,ciel dégagé,01d,Nîmes,Appart'hôtel Odalys City,€ 191,43.834061872209,4.358990652779,"8,6",Superbe,3 758
nimes,43.8374249,4.3600687,10000,1788426303,28.22,27.47,28.22,28.22,1021,34,1021,1012,6.69,350,,10,1788412088,1788459377,0,800,Clear,ciel dégagé,01d,Nîmes,ibis Nîmes Ouest,€ 184,43.81389058589602,4.34434175491333,"8,2",Très bien,2 095
nimes,43.8374249,4.3600687,10000,1788426303,28.22,27.47,28.22,28.22,1021,34,1021,1012,6.69,350,,10,1788412088,1788459377,0,800,Clear,ciel dégagé,01d,Nîmes,Campanile PRIME,€ 147,43.82273112028273,4.364125728607178,"8,2",Très bien,2 113
nimes,43.8374249,4.3600687,10000,1788426303,28.22,27.47,28.22,28.22,1021,34,1021,1012,6.69,350,,10,1788412088,1788459377,0,800,Clear,ciel dégagé,01d,Nîmes,Comfort Aparthotel Nimes Centre,€ 140,43.83249328044521,4.367856681346893,"8,0",Très bien,3 116
nimes,43.8374249,4.3600687,10000,1788426303,28.22,27.47,28.22,28.22,1021,34,1021,1012,6.69,350,,10,1788412088,1788459377,0,800,Clear,ciel dégagé,01d,Nîmes,B&B HOTEL Nîmes Centre Arènes,€ 132,43.8281614,4.354790200000025,"8,3",Très bien,3 572
nimes,43.8374249,4.3600687,10000,1788426303,28.22,27.47,28.22,28.22,1021,34,1021,1012,6.69,350,,10,1788412088,1788459377,0,800,Clear,ciel dégagé,01d,Nîmes,Hôtel Concorde,€ 104,43.836128154772155,4.361269945351637,"6,6",Note,826
nimes,43.8374249,4.3600687,10000,1788426303,28.22,27.47,28.22,28.22,1021,34,1021,1012,6.69,350,,10,1788412088,1788459377,0,800,Clear,ciel dégagé,01d,Nîmes,B&B HOTEL Nîmes Ville Active 3 étoiles,€ 133,43.8157834,4.346312699999999,"7,7",Bien,1 613
nimes,43.8374249,4.3600687,10000,1788426303,28.22,27.47,28.22,28.22,1021,34,1021,1012,6.69,350,,10,1788412088,1788459377,0,800,Clear,ciel dégagé,01d,Nîmes,Appart'City Collection Nîmes Arènes,€ 280,43.8338735348897,4.361433959524561,"8,9",Superbe,3 006
nimes,43.8374249,4.3600687,10000,1788426303,28.22,27.47,28.22,28.22,1021,34,1021,1012,6.69,350,,10,1788412088,1788459377,0,800,Clear,ciel dégagé,01d,Nîmes,Logis Hotel NIMOTEL,€ 194,43.815576349205195,4.346603527665138,"7,7",Bien,3 804
nimes,43.8374249,4.3600687,10000,1788426303,28.22,27.47,28.22,28.22,1021,34,1021,1012,6.69,350,,10,1788412088,1788459377,0,800,Clear,ciel dégagé,01d,Nîmes,SQUARE HOTEL,€ 184,43.837032,4.363037,"8,6",Superbe,2 476
nimes,43.8374249,4.3600687,10000,1788426303,28.22,27.47,28.22,28.22,1021,34,1021,1012,6.69,350,,10,1788412088,1788459377,0,800,Clear,ciel dégagé,01d,Nîmes,Chambre indépendante avec terrasse privée et piscine,€ 166,43.851281900000004,4.3255809,"9,2",Fabuleux,23
nimes,43.8374249,4.3600687,10000,1788426303,28.22,27.47,28.22,28.22,1021,34,1021,1012,6.69,350,,10,1788412088,1788459377,0,800,Clear,ciel dégagé,01d,Nîmes,Novotel Atria Nimes Centre,€ 273,43.8354206497776,4.363404214382172,"8,5",Très bien,361
nimes,43.8374249,4.3600687,10000,1788426303,28.22,27.47,28.22,28.22,1021,34,1021,1012,6.69,350,,10,1788412088,1788459377,0,800,Clear,ciel dégagé,01d,Nîmes,Royal Hôtel,€ 204,43.83881509620307,4.3548184633255005,"8,3",Très bien,3 194
nimes,43.8374249,4.3600687,10000,1788426303,28.22,27.47,28.22,28.22,1021,34,1021,1012,6.69,350,,10,1788412088,1788459377,0,800,Clear,ciel dégagé,01d,Nîmes,Brit Hotel Confort Nîmes Ouest,€ 132,43.81470734512981,4.344832599163055,"7,7",Bien,2 102
nimes,43.8374249,4.3600687,10000,1788426303,28.22,27.47,28.22,28.22,1021,34,1021,1012,6.69,350,,10,1788412088,1788459377,0,800,Clear,ciel dégagé,01d,Nîmes,Rougetomette,€ 323,43.830036914687,4.366112688615,"9,8",Exceptionnel,115
nimes,43.8374249,4.3600687,10000,1788426303,28.22,27.47,28.22,28.22,1021,34,1021,1012,6.69,350,,10,1788412088,1788459377,0,800,Clear,ciel dégagé,01d,Nîmes,Appart'City Classic Nîmes Centre,€ 137,43.821585485623,4.364597797393799,"8,0",Très bien,1 455
nimes,43.8374249,4.3600687,10000,1788426303,28.22,27.47,28.22,28.22,1021,34,1021,1012,6.69,350,,10,1788412088,1788459377,0,800,Clear,ciel dégagé,01d,Nîmes,HÔTEL C SUITES chambres spacieuses,€ 195,43.815377,4.345905,"7,7",Bien,2 744
nimes,43.8374249,4.3600687,10000,1788426303,28.22,27.47,28.22,28.22,1021,34,1021,1012,6.69,350,,10,1788412088,1788459377,0,800,Clear,ciel dégagé,01d,Nîmes,Studio Pop Art Nîmes Centre,€ 140,43.8396425,4.3569018,,,
nimes,43.8374249,4.3600687,10000,1788426303,28.22,27.47,28.22,28.22,1021,34,1021,1012,6.69,350,,10,1788412088,1788459377,0,800,Clear,ciel dégagé,01d,Nîmes,Maison Albar Hotels L’Imperator,€ 724,43.83866612768399,4.352767914533615,"9,1",Fabuleux,1 547
nimes,43.8374249,4.3600687,10000,1788426303,28.22,27.47,28.22,28.22,1021,34,1021,1012,6.69,350,,10,1788412088,1788459377,0,800,Clear,ciel dégagé,01d,Nîmes,Hotel Majestic,€ 204,43.8343632920283,4.365336745977402,"8,6",Superbe,1 856
nimes,43.8374249,4.3600687,10000,1788426303,28.22,27.47,28.22,28.22,1021,34,1021,1012,6.69,350,,10,1788412088,1788459377,0,800,Clear,ciel dégagé,01d,Nîmes,"The Originals City, Hôtel Nîmes Costières",€ 125,43.81465315292002,4.344309568405151,"7,1",Bien,678
nimes,43.8374249,4.3600687,10000,1788426303,28.22,27.47,28.22,28.22,1021,34,1021,1012,6.69,350,,10,1788412088,1788459377,0,800,Clear,ciel dégagé,01d,Nîmes,Hôtel & Spa Vatel,€ 247,43.820576747716174,4.319126978516579,"8,4",Très bien,1 023
nimes,43.8374249,4.3600687,10000,1788426303,28.22,27.47,28.22,28.22,1021,34,1021,1012,6.69,350,,10,1788412088,1788459377,0,800,Clear,ciel dégagé,01d,Nîmes,Best Western L'Orangerie,€ 239,43.82476592223733,4.369046241044998,"7,9",Bien,1 460
aigues mortes,43.5661521,4.19154,10000,1788426584,29.91,28.67,28.56,29.98,1021,30,1021,1020,5.66,360,,12,1788412147,1788459399,0,801,Clouds,peu nuageux,02d,Aigues-Mortes,Artemia Aigues-Mortes,€ 188,43.57639588787367,4.197818040847778,"8,9",Superbe,1 407
aigues mortes,43.5661521,4.19154,10000,1788426584,29.91,28.67,28.56,29.98,1021,30,1021,1020,5.66,360,,12,1788412147,1788459399,0,801,Clouds,peu nuageux,02d,Aigues-Mortes,Hôtel les jardins du canal,€ 283,43.572987520084624,4.194824695587158,"8,9",Superbe,2 007
aigues mortes,43.5661521,4.19154,10000,1788426584,29.91,28.67,28.56,29.98,1021,30,1021,1020,5.66,360,,12,1788412147,1788459399,0,801,Clouds,peu nuageux,02d,Aigues-Mortes,Hotel L'Escale,€ 178,43.56879591496389,4.1880866853236975,"8,4",Très bien,480
aigues mortes,43.5661521,4.19154,10000,1788426584,29.91,28.67,28.56,29.98,1021,30,1021,1020,5.66,360,,12,1788412147,1788459399,0,801,Clouds,peu nuageux,02d,Aigues-Mortes,La Villa Mazarin,€ 433,43.56498661964503,4.191751956841472,"9,2",Fabuleux,1 284
aigues mortes,43.5661521,4.19154,10000,1788426584,29.91,28.67,28.56,29.98,1021,30,1021,1020,5.66,360,,12,1788412147,1788459399,0,801,Clouds,peu nuageux,02d,Aigues-Mortes,Hotel Saint Louis,€ 229,43.5672196715711,4.189343601465225,"8,6",Superbe,1 312
aigues mortes,43.5661521,4.19154,10000,1788426584,29.91,28.67,28.56,29.98,1021,30,1021,1020,5.66,360,,12,1788412147,1788459399,0,801,Clouds,peu nuageux,02d,Aigues-Mortes,Le Mas Des Sables,€ 342,43.58606025440726,4.197451160713172,"8,0",Très bien,607
aigues mortes,43.5661521,4.19154,10000,1788426584,29.91,28.67,28.56,29.98,1021,30,1021,1020,5.66,360,,12,1788412147,1788459399,0,801,Clouds,peu nuageux,02d,Aigues-Mortes,Nuits Salines Aigues-Mortes,€ 830,43.5546913,4.1841735,"8,9",Superbe,167
aigues mortes,43.5661521,4.19154,10000,1788426584,29.91,28.67,28.56,29.98,1021,30,1021,1020,5.66,360,,12,1788412147,1788459399,0,801,Clouds,peu nuageux,02d,Aigues-Mortes,Maison Arthur,€ 303,43.5659428,4.1924,"9,0",Fabuleux,332
aigues mortes,43.5661521,4.19154,10000,1788426584,29.91,28.67,28.56,29.98,1021,30,1021,1020,5.66,360,,12,1788412147,1788459399,0,801,Clouds,peu nuageux,02d,Aigues-Mortes,La Suite du Mas Lauseta,€ 313,43.56742369242543,4.198006732894486,"9,2",Fabuleux,18
aigues mortes,43.5661521,4.19154,10000,1788426584,29.91,28.67,28.56,29.98,1021,30,1021,1020,5.66,360,,12,1788412147,1788459399,0,801,Clouds,peu nuageux,02d,Aigues-Mortes,Duplex familial au cœur de la cité médiévale,€ 396,43.5656184,4.1892286,"9,3",Fabuleux,27
aigues mortes,43.5661521,4.19154,10000,1788426584,29.91,28.67,28.56,29.98,1021,30,1021,1020,5.66,360,,12,1788412147,1788459399,0,801,Clouds,peu nuageux,02d,Aigues-Mortes,"Chambre cozy spacieuse, intra-muros, clim, parking",€ 182,43.5660354,4.1885883,"9,3",Fabuleux,32
aigues mortes,43.5661521,4.19154,10000,1788426584,29.91,28.67,28.56,29.98,1021,30,1021,1020,5.66,360,,12,1788412147,1788459399,0,801,Clouds,peu nuageux,02d,Aigues-Mortes,Au Cœur des Remparts,€ 197,43.565401,4.192973,"9,8",Exceptionnel,66
aigues mortes,43.5661521,4.19154,10000,1788426584,29.91,28.67,28.56,29.98,1021,30,1021,1020,5.66,360,,12,1788412147,1788459399,0,801,Clouds,peu nuageux,02d,Aigues-Mortes,Appartements 3 étoiles terrasse ou patio intra-muros,€ 242,43.5653584,4.1927502,"9,5",Exceptionnel,62
aigues mortes,43.5661521,4.19154,10000,1788426584,29.91,28.67,28.56,29.98,1021,30,1021,1020,5.66,360,,12,1788412147,1788459399,0,801,Clouds,peu nuageux,02d,Aigues-Mortes,Maison vacances,€ 275,43.5659927,4.2048354,"9,1",Fabuleux,49
aigues mortes,43.5661521,4.19154,10000,1788426584,29.91,28.67,28.56,29.98,1021,30,1021,1020,5.66,360,,12,1788412147,1788459399,0,801,Clouds,peu nuageux,02d,Aigues-Mortes,Peniche Saul Nomad,€ 148,43.5638662483218,4.18505020287981,"8,5",Très bien,132
aigues mortes,43.5661521,4.19154,10000,1788426584,29.91,28.67,28.56,29.98,1021,30,1021,1020,5.66,360,,12,1788412147,1788459399,0,801,Clouds,peu nuageux,02d,Aigues-Mortes,"Hôtel-Restaurant ""Chez Carrière""",€ 267,43.56651350885335,4.191158152149569,"8,9",Superbe,397
aigues mortes,43.5661521,4.19154,10000,1788426584,29.91,28.67,28.56,29.98,1021,30,1021,1020,5.66,360,,12,1788412147,1788459399,0,801,Clouds,peu nuageux,02d,Aigues-Mortes,"Hotel Des 4 Vents ""Esprit Camargue"" Parking Privé Gratuit",€ 212,43.57702546263962,4.1975390911102295,"8,4",Très bien,589
aigues mortes,43.5661521,4.19154,10000,1788426584,29.91,28.67,28.56,29.98,1021,30,1021,1020,5.66,360,,12,1788412147,1788459399,0,801,Clouds,peu nuageux,02d,Aigues-Mortes,Le Petit Patio,€ 234,43.566201,4.193625,"9,4",Fabuleux,41
aigues mortes,43.5661521,4.19154,10000,1788426584,29.91,28.67,28.56,29.98,1021,30,1021,1020,5.66,360,,12,1788412147,1788459399,0,801,Clouds,peu nuageux,02d,Aigues-Mortes,Aigues Marines,€ 251,43.5597197192314,4.21869789076511,"9,2",Fabuleux,86
aigues mortes,43.5661521,4.19154,10000,1788426584,29.91,28.67,28.56,29.98,1021,30,1021,1020,5.66,360,,12,1788412147,1788459399,0,801,Clouds,peu nuageux,02d,Aigues-Mortes,La Maison de Lyna,€ 277,43.5660175,4.1923532,"9,0",Fabuleux,320
aigues mortes,43.5661521,4.19154,10000,1788426584,29.91,28.67,28.56,29.98,1021,30,1021,1020,5.66,360,,12,1788412147,1788459399,0,801,Clouds,peu nuageux,02d,Aigues-Mortes,"Belle chambre spacieuse, tropézienne, vue remparts, clim, parking",€ 226,43.5660354,4.1885883,"9,0",Fabuleux,22
aigues mortes,43.5661521,4.19154,10000,1788426584,29.91,28.67,28.56,29.98,1021,30,1021,1020,5.66,360,,12,1788412147,1788459399,0,801,Clouds,peu nuageux,02d,Aigues-Mortes,Maison Teiss,€ 173,43.5660886,4.1956746,"9,2",Fabuleux,9
aigues mortes,43.5661521,4.19154,10000,1788426584,29.91,28.67,28.56,29.98,1021,30,1021,1020,5.66,360,,12,1788412147,1788459399,0,801,Clouds,peu nuageux,02d,Aigues-Mortes,La fricassée,€ 147,43.57725977186,4.20559313631,"8,8",Superbe,162
aigues mortes,43.5661521,4.19154,10000,1788426584,29.91,28.67,28.56,29.98,1021,30,1021,1020,5.66,360,,12,1788412147,1788459399,0,801,Clouds,peu nuageux,02d,Aigues-Mortes,Hotel Les Templiers,€ 328,43.56694564615619,4.191873460958959,"8,7",Superbe,145
aigues mortes,43.5661521,4.19154,10000,1788426584,29.91,28.67,28.56,29.98,1021,30,1021,1020,5.66,360,,12,1788412147,1788459399,0,801,Clouds,peu nuageux,02d,Aigues-Mortes,Gîte Rosa et Jean-Jacques,€ 190,43.581098,4.20061529999998,"8,9",Superbe,55
saintes maries de la mer,43.4515922,4.4277202,10000,1788426613,26.72,27.05,26.72,26.72,1020,48,1020,1020,5.38,337,7.93,23,1788412098,1788459335,0,801,Clouds,peu nuageux,02d,Les Saintes-Maries-de-la-Mer,Oh! Campings,€ 71,43.455801,4.436295,"7,4",Bien,583
saintes maries de la mer,43.4515922,4.4277202,10000,1788426613,26.72,27.05,26.72,26.72,1020,48,1020,1020,5.38,337,7.93,23,1788412098,1788459335,0,801,Clouds,peu nuageux,02d,Les Saintes-Maries-de-la-Mer,Hotel Les Palmiers En Camargue,€ 248,43.45106617843045,4.4250936806201935,"8,4",Très bien,2 070
saintes maries de la mer,43.4515922,4.4277202,10000,1788426613,26.72,27.05,26.72,26.72,1020,48,1020,1020,5.38,337,7.93,23,1788412098,1788459335,0,801,Clouds,peu nuageux,02d,Les Saintes-Maries-de-la-Mer,Hotel Le Bleu Marine,€ 180,43.45463817799243,4.433201998472214,"7,5",Bien,1 719
saintes maries de la mer,43.4515922,4.4277202,10000,1788426613,26.72,27.05,26.72,26.72,1020,48,1020,1020,5.38,337,7.93,23,1788412098,1788459335,0,801,Clouds,peu nuageux,02d,Les Saintes-Maries-de-la-Mer,Le Castelet,€ 174,43.451349492721796,4.425076246261597,"6,7",Note,1 336
saintes maries de la mer,43.4515922,4.4277202,10000,1788426613,26.72,27.05,26.72,26.72,1020,48,1020,1020,5.38,337,7.93,23,1788412098,1788459335,0,801,Clouds,peu nuageux,02d,Les Saintes-Maries-de-la-Mer,Hotel Le Méditérranée,€ 168,43.451222809689,4.42666831779093,"7,0",Bien,886
saintes maries de la mer,43.4515922,4.4277202,10000,1788426613,26.72,27.05,26.72,26.72,1020,48,1020,1020,5.38,337,7.93,23,1788412098,1788459335,0,801,Clouds,peu nuageux,02d,Les Saintes-Maries-de-la-Mer,L'Oustau des Palunettes Concept Adulte only,€ 235,43.4619102,4.4199247,"9,5",Exceptionnel,39
saintes maries de la mer,43.4515922,4.4277202,10000,1788426613,26.72,27.05,26.72,26.72,1020,48,1020,1020,5.38,337,7.93,23,1788412098,1788459335,0,801,Clouds,peu nuageux,02d,Les Saintes-Maries-de-la-Mer,Les Rizières,€ 245,43.47103999099344,4.410586953163147,"9,0",Fabuleux,1 078
saintes maries de la mer,43.4515922,4.4277202,10000,1788426613,26.72,27.05,26.72,26.72,1020,48,1020,1020,5.38,337,7.93,23,1788412098,1788459335,0,801,Clouds,peu nuageux,02d,Les Saintes-Maries-de-la-Mer,Le Fangassier,€ 168,43.454496041947834,4.430707544088364,"8,9",Superbe,728
saintes maries de la mer,43.4515922,4.4277202,10000,1788426613,26.72,27.05,26.72,26.72,1020,48,1020,1020,5.38,337,7.93,23,1788412098,1788459335,0,801,Clouds,peu nuageux,02d,Les Saintes-Maries-de-la-Mer,Abrivado,€ 234,43.45033695444248,4.426224231719971,"8,8",Superbe,776
saintes maries de la mer,43.4515922,4.4277202,10000,1788426613,26.72,27.05,26.72,26.72,1020,48,1020,1020,5.38,337,7.93,23,1788412098,1788459335,0,801,Clouds,peu nuageux,02d,Les Saintes-Maries-de-la-Mer,Hôtel MAS DE LAYALLE,€ 160,43.5192715,4.39809309999998,"7,9",Bien,212
saintes maries de la mer,43.4515922,4.4277202,10000,1788426613,26.72,27.05,26.72,26.72,1020,48,1020,1020,5.38,337,7.93,23,1788412098,1788459335,0,801,Clouds,peu nuageux,02d,Les Saintes-Maries-de-la-Mer,Mas Des Salicornes,€ 375,43.45687142239208,4.426175951957703,"9,3",Fabuleux,944
saintes maries de la mer,43.4515922,4.4277202,10000,1788426613,26.72,27.05,26.72,26.72,1020,48,1020,1020,5.38,337,7.93,23,1788412098,1788459335,0,801,Clouds,peu nuageux,02d,Les Saintes-Maries-de-la-Mer,Hotel La Tramontane,€ 330,43.4726010948223,4.410120248794556,"9,0",Fabuleux,1 365
saintes maries de la mer,43.4515922,4.4277202,10000,1788426613,26.72,27.05,26.72,26.72,1020,48,1020,1020,5.38,337,7.93,23,1788412098,1788459335,0,801,Clouds,peu nuageux,02d,Les Saintes-Maries-de-la-Mer,Hôtel Le Neptune en Camargue,€ 223,43.452127,4.425347,"8,9",Superbe,150
saintes maries de la mer,43.4515922,4.4277202,10000,1788426613,26.72,27.05,26.72,26.72,1020,48,1020,1020,5.38,337,7.93,23,1788412098,1788459335,0,801,Clouds,peu nuageux,02d,Les Saintes-Maries-de-la-Mer,Le Cocardier,€ 186,43.452042,4.427332,"8,4",Très bien,298
saintes maries de la mer,43.4515922,4.4277202,10000,1788426613,26.72,27.05,26.72,26.72,1020,48,1020,1020,5.38,337,7.93,23,1788412098,1788459335,0,801,Clouds,peu nuageux,02d,Les Saintes-Maries-de-la-Mer,Hotel Mas des Lys,€ 235,43.47418843523541,4.410206079483032,"9,2",Fabuleux,683
saintes maries de la mer,43.4515922,4.4277202,10000,1788426613,26.72,27.05,26.72,26.72,1020,48,1020,1020,5.38,337,7.93,23,1788412098,1788459335,0,801,Clouds,peu nuageux,02d,Les Saintes-Maries-de-la-Mer,Vila De La Mar & Spa,€ 487,43.453345311806814,4.430665969848633,"8,4",Très bien,761
saintes maries de la mer,43.4515922,4.4277202,10000,1788426613,26.72,27.05,26.72,26.72,1020,48,1020,1020,5.38,337,7.93,23,1788412098,1788459335,0,801,Clouds,peu nuageux,02d,Les Saintes-Maries-de-la-Mer,Studio en plein cœur du village,€ 166,43.4541380575458,4.42936711345579,"8,2",Très bien,39
saintes maries de la mer,43.4515922,4.4277202,10000,1788426613,26.72,27.05,26.72,26.72,1020,48,1020,1020,5.38,337,7.93,23,1788412098,1788459335,0,801,Clouds,peu nuageux,02d,Les Saintes-Maries-de-la-Mer,L'auberge Camarguaise,€ 297,43.471842348919495,4.411565959453583,"8,9",Superbe,686
saintes maries de la mer,43.4515922,4.4277202,10000,1788426613,26.72,27.05,26.72,26.72,1020,48,1020,1020,5.38,337,7.93,23,1788412098,1788459335,0,801,Clouds,peu nuageux,02d,Les Saintes-Maries-de-la-Mer,Hôtel Le Dauphin Bleu,€ 241,43.452414999999995,4.433653400000026,"8,5",Très bien,1 028
saintes maries de la mer,43.4515922,4.4277202,10000,1788426613,26.72,27.05,26.72,26.72,1020,48,1020,1020,5.38,337,7.93,23,1788412098,1788459335,0,801,Clouds,peu nuageux,02d,Les Saintes-Maries-de-la-Mer,Hotel Camille,€ 244,43.450391476166224,4.429912269115448,"7,8",Bien,1 301
saintes maries de la mer,43.4515922,4.4277202,10000,1788426613,26.72,27.05,26.72,26.72,1020,48,1020,1020,5.38,337,7.93,23,1788412098,1788459335,0,801,Clouds,peu nuageux,02d,Les Saintes-Maries-de-la-Mer,Auberge de la Fadaise,€ 197,43.48647017912312,4.404155015945435,"8,8",Superbe,250
saintes maries de la mer,43.4515922,4.4277202,10000,1788426613,26.72,27.05,26.72,26.72,1020,48,1020,1020,5.38,337,7.93,23,1788412098,1788459335,0,801,Clouds,peu nuageux,02d,Les Saintes-Maries-de-la-Mer,Hôtel Le Mirage,€ 251,43.4531019227618,4.430585503578186,"8,8",Superbe,757
saintes maries de la mer,43.4515922,4.4277202,10000,1788426613,26.72,27.05,26.72,26.72,1020,48,1020,1020,5.38,337,7.93,23,1788412098,1788459335,0,801,Clouds,peu nuageux,02d,Les Saintes-Maries-de-la-Mer,Les Geckos,€ 249,43.473476224115,4.409845006325,"9,0",Fabuleux,184
saintes maries de la mer,43.4515922,4.4277202,10000,1788426613,26.72,27.05,26.72,26.72,1020,48,1020,1020,5.38,337,7.93,23,1788412098,1788459335,0,801,Clouds,peu nuageux,02d,Les Saintes-Maries-de-la-Mer,Manade des Baumelles,€ 440,43.51731484361677,4.367329627275467,"8,6",Superbe,512
saintes maries de la mer,43.4515922,4.4277202,10000,1788426613,26.72,27.05,26.72,26.72,1020,48,1020,1020,5.38,337,7.93,23,1788412098,1788459335,0,801,Clouds,peu nuageux,02d,Les Saintes-Maries-de-la-Mer,Clamador,€ 220,43.4682125774839,4.395632296800613,"8,8",Superbe,573
collioure,42.52505,3.0831554,10000,1788426614,29.94,30.51,29.56,31.14,1022,47,1022,1002,3.97,324,5.61,12,1788412481,1788459597,0,801,Clouds,peu nuageux,02d,Collioure,Residence Pierre & Vacances Les Balcons de Collioure,€ 308,42.525106327083726,3.0904361978173256,"8,3",Très bien,618
collioure,42.52505,3.0831554,10000,1788426614,29.94,30.51,29.56,31.14,1022,47,1022,1002,3.97,324,5.61,12,1788412481,1788459597,0,801,Clouds,peu nuageux,02d,Collioure,Les Chênes-lièges d'Ambeille,€ 229,42.52396992202,3.077311134393,"9,2",Fabuleux,69
collioure,42.52505,3.0831554,10000,1788426614,29.94,30.51,29.56,31.14,1022,47,1022,1002,3.97,324,5.61,12,1788412481,1788459597,0,801,Clouds,peu nuageux,02d,Collioure,La Frégate,€ 249,42.52638625163285,3.083256594836712,"8,2",Très bien,1 589
collioure,42.52505,3.0831554,10000,1788426614,29.94,30.51,29.56,31.14,1022,47,1022,1002,3.97,324,5.61,12,1788412481,1788459597,0,801,Clouds,peu nuageux,02d,Collioure,Le Relais Des Trois Mas,€ 1 078,42.52417280573015,3.0893106758594513,"8,8",Superbe,510
collioure,42.52505,3.0831554,10000,1788426614,29.94,30.51,29.56,31.14,1022,47,1022,1002,3.97,324,5.61,12,1788412481,1788459597,0,801,Clouds,peu nuageux,02d,Collioure,Grand Hotel Du Golfe,€ 819,42.53408358568618,3.064323216676712,"8,8",Superbe,589
collioure,42.52505,3.0831554,10000,1788426614,29.94,30.51,29.56,31.14,1022,47,1022,1002,3.97,324,5.61,12,1788412481,1788459597,0,801,Clouds,peu nuageux,02d,Collioure,Hôtel & Spa Le Madeloc,€ 734,42.5287646672607,3.078654259443283,"8,8",Superbe,947
collioure,42.52505,3.0831554,10000,1788426614,29.94,30.51,29.56,31.14,1022,47,1022,1002,3.97,324,5.61,12,1788412481,1788459597,0,801,Clouds,peu nuageux,02d,Collioure,Jetez l'ancre dans notre maison de pêcheur !,€ 245,42.5234555,3.0855069,"9,2",Fabuleux,53
collioure,42.52505,3.0831554,10000,1788426614,29.94,30.51,29.56,31.14,1022,47,1022,1002,3.97,324,5.61,12,1788412481,1788459597,0,801,Clouds,peu nuageux,02d,Collioure,"Charmant T2 climatisé proche mer, 4 pers, calme",€ 302,42.5215417608333,3.086218482695009,"8,6",Superbe,12
collioure,42.52505,3.0831554,10000,1788426614,29.94,30.51,29.56,31.14,1022,47,1022,1002,3.97,324,5.61,12,1788412481,1788459597,0,801,Clouds,peu nuageux,02d,Collioure,Collioure sur Mer,€ 916,42.5237347,3.0860631,"9,7",Exceptionnel,6
collioure,42.52505,3.0831554,10000,1788426614,29.94,30.51,29.56,31.14,1022,47,1022,1002,3.97,324,5.61,12,1788412481,1788459597,0,801,Clouds,peu nuageux,02d,Collioure,Résidence du Soleil & Spa,€ 366,42.5231175442504,3.08542529814758,"7,8",Bien,752
collioure,42.52505,3.0831554,10000,1788426614,29.94,30.51,29.56,31.14,1022,47,1022,1002,3.97,324,5.61,12,1788412481,1788459597,0,801,Clouds,peu nuageux,02d,Collioure,Hotel Le Bon Port,€ 423,42.524114491069405,3.0893656611442566,"8,5",Très bien,743
collioure,42.52505,3.0831554,10000,1788426614,29.94,30.51,29.56,31.14,1022,47,1022,1002,3.97,324,5.61,12,1788412481,1788459597,0,801,Clouds,peu nuageux,02d,Collioure,Saphir de Collioure,€ 195,42.523350357416,3.092280842992,"8,6",Superbe,36
collioure,42.52505,3.0831554,10000,1788426614,29.94,30.51,29.56,31.14,1022,47,1022,1002,3.97,324,5.61,12,1788412481,1788459597,0,801,Clouds,peu nuageux,02d,Collioure,Maison Nova,€ 690,42.5288828,3.0793938,"9,1",Fabuleux,643
collioure,42.52505,3.0831554,10000,1788426614,29.94,30.51,29.56,31.14,1022,47,1022,1002,3.97,324,5.61,12,1788412481,1788459597,0,801,Clouds,peu nuageux,02d,Collioure,2RB38A Appartement vue sur mer et proche plage,€ 307,42.524788,3.098568,"7,6",Bien,27
collioure,42.52505,3.0831554,10000,1788426614,29.94,30.51,29.56,31.14,1022,47,1022,1002,3.97,324,5.61,12,1788412481,1788459597,0,801,Clouds,peu nuageux,02d,Collioure,Maison de pêcheurs 50 m de la Plage d'Avall,€ 241,42.523124,3.0860438,"8,8",Superbe,14
collioure,42.52505,3.0831554,10000,1788426614,29.94,30.51,29.56,31.14,1022,47,1022,1002,3.97,324,5.61,12,1788412481,1788459597,0,801,Clouds,peu nuageux,02d,Collioure,Les Résidences de Collioure,€ 318,42.5238653,3.0826771,"8,0",Très bien,180
collioure,42.52505,3.0831554,10000,1788426614,29.94,30.51,29.56,31.14,1022,47,1022,1002,3.97,324,5.61,12,1788412481,1788459597,0,801,Clouds,peu nuageux,02d,Collioure,Ambeille Collioure,€ 573,42.525089223007,3.078770586508,"9,3",Fabuleux,105
collioure,42.52505,3.0831554,10000,1788426614,29.94,30.51,29.56,31.14,1022,47,1022,1002,3.97,324,5.61,12,1788412481,1788459597,0,801,Clouds,peu nuageux,02d,Collioure,Port d'Avall,€ 289,42.522211321944,3.088238145941,"9,2",Fabuleux,21
collioure,42.52505,3.0831554,10000,1788426614,29.94,30.51,29.56,31.14,1022,47,1022,1002,3.97,324,5.61,12,1788412481,1788459597,0,801,Clouds,peu nuageux,02d,Collioure,My Collioure,€ 265,42.5238545,3.0837928,"8,1",Très bien,21
collioure,42.52505,3.0831554,10000,1788426614,29.94,30.51,29.56,31.14,1022,47,1022,1002,3.97,324,5.61,12,1788412481,1788459597,0,801,Clouds,peu nuageux,02d,Collioure,Appartement T2 avec clim,€ 290,42.5208553,3.0872084,"9,0",Fabuleux,1
collioure,42.52505,3.0831554,10000,1788426614,29.94,30.51,29.56,31.14,1022,47,1022,1002,3.97,324,5.61,12,1788412481,1788459597,0,801,Clouds,peu nuageux,02d,Collioure,Les Suites de Collioure,€ 472,42.52439,3.082726,"9,3",Fabuleux,357
collioure,42.52505,3.0831554,10000,1788426614,29.94,30.51,29.56,31.14,1022,47,1022,1002,3.97,324,5.61,12,1788412481,1788459597,0,801,Clouds,peu nuageux,02d,Collioure,BEL APPARTEMENT 4Pers RDC/parking/terrasse/ jardin,€ 403,42.528362583344,3.078163327647,"9,5",Exceptionnel,23
collioure,42.52505,3.0831554,10000,1788426614,29.94,30.51,29.56,31.14,1022,47,1022,1002,3.97,324,5.61,12,1788412481,1788459597,0,801,Clouds,peu nuageux,02d,Collioure,Appartement T3 avec garage et terrasse à Collioure,€ 328,42.5215262,3.0822065,"7,6",Bien,10
collioure,42.52505,3.0831554,10000,1788426614,29.94,30.51,29.56,31.14,1022,47,1022,1002,3.97,324,5.61,12,1788412481,1788459597,0,801,Clouds,peu nuageux,02d,Collioure,Collioure,€ 384,42.5275693,3.0848817,"8,5",Très bien,25
collioure,42.52505,3.0831554,10000,1788426614,29.94,30.51,29.56,31.14,1022,47,1022,1002,3.97,324,5.61,12,1788412481,1788459597,0,801,Clouds,peu nuageux,02d,Collioure,Résidence Collioure Plage,€ 383,42.52389238080244,3.08739067301633,"9,3",Fabuleux,90
carcassonne,43.2130358,2.3491069,10000,1788426615,25.15,25.1,23.49,25.94,1024,53,1024,994,5.66,270,,6,1788412613,1788459818,0,800,Clear,ciel dégagé,01d,Carcassonne,L'oasis urbaine,€ 129,43.2148921,2.3497057,,,
carcassonne,43.2130358,2.3491069,10000,1788426615,25.15,25.1,23.49,25.94,1024,53,1024,994,5.66,270,,6,1788412613,1788459818,0,800,Clear,ciel dégagé,01d,Carcassonne,Tribe Carcassonne,€ 323,43.2103057323667,2.3577556014060974,"8,1",Très bien,3 237
carcassonne,43.2130358,2.3491069,10000,1788426615,25.15,25.1,23.49,25.94,1024,53,1024,994,5.66,270,,6,1788412613,1788459818,0,800,Clear,ciel dégagé,01d,Carcassonne,3-Bedroom House with Garden Near the Cité de Carcassonne,€ 204,43.20983856211645,2.3742766936279347,,,
carcassonne,43.2130358,2.3491069,10000,1788426615,25.15,25.1,23.49,25.94,1024,53,1024,994,5.66,270,,6,1788412613,1788459818,0,800,Clear,ciel dégagé,01d,Carcassonne,Premiere Classe Carcassonne,€ 86,43.20661669443973,2.3127923905849457,"7,2",Bien,2 981
carcassonne,43.2130358,2.3491069,10000,1788426615,25.15,25.1,23.49,25.94,1024,53,1024,994,5.66,270,,6,1788412613,1788459818,0,800,Clear,ciel dégagé,01d,Carcassonne,Hotel du Roi & Spa by SOWELL COLLECTION,€ 258,43.21085,2.357769,"8,3",Très bien,1 586
carcassonne,43.2130358,2.3491069,10000,1788426615,25.15,25.1,23.49,25.94,1024,53,1024,994,5.66,270,,6,1788412613,1788459818,0,800,Clear,ciel dégagé,01d,Carcassonne,Le Bastide Cosy,€ 126,43.2122512,2.3496645,"9,1",Fabuleux,43
carcassonne,43.2130358,2.3491069,10000,1788426615,25.15,25.1,23.49,25.94,1024,53,1024,994,5.66,270,,6,1788412613,1788459818,0,800,Clear,ciel dégagé,01d,Carcassonne,ibis budget Carcassonne La Cité,€ 127,43.20765480875172,2.3788082599639893,"7,8",Bien,4 276
carcassonne,43.2130358,2.3491069,10000,1788426615,25.15,25.1,23.49,25.94,1024,53,1024,994,5.66,270,,6,1788412613,1788459818,0,800,Clear,ciel dégagé,01d,Carcassonne,Campanile Carcassonne Est,€ 163,43.2091777354415,2.3870547115802765,"8,2",Très bien,1 637
carcassonne,43.2130358,2.3491069,10000,1788426615,25.15,25.1,23.49,25.94,1024,53,1024,994,5.66,270,,6,1788412613,1788459818,0,800,Clear,ciel dégagé,01d,Carcassonne,ibis budget Carcassonne Aéroport,€ 112,43.204518906702106,2.3103904724121094,"7,7",Bien,1 963
carcassonne,43.2130358,2.3491069,10000,1788426615,25.15,25.1,23.49,25.94,1024,53,1024,994,5.66,270,,6,1788412613,1788459818,0,800,Clear,ciel dégagé,01d,Carcassonne,L'Écrin Jacques Ourtal,€ 103,43.2087344,2.3486458,"8,6",Superbe,7
carcassonne,43.2130358,2.3491069,10000,1788426615,25.15,25.1,23.49,25.94,1024,53,1024,994,5.66,270,,6,1788412613,1788459818,0,800,Clear,ciel dégagé,01d,Carcassonne,ibis Carcassonne Est la Cité,€ 165,43.20925202357567,2.3867475986480713,"8,2",Très bien,997
carcassonne,43.2130358,2.3491069,10000,1788426615,25.15,25.1,23.49,25.94,1024,53,1024,994,5.66,270,,6,1788412613,1788459818,0,800,Clear,ciel dégagé,01d,Carcassonne,Maison de charme avec jardin,€ 197,43.21211641090065,2.3409450214784533,"9,6",Exceptionnel,73
carcassonne,43.2130358,2.3491069,10000,1788426615,25.15,25.1,23.49,25.94,1024,53,1024,994,5.66,270,,6,1788412613,1788459818,0,800,Clear,ciel dégagé,01d,Carcassonne,Mercure Carcassonne La Cité,€ 388,43.20716410155182,2.3698121309280396,"8,6",Superbe,1 633
carcassonne,43.2130358,2.3491069,10000,1788426615,25.15,25.1,23.49,25.94,1024,53,1024,994,5.66,270,,6,1788412613,1788459818,0,800,Clear,ciel dégagé,01d,Carcassonne,"Le PALACE, Auberge",€ 96,43.2158918,2.353731,"7,7",Bien,206
carcassonne,43.2130358,2.3491069,10000,1788426615,25.15,25.1,23.49,25.94,1024,53,1024,994,5.66,270,,6,1788412613,1788459818,0,800,Clear,ciel dégagé,01d,Carcassonne,Les chambres de la cité de Carcassonne,€ 194,43.2076139,2.3644912,"8,9",Superbe,49
carcassonne,43.2130358,2.3491069,10000,1788426615,25.15,25.1,23.49,25.94,1024,53,1024,994,5.66,270,,6,1788412613,1788459818,0,800,Clear,ciel dégagé,01d,Carcassonne,203 Balcon de la Bastide,€ 264,43.2122045421329,2.35238203672324,"8,5",Très bien,24
carcassonne,43.2130358,2.3491069,10000,1788426615,25.15,25.1,23.49,25.94,1024,53,1024,994,5.66,270,,6,1788412613,1788459818,0,800,Clear,ciel dégagé,01d,Carcassonne,Hotel Espace Cite,€ 190,43.208354695058915,2.3677602410316467,"8,6",Superbe,3 030
carcassonne,43.2130358,2.3491069,10000,1788426615,25.15,25.1,23.49,25.94,1024,53,1024,994,5.66,270,,6,1788412613,1788459818,0,800,Clear,ciel dégagé,01d,Carcassonne,Cerise Carcassonne Sud,€ 237,43.207548456621915,2.3726145028740575,"7,7",Bien,3 109
carcassonne,43.2130358,2.3491069,10000,1788426615,25.15,25.1,23.49,25.94,1024,53,1024,994,5.66,270,,6,1788412613,1788459818,0,800,Clear,ciel dégagé,01d,Carcassonne,B&B HOTEL Carcassonne Rocadest La Cité,€ 151,43.208233,2.391701,"8,4",Très bien,621
carcassonne,43.2130358,2.3491069,10000,1788426615,25.15,25.1,23.49,25.94,1024,53,1024,994,5.66,270,,6,1788412613,1788459818,0,800,Clear,ciel dégagé,01d,Carcassonne,Hôtel l'Aragon à 50m de la cité de Carcassonne,€ 237,43.2077994786468,2.3673471808433533,"8,6",Superbe,2 891
carcassonne,43.2130358,2.3491069,10000,1788426615,25.15,25.1,23.49,25.94,1024,53,1024,994,5.66,270,,6,1788412613,1788459818,0,800,Clear,ciel dégagé,01d,Carcassonne,Hôtel Château de Cavanac,€ 267,43.1677714903855,2.32691690325737,"8,8",Superbe,661
carcassonne,43.2130358,2.3491069,10000,1788426615,25.15,25.1,23.49,25.94,1024,53,1024,994,5.66,270,,6,1788412613,1788459818,0,800,Clear,ciel dégagé,01d,Carcassonne,le RAMOND,€ 258,43.2117675,2.3540058999999998,"9,0",Fabuleux,3
carcassonne,43.2130358,2.3491069,10000,1788426615,25.15,25.1,23.49,25.94,1024,53,1024,994,5.66,270,,6,1788412613,1788459818,0,800,Clear,ciel dégagé,01d,Carcassonne,O'mA View,€ 136,43.2128997,2.3517834,"8,6",Superbe,57
carcassonne,43.2130358,2.3491069,10000,1788426615,25.15,25.1,23.49,25.94,1024,53,1024,994,5.66,270,,6,1788412613,1788459818,0,800,Clear,ciel dégagé,01d,Carcassonne,Number15 Guesthouse Carcassonne,€ 201,43.219144,2.345105,"9,2",Fabuleux,222
carcassonne,43.2130358,2.3491069,10000,1788426615,25.15,25.1,23.49,25.94,1024,53,1024,994,5.66,270,,6,1788412613,1788459818,0,800,Clear,ciel dégagé,01d,Carcassonne,Hotel Class'Eco Carcassonne,€ 74,43.20493925205608,2.408698797225952,"5,5",Note,781
ariege,42.9455368,1.4065544,10000,1788426616,17.91,17.69,17.91,18.04,1024,74,1024,920,0.89,51,1.34,6,1788412857,1788460026,0,800,Clear,ciel dégagé,01d,Ax-les-Thermes,Mercure Ax Les Thermes,€ 331,42.722361,1.839916,"9,0",Fabuleux,452
ariege,42.9455368,1.4065544,10000,1788426616,17.91,17.69,17.91,18.04,1024,74,1024,920,0.89,51,1.34,6,1788412857,1788460026,0,800,Clear,ciel dégagé,01d,Ax-les-Thermes,Hôtel Le Bellevue,€ 198,42.71983699138773,1.8418669243980048,"8,6",Superbe,1 284
ariege,42.9455368,1.4065544,10000,1788426616,17.91,17.69,17.91,18.04,1024,74,1024,920,0.89,51,1.34,6,1788412857,1788460026,0,800,Clear,ciel dégagé,01d,Mazères,La Bastide,€ 105,43.243851384639,1.6873260865081647,"8,2",Très bien,168
ariege,42.9455368,1.4065544,10000,1788426616,17.91,17.69,17.91,18.04,1024,74,1024,920,0.89,51,1.34,6,1788412857,1788460026,0,800,Clear,ciel dégagé,01d,Aulus-les-Bains,Résidence des 3 Césars,€ 154,42.79060995853069,1.3344687223434448,"8,2",Très bien,82
ariege,42.9455368,1.4065544,10000,1788426616,17.91,17.69,17.91,18.04,1024,74,1024,920,0.89,51,1.34,6,1788412857,1788460026,0,800,Clear,ciel dégagé,01d,Ax-les-Thermes,Résidence Vacancéole Les Chalets d'Ax,€ 135,42.71383155671864,1.8392068147659302,"7,7",Bien,264
ariege,42.9455368,1.4065544,10000,1788426616,17.91,17.69,17.91,18.04,1024,74,1024,920,0.89,51,1.34,6,1788412857,1788460026,0,800,Clear,ciel dégagé,01d,Ax-les-Thermes,Vacancéole,€ 151,42.71456073192739,1.839088797569275,"8,1",Très bien,1 717
ariege,42.9455368,1.4065544,10000,1788426616,17.91,17.69,17.91,18.04,1024,74,1024,920,0.89,51,1.34,6,1788412857,1788460026,0,800,Clear,ciel dégagé,01d,Saint-Girons,Jardin Bleu,€ 175,42.9855214,1.1474208,"9,4",Fabuleux,435
ariege,42.9455368,1.4065544,10000,1788426616,17.91,17.69,17.91,18.04,1024,74,1024,920,0.89,51,1.34,6,1788412857,1788460026,0,800,Clear,ciel dégagé,01d,Ax-les-Thermes,Résidence Pierre & Vacances Les Trois Domaines,€ 191,42.71865183717904,1.836615800857544,"8,2",Très bien,301
ariege,42.9455368,1.4065544,10000,1788426616,17.91,17.69,17.91,18.04,1024,74,1024,920,0.89,51,1.34,6,1788412857,1788460026,0,800,Clear,ciel dégagé,01d,Pamiers,Hôtel Premiere Classe Pamiers,€ 96,43.103222012578875,1.630570272718387,"7,5",Bien,987
ariege,42.9455368,1.4065544,10000,1788426616,17.91,17.69,17.91,18.04,1024,74,1024,920,0.89,51,1.34,6,1788412857,1788460026,0,800,Clear,ciel dégagé,01d,Foix,Brit Hotel Confort Foix,€ 125,43.00523949646403,1.6147595643997192,"8,1",Très bien,1 923
ariege,42.9455368,1.4065544,10000,1788426616,17.91,17.69,17.91,18.04,1024,74,1024,920,0.89,51,1.34,6,1788412857,1788460026,0,800,Clear,ciel dégagé,01d,Ax-les-Thermes,Les appartements de Clélia,€ 247,42.72085404452574,1.833610585042944,"9,5",Exceptionnel,201
ariege,42.9455368,1.4065544,10000,1788426616,17.91,17.69,17.91,18.04,1024,74,1024,920,0.89,51,1.34,6,1788412857,1788460026,0,800,Clear,ciel dégagé,01d,LʼHospitalet-près-lʼAndorre,Légendes d'automne,€ 318,42.586777869731,1.796980705432,"7,7",Bien,22
ariege,42.9455368,1.4065544,10000,1788426616,17.91,17.69,17.91,18.04,1024,74,1024,920,0.89,51,1.34,6,1788412857,1788460026,0,800,Clear,ciel dégagé,01d,Ax-les-Thermes,Résidence Le Grand Tétras- SPA THERMAL INCLUS,€ 341,42.721329,1.839279,"8,3",Très bien,1 062
ariege,42.9455368,1.4065544,10000,1788426616,17.91,17.69,17.91,18.04,1024,74,1024,920,0.89,51,1.34,6,1788412857,1788460026,0,800,Clear,ciel dégagé,01d,Ax-les-Thermes,Résidence Natura,€ 105,42.71931395602219,1.8385228514671326,"6,8",Note,487
ariege,42.9455368,1.4065544,10000,1788426616,17.91,17.69,17.91,18.04,1024,74,1024,920,0.89,51,1.34,6,1788412857,1788460026,0,800,Clear,ciel dégagé,01d,Soulan,Cottage du Valier avec bain nordique,€ 375,42.9137694,1.250305,"9,5",Exceptionnel,19
ariege,42.9455368,1.4065544,10000,1788426616,17.91,17.69,17.91,18.04,1024,74,1024,920,0.89,51,1.34,6,1788412857,1788460026,0,800,Clear,ciel dégagé,01d,Saint-Girons,studio cosy au cœur de Saint-Girons,€ 125,42.9851792,1.1446544,"9,5",Exceptionnel,12
ariege,42.9455368,1.4065544,10000,1788426616,17.91,17.69,17.91,18.04,1024,74,1024,920,0.89,51,1.34,6,1788412857,1788460026,0,800,Clear,ciel dégagé,01d,Saint-Girons,Hôtel La Cachette de Nina,€ 213,42.9778792768398,1.14562311650806,"8,8",Superbe,192
ariege,42.9455368,1.4065544,10000,1788426616,17.91,17.69,17.91,18.04,1024,74,1024,920,0.89,51,1.34,6,1788412857,1788460026,0,800,Clear,ciel dégagé,01d,Auzat,Le Gîte du Rocher,€ 153,42.766977220544,1.4775729564489999,"9,1",Fabuleux,35
ariege,42.9455368,1.4065544,10000,1788426616,17.91,17.69,17.91,18.04,1024,74,1024,920,0.89,51,1.34,6,1788412857,1788460026,0,800,Clear,ciel dégagé,01d,Aucazein,Bed In Bellongue,€ 217,42.9342753314491,0.9747996226958549,"9,6",Exceptionnel,116
ariege,42.9455368,1.4065544,10000,1788426616,17.91,17.69,17.91,18.04,1024,74,1024,920,0.89,51,1.34,6,1788412857,1788460026,0,800,Clear,ciel dégagé,01d,Savignac-les-Ormeaux,Le petit skieur,€ 169,42.72631,1.830523,"9,1",Fabuleux,31
ariege,42.9455368,1.4065544,10000,1788426616,17.91,17.69,17.91,18.04,1024,74,1024,920,0.89,51,1.34,6,1788412857,1788460026,0,800,Clear,ciel dégagé,01d,Sorgeat,"Chalets ""les gentianes""",€ 198,42.733233571937,1.8535494047549999,"8,6",Superbe,110
ariege,42.9455368,1.4065544,10000,1788426616,17.91,17.69,17.91,18.04,1024,74,1024,920,0.89,51,1.34,6,1788412857,1788460026,0,800,Clear,ciel dégagé,01d,Rieux-de-Pelleport,Koh Tao Siam Mahanakhon Apart & Spa,€ 183,43.0567855,1.6080241,10,Exceptionnel,2
ariege,42.9455368,1.4065544,10000,1788426616,17.91,17.69,17.91,18.04,1024,74,1024,920,0.89,51,1.34,6,1788412857,1788460026,0,800,Clear,ciel dégagé,01d,Castillon-en-Couserans,Au détour Du Larrech,€ 181,42.92119097805128,1.0318813447696584,"9,6",Exceptionnel,135
ariege,42.9455368,1.4065544,10000,1788426616,17.91,17.69,17.91,18.04,1024,74,1024,920,0.89,51,1.34,6,1788412857,1788460026,0,800,Clear,ciel dégagé,01d,Carla-Bayle,appartement de plain-pied tout confort climatisé,€ 137,43.1580555221808,1.3986765223025044,"9,8",Exceptionnel,11
ariege,42.9455368,1.4065544,10000,1788426616,17.91,17.69,17.91,18.04,1024,74,1024,920,0.89,51,1.34,6,1788412857,1788460026,0,800,Clear,ciel dégagé,01d,Boussenac,chambres et table d'hôtes du Péré,€ 172,42.91147785520028,1.3782207766518013,"9,8",Exceptionnel,81
toulouse,43.6044638,1.4442433,10000,1788426576,23.97,23.73,23.97,23.97,1024,50,1024,1003,1.03,0,,37,1788412804,1788460061,0,802,Clouds,partiellement nuageux,03d,Toulouse,La casa del cielo,€ 182,43.6137157,1.4481294,"8,6",Superbe,36
toulouse,43.6044638,1.4442433,10000,1788426576,23.97,23.73,23.97,23.97,1024,50,1024,1003,1.03,0,,37,1788412804,1788460061,0,802,Clouds,partiellement nuageux,03d,Toulouse,Eklo Hotels Toulouse Cartoucherie Zénith,€ 129,43.603436,1.407623,"8,1",Très bien,4 568
toulouse,43.6044638,1.4442433,10000,1788426576,23.97,23.73,23.97,23.97,1024,50,1024,1003,1.03,0,,37,1788412804,1788460061,0,802,Clouds,partiellement nuageux,03d,Toulouse,The Social Hub Toulouse,€ 314,43.610053,1.43037,"8,7",Superbe,4 962
toulouse,43.6044638,1.4442433,10000,1788426576,23.97,23.73,23.97,23.97,1024,50,1024,1003,1.03,0,,37,1788412804,1788460061,0,802,Clouds,partiellement nuageux,03d,Toulouse,Mercure Toulouse Centre Saint-Georges,€ 312,43.60332861323894,1.448235958814621,"8,3",Très bien,2 161
toulouse,43.6044638,1.4442433,10000,1788426576,23.97,23.73,23.97,23.97,1024,50,1024,1003,1.03,0,,37,1788412804,1788460061,0,802,Clouds,partiellement nuageux,03d,Toulouse,Premiere Classe Toulouse Sesquières,€ 109,43.646538851045705,1.4191292971372604,"6,3",Note,2 473
toulouse,43.6044638,1.4442433,10000,1788426576,23.97,23.73,23.97,23.97,1024,50,1024,1003,1.03,0,,37,1788412804,1788460061,0,802,Clouds,partiellement nuageux,03d,Toulouse,La Fabrik Matabiau,€ 212,43.6108233,1.4475045,,,
toulouse,43.6044638,1.4442433,10000,1788426576,23.97,23.73,23.97,23.97,1024,50,1024,1003,1.03,0,,37,1788412804,1788460061,0,802,Clouds,partiellement nuageux,03d,Toulouse,Hostel20 Toulouse Wilson,€ 170,43.604466774352254,1.4492541924118996,"7,0",Bien,2 261
toulouse,43.6044638,1.4442433,10000,1788426576,23.97,23.73,23.97,23.97,1024,50,1024,1003,1.03,0,,37,1788412804,1788460061,0,802,Clouds,partiellement nuageux,03d,Toulouse,Hôtel Riquet,€ 138,43.6081462280857,1.4539309591054916,"7,3",Bien,1 862
toulouse,43.6044638,1.4442433,10000,1788426576,23.97,23.73,23.97,23.97,1024,50,1024,1003,1.03,0,,37,1788412804,1788460061,0,802,Clouds,partiellement nuageux,03d,Toulouse,Hôtel le Pastel,€ 148,43.60973933328968,1.4491083085983973,"6,8",Note,2 551
toulouse,43.6044638,1.4442433,10000,1788426576,23.97,23.73,23.97,23.97,1024,50,1024,1003,1.03,0,,37,1788412804,1788460061,0,802,Clouds,partiellement nuageux,03d,Toulouse,Citiz Hotel,€ 274,43.60566997757491,1.4491117000579834,"7,8",Bien,1 887
toulouse,43.6044638,1.4442433,10000,1788426576,23.97,23.73,23.97,23.97,1024,50,1024,1003,1.03,0,,37,1788412804,1788460061,0,802,Clouds,partiellement nuageux,03d,Toulouse,Residhome Toulouse Occitania,€ 163,43.59380489582385,1.4103638380765915,"8,6",Superbe,3 306
toulouse,43.6044638,1.4442433,10000,1788426576,23.97,23.73,23.97,23.97,1024,50,1024,1003,1.03,0,,37,1788412804,1788460061,0,802,Clouds,partiellement nuageux,03d,Toulouse,Alfred Hotels Toulouse Centre Wilson,€ 302,43.6057617,1.4503057,"9,3",Fabuleux,329
toulouse,43.6044638,1.4442433,10000,1788426576,23.97,23.73,23.97,23.97,1024,50,1024,1003,1.03,0,,37,1788412804,1788460061,0,802,Clouds,partiellement nuageux,03d,Toulouse,Résidence le Pastel François Verdier,€ 117,43.60330197218584,1.4561291091990824,"5,7",Note,1 663
toulouse,43.6044638,1.4442433,10000,1788426576,23.97,23.73,23.97,23.97,1024,50,1024,1003,1.03,0,,37,1788412804,1788460061,0,802,Clouds,partiellement nuageux,03d,Toulouse,ibis Toulouse Centre,€ 219,43.6104025,1.4460134999999354,"8,0",Très bien,2 507
toulouse,43.6044638,1.4442433,10000,1788426576,23.97,23.73,23.97,23.97,1024,50,1024,1003,1.03,0,,37,1788412804,1788460061,0,802,Clouds,partiellement nuageux,03d,Toulouse,Mama Shelter Toulouse,€ 348,43.605414,1.449934,"8,7",Superbe,1 395
toulouse,43.6044638,1.4442433,10000,1788426576,23.97,23.73,23.97,23.97,1024,50,1024,1003,1.03,0,,37,1788412804,1788460061,0,802,Clouds,partiellement nuageux,03d,Toulouse,Hotel Mercure Toulouse Centre Compans,€ 301,43.61064762313755,1.4349442720413208,"8,5",Très bien,1 189
toulouse,43.6044638,1.4442433,10000,1788426576,23.97,23.73,23.97,23.97,1024,50,1024,1003,1.03,0,,37,1788412804,1788460061,0,802,Clouds,partiellement nuageux,03d,Toulouse,belle chambre 5 calme élégant proche de métro,€ 90,43.5826014,1.414145,10,Exceptionnel,1
toulouse,43.6044638,1.4442433,10000,1788426576,23.97,23.73,23.97,23.97,1024,50,1024,1003,1.03,0,,37,1788412804,1788460061,0,802,Clouds,partiellement nuageux,03d,Toulouse,Zenitude Hôtel-Résidences Toulouse Le Parc de l'Escale,€ 159,43.60596324864314,1.3581633567810059,"8,3",Très bien,2 280
toulouse,43.6044638,1.4442433,10000,1788426576,23.97,23.73,23.97,23.97,1024,50,1024,1003,1.03,0,,37,1788412804,1788460061,0,802,Clouds,partiellement nuageux,03d,Toulouse,Montempô Appart'Hôtel Toulouse Balma,€ 146,43.6343031,1.4817265000000361,"7,4",Bien,1 707
toulouse,43.6044638,1.4442433,10000,1788426576,23.97,23.73,23.97,23.97,1024,50,1024,1003,1.03,0,,37,1788412804,1788460061,0,802,Clouds,partiellement nuageux,03d,Toulouse,ibis Toulouse Gare Matabiau,€ 260,43.611345535609516,1.4523084380286946,"8,2",Très bien,1 175
toulouse,43.6044638,1.4442433,10000,1788426576,23.97,23.73,23.97,23.97,1024,50,1024,1003,1.03,0,,37,1788412804,1788460061,0,802,Clouds,partiellement nuageux,03d,Toulouse,Hôtel Anatole France,€ 97,43.60602976853751,1.4388475567102432,"5,8",Note,366
toulouse,43.6044638,1.4442433,10000,1788426576,23.97,23.73,23.97,23.97,1024,50,1024,1003,1.03,0,,37,1788412804,1788460061,0,802,Clouds,partiellement nuageux,03d,Toulouse,Hôtel Innes by HappyCulture,€ 266,43.61060878239459,1.447087973356247,"8,6",Superbe,3 177
toulouse,43.6044638,1.4442433,10000,1788426576,23.97,23.73,23.97,23.97,1024,50,1024,1003,1.03,0,,37,1788412804,1788460061,0,802,Clouds,partiellement nuageux,03d,Toulouse,Hôtel de Brienne,€ 332,43.6078787008344,1.4316169917583466,"8,7",Superbe,1 793
toulouse,43.6044638,1.4442433,10000,1788426576,23.97,23.73,23.97,23.97,1024,50,1024,1003,1.03,0,,37,1788412804,1788460061,0,802,Clouds,partiellement nuageux,03d,Toulouse,Appart'hôtel Odalys City,€ 224,43.6090789,1.4274835000000001,"8,8",Superbe,7 097
toulouse,43.6044638,1.4442433,10000,1788426576,23.97,23.73,23.97,23.97,1024,50,1024,1003,1.03,0,,37,1788412804,1788460061,0,802,Clouds,partiellement nuageux,03d,Toulouse,Citadines Wilson Toulouse,€ 355,43.606533763595266,1.4481253176927567,"8,2",Très bien,1 566
montauban,44.0175835,1.3549991,10000,1788426081,24.33,24.12,24.33,24.33,1025,50,1025,1012,2.27,303,2.22,11,1788412798,1788460110,0,801,Clouds,peu nuageux,02d,Montauban,Unisotel Montauban EX F1,€ 61,44.007347,1.3851290000000063,"6,8",Note,1 546
montauban,44.0175835,1.3549991,10000,1788426081,24.33,24.12,24.33,24.33,1025,50,1025,1012,2.27,303,2.22,11,1788412798,1788460110,0,801,Clouds,peu nuageux,02d,Montauban,Premiere Classe Montauban,€ 77,43.98291262323651,1.334015429019928,"5,9",Note,2 128
montauban,44.0175835,1.3549991,10000,1788426081,24.33,24.12,24.33,24.33,1025,50,1025,1012,2.27,303,2.22,11,1788412798,1788460110,0,801,Clouds,peu nuageux,02d,Montauban,ibis Montauban,€ 140,44.005367497284546,1.3837341964244843,"8,2",Très bien,869
montauban,44.0175835,1.3549991,10000,1788426081,24.33,24.12,24.33,24.33,1025,50,1025,1012,2.27,303,2.22,11,1788412798,1788460110,0,801,Clouds,peu nuageux,02d,Montauban,ibis budget Montauban Les Chaumes,€ 130,44.00649223653908,1.3864317836123519,"7,9",Bien,845
montauban,44.0175835,1.3549991,10000,1788426081,24.33,24.12,24.33,24.33,1025,50,1025,1012,2.27,303,2.22,11,1788412798,1788460110,0,801,Clouds,peu nuageux,02d,Montauban,Hôtel du Commerce,€ 134,44.01542572857878,1.3540729880332947,"8,3",Très bien,1 205
montauban,44.0175835,1.3549991,10000,1788426081,24.33,24.12,24.33,24.33,1025,50,1025,1012,2.27,303,2.22,11,1788412798,1788460110,0,801,Clouds,peu nuageux,02d,Montauban,Abbaye des Capucins Spa & Resort,€ 205,44.020542927203735,1.3495668768882751,"8,4",Très bien,2 213
montauban,44.0175835,1.3549991,10000,1788426081,24.33,24.12,24.33,24.33,1025,50,1025,1012,2.27,303,2.22,11,1788412798,1788460110,0,801,Clouds,peu nuageux,02d,Montauban,Kyriad Montauban Sud,€ 117,43.98204026800024,1.3326984643936157,"7,0",Bien,1 043
montauban,44.0175835,1.3549991,10000,1788426081,24.33,24.12,24.33,24.33,1025,50,1025,1012,2.27,303,2.22,11,1788412798,1788460110,0,801,Clouds,peu nuageux,02d,Montauban,Brit Hotel Confort Montauban,€ 165,43.980810842951904,1.330394446849823,"8,5",Très bien,1 370
montauban,44.0175835,1.3549991,10000,1788426081,24.33,24.12,24.33,24.33,1025,50,1025,1012,2.27,303,2.22,11,1788412798,1788460110,0,801,Clouds,peu nuageux,02d,Montauban,Les Logis du Port Suites & Spa,€ 183,44.0081137,1.3398952,"9,2",Fabuleux,98
montauban,44.0175835,1.3549991,10000,1788426081,24.33,24.12,24.33,24.33,1025,50,1025,1012,2.27,303,2.22,11,1788412798,1788460110,0,801,Clouds,peu nuageux,02d,Montauban,ibis Styles Montauban,€ 285,44.00526,1.383153,"8,5",Très bien,543
montauban,44.0175835,1.3549991,10000,1788426081,24.33,24.12,24.33,24.33,1025,50,1025,1012,2.27,303,2.22,11,1788412798,1788460110,0,801,Clouds,peu nuageux,02d,Montauban,Centre Louis Ormières,€ 138,43.990284,1.338824,"8,6",Superbe,1 188
montauban,44.0175835,1.3549991,10000,1788426081,24.33,24.12,24.33,24.33,1025,50,1025,1012,2.27,303,2.22,11,1788412798,1788460110,0,801,Clouds,peu nuageux,02d,Montauban,B&B HOTEL Montauban,€ 131,44.03974335530502,1.3857127637543387,"7,8",Bien,1 080
montauban,44.0175835,1.3549991,10000,1788426081,24.33,24.12,24.33,24.33,1025,50,1025,1012,2.27,303,2.22,11,1788412798,1788460110,0,801,Clouds,peu nuageux,02d,Montauban,Hôtel Mercure Montauban,€ 920,44.015742070285896,1.354912519454956,"9,1",Fabuleux,208
montauban,44.0175835,1.3549991,10000,1788426081,24.33,24.12,24.33,24.33,1025,50,1025,1012,2.27,303,2.22,11,1788412798,1788460110,0,801,Clouds,peu nuageux,02d,Montauban,Echappée Belle à Montauban,€ 223,44.0223269,1.3581305000000001,"9,3",Fabuleux,33
montauban,44.0175835,1.3549991,10000,1788426081,24.33,24.12,24.33,24.33,1025,50,1025,1012,2.27,303,2.22,11,1788412798,1788460110,0,801,Clouds,peu nuageux,02d,Montauban,Manoir de La Gravette Authentic French Manor Experience,€ 243,44.04904336668601,1.343883523803724,"9,5",Exceptionnel,282
montauban,44.0175835,1.3549991,10000,1788426081,24.33,24.12,24.33,24.33,1025,50,1025,1012,2.27,303,2.22,11,1788412798,1788460110,0,801,Clouds,peu nuageux,02d,Montauban,L'authentique,€ 168,44.017519950789,1.355708791402,"9,3",Fabuleux,87
montauban,44.0175835,1.3549991,10000,1788426081,24.33,24.12,24.33,24.33,1025,50,1025,1012,2.27,303,2.22,11,1788412798,1788460110,0,801,Clouds,peu nuageux,02d,Montauban,""" Le Petit Venise "" Centre Ville",€ 108,44.015663,1.353527,"8,6",Superbe,17
montauban,44.0175835,1.3549991,10000,1788426081,24.33,24.12,24.33,24.33,1025,50,1025,1012,2.27,303,2.22,11,1788412798,1788460110,0,801,Clouds,peu nuageux,02d,Montauban,Le Clos de Saint Amour,€ 180,44.02487667349487,1.392817497253418,"9,1",Fabuleux,327
montauban,44.0175835,1.3549991,10000,1788426081,24.33,24.12,24.33,24.33,1025,50,1025,1012,2.27,303,2.22,11,1788412798,1788460110,0,801,Clouds,peu nuageux,02d,Montauban,Studio plein Sud au calme,€ 131,44.0077748,1.3266783,"9,1",Fabuleux,211
montauban,44.0175835,1.3549991,10000,1788426081,24.33,24.12,24.33,24.33,1025,50,1025,1012,2.27,303,2.22,11,1788412798,1788460110,0,801,Clouds,peu nuageux,02d,Montauban,Chalet contemporain ( chalet 2),€ 120,43.9829854,1.3639737,"8,7",Superbe,235
montauban,44.0175835,1.3549991,10000,1788426081,24.33,24.12,24.33,24.33,1025,50,1025,1012,2.27,303,2.22,11,1788412798,1788460110,0,801,Clouds,peu nuageux,02d,Montauban,Petite maisonnette avec accés piscine,€ 241,44.0118087305082,1.32553363265719,"9,0",Fabuleux,5
montauban,44.0175835,1.3549991,10000,1788426081,24.33,24.12,24.33,24.33,1025,50,1025,1012,2.27,303,2.22,11,1788412798,1788460110,0,801,Clouds,peu nuageux,02d,Montauban,Le Point Virgule,€ 154,44.0222532,1.3591095,"8,6",Superbe,38
montauban,44.0175835,1.3549991,10000,1788426081,24.33,24.12,24.33,24.33,1025,50,1025,1012,2.27,303,2.22,11,1788412798,1788460110,0,801,Clouds,peu nuageux,02d,Montauban,Une petite escale dans le centre historique,€ 126,44.0175063,1.3557678,"9,2",Fabuleux,80
montauban,44.0175835,1.3549991,10000,1788426081,24.33,24.12,24.33,24.33,1025,50,1025,1012,2.27,303,2.22,11,1788412798,1788460110,0,801,Clouds,peu nuageux,02d,Montauban,DORMIR A MONTAUBAN Logements Carreyrat Calme et Verdoyant,€ 147,43.9809868628093,1.38958597170131,"8,4",Très bien,314
montauban,44.0175835,1.3549991,10000,1788426081,24.33,24.12,24.33,24.33,1025,50,1025,1012,2.27,303,2.22,11,1788412798,1788460110,0,801,Clouds,peu nuageux,02d,Montauban,""" Venezia Studio "" Entrée autonome",€ 125,44.015663,1.353527,"9,5",Exceptionnel,2
biarritz,43.4711437,-1.5527275,10000,1788426619,22.0,22.03,20.55,22.0,1024,68,1024,1018,2.57,80,,8,1788413533,1788460770,0,800,Clear,ciel dégagé,01d,Biarritz,Nemea Appart Hotel Les Hauts de Milady Biarritz,€ 338,43.4702245,-1.5678466,"7,0",Bien,4 005
biarritz,43.4711437,-1.5527275,10000,1788426619,22.0,22.03,20.55,22.0,1024,68,1024,1018,2.57,80,,8,1788413533,1788460770,0,800,Clear,ciel dégagé,01d,Biarritz,Premiere Classe Biarritz,€ 168,43.466329183905685,-1.5405750274658203,"5,9",Note,3 456
biarritz,43.4711437,-1.5527275,10000,1788426619,22.0,22.03,20.55,22.0,1024,68,1024,1018,2.57,80,,8,1788413533,1788460770,0,800,Clear,ciel dégagé,01d,Biarritz,Campanile NATURE,€ 202,43.46638758458815,-1.5400439500808716,"7,2",Bien,3 048
biarritz,43.4711437,-1.5527275,10000,1788426619,22.0,22.03,20.55,22.0,1024,68,1024,1018,2.57,80,,8,1788413533,1788460770,0,800,Clear,ciel dégagé,01d,Biarritz,Résidence Pierre & Vacances Premium Haguna,€ 498,43.4853453565997,-1.5525805950164795,"8,5",Très bien,895
biarritz,43.4711437,-1.5527275,10000,1788426619,22.0,22.03,20.55,22.0,1024,68,1024,1018,2.57,80,,8,1788413533,1788460770,0,800,Clear,ciel dégagé,01d,Biarritz,Le Gamaritz,€ 438,43.481774198197215,-1.5665441751480103,"8,9",Superbe,1 538
biarritz,43.4711437,-1.5527275,10000,1788426619,22.0,22.03,20.55,22.0,1024,68,1024,1018,2.57,80,,8,1788413533,1788460770,0,800,Clear,ciel dégagé,01d,Biarritz,Cosy et lumineux T2 côte des basques et Parking,€ 253,43.4731384,-1.5596459,"9,7",Exceptionnel,10
biarritz,43.4711437,-1.5527275,10000,1788426619,22.0,22.03,20.55,22.0,1024,68,1024,1018,2.57,80,,8,1788413533,1788460770,0,800,Clear,ciel dégagé,01d,Biarritz,Hôtel Le Windsor Biarritz,€ 527,43.484374255948275,-1.5586356818675995,"8,0",Très bien,2 379
biarritz,43.4711437,-1.5527275,10000,1788426619,22.0,22.03,20.55,22.0,1024,68,1024,1018,2.57,80,,8,1788413533,1788460770,0,800,Clear,ciel dégagé,01d,Biarritz,Hôtel Kemaris,€ 804,43.47650270479494,-1.562456488609314,"8,3",Très bien,2 080
biarritz,43.4711437,-1.5527275,10000,1788426619,22.0,22.03,20.55,22.0,1024,68,1024,1018,2.57,80,,8,1788413533,1788460770,0,800,Clear,ciel dégagé,01d,Biarritz,Résidence Mer & Golf Eugénie,€ 282,43.46963652033791,-1.5694905817508698,"7,7",Bien,1 636
biarritz,43.4711437,-1.5527275,10000,1788426619,22.0,22.03,20.55,22.0,1024,68,1024,1018,2.57,80,,8,1788413533,1788460770,0,800,Clear,ciel dégagé,01d,Biarritz,Hôtel Les Alizés,€ 428,43.4821449468053,-1.5662893652915955,"7,3",Bien,1 237
biarritz,43.4711437,-1.5527275,10000,1788426619,22.0,22.03,20.55,22.0,1024,68,1024,1018,2.57,80,,8,1788413533,1788460770,0,800,Clear,ciel dégagé,01d,Biarritz,Hôtel Jules Verne Biarritz,€ 597,43.47853953902587,-1.5553995966911316,"8,4",Très bien,2 085
biarritz,43.4711437,-1.5527275,10000,1788426619,22.0,22.03,20.55,22.0,1024,68,1024,1018,2.57,80,,8,1788413533,1788460770,0,800,Clear,ciel dégagé,01d,Biarritz,Hotel Plaza Biarritz Plage,€ 724,43.48288935643147,-1.5585726499557495,"8,7",Superbe,945
biarritz,43.4711437,-1.5527275,10000,1788426619,22.0,22.03,20.55,22.0,1024,68,1024,1018,2.57,80,,8,1788413533,1788460770,0,800,Clear,ciel dégagé,01d,Biarritz,Sure Hotel by Best Western Biarritz Aeroport,€ 222,43.47220790289405,-1.5348994731903076,"8,0",Très bien,1 979
biarritz,43.4711437,-1.5527275,10000,1788426619,22.0,22.03,20.55,22.0,1024,68,1024,1018,2.57,80,,8,1788413533,1788460770,0,800,Clear,ciel dégagé,01d,Biarritz,"Hôtel du Palais Biarritz, in The Unbound Collection by Hyatt",€ 3 663,43.48643904244932,-1.5562176704406738,"9,4",Fabuleux,780
biarritz,43.4711437,-1.5527275,10000,1788426619,22.0,22.03,20.55,22.0,1024,68,1024,1018,2.57,80,,8,1788413533,1788460770,0,800,Clear,ciel dégagé,01d,Biarritz,Hotel Marbella,€ 591,43.482048610771585,-1.565849483013153,"7,9",Bien,1 338
biarritz,43.4711437,-1.5527275,10000,1788426619,22.0,22.03,20.55,22.0,1024,68,1024,1018,2.57,80,,8,1788413533,1788460770,0,800,Clear,ciel dégagé,01d,Biarritz,Hôtel Florida,€ 445,43.482229605617206,-1.5639907121658325,"7,5",Bien,935
biarritz,43.4711437,-1.5527275,10000,1788426619,22.0,22.03,20.55,22.0,1024,68,1024,1018,2.57,80,,8,1788413533,1788460770,0,800,Clear,ciel dégagé,01d,Biarritz,Superbe appartement plein de charme à 5min de la plage,€ 713,43.4873027,-1.5506613,"8,7",Superbe,75
biarritz,43.4711437,-1.5527275,10000,1788426619,22.0,22.03,20.55,22.0,1024,68,1024,1018,2.57,80,,8,1788413533,1788460770,0,800,Clear,ciel dégagé,01d,Biarritz,Maison Atalaye,€ 547,43.4822208,-1.5645176,"9,5",Exceptionnel,35
biarritz,43.4711437,-1.5527275,10000,1788426619,22.0,22.03,20.55,22.0,1024,68,1024,1018,2.57,80,,8,1788413533,1788460770,0,800,Clear,ciel dégagé,01d,Biarritz,Appartement Victoire vue mer,€ 648,43.48483660000001,-1.5571855000000001,"8,2",Très bien,5
biarritz,43.4711437,-1.5527275,10000,1788426619,22.0,22.03,20.55,22.0,1024,68,1024,1018,2.57,80,,8,1788413533,1788460770,0,800,Clear,ciel dégagé,01d,Biarritz,Regina Experimental Biarritz,€ 998,43.49107531104058,-1.551891267299652,"8,6",Superbe,802
biarritz,43.4711437,-1.5527275,10000,1788426619,22.0,22.03,20.55,22.0,1024,68,1024,1018,2.57,80,,8,1788413533,1788460770,0,800,Clear,ciel dégagé,01d,Biarritz,Urban Style Biarritz Le Relais,€ 320,43.48405703932693,-1.548997163772583,"7,9",Bien,234
biarritz,43.4711437,-1.5527275,10000,1788426619,22.0,22.03,20.55,22.0,1024,68,1024,1018,2.57,80,,8,1788413533,1788460770,0,800,Clear,ciel dégagé,01d,Biarritz,Hôtel PALMITO,€ 406,43.48205055695561,-1.5657448768615723,"8,5",Très bien,1 361
biarritz,43.4711437,-1.5527275,10000,1788426619,22.0,22.03,20.55,22.0,1024,68,1024,1018,2.57,80,,8,1788413533,1788460770,0,800,Clear,ciel dégagé,01d,Biarritz,Studio Victoria,€ 422,43.4811282,-1.5565871,,,
biarritz,43.4711437,-1.5527275,10000,1788426619,22.0,22.03,20.55,22.0,1024,68,1024,1018,2.57,80,,8,1788413533,1788460770,0,800,Clear,ciel dégagé,01d,Biarritz,Le Petit Hôtel,€ 318,43.48286502946448,-1.5595047175884247,"7,5",Bien,464
biarritz,43.4711437,-1.5527275,10000,1788426619,22.0,22.03,20.55,22.0,1024,68,1024,1018,2.57,80,,8,1788413533,1788460770,0,800,Clear,ciel dégagé,01d,Biarritz,Carlina Lodge,€ 403,43.47747717485338,-1.5668547539672772,"9,2",Fabuleux,260
bayonne,43.4945144,-1.4736657,10000,1788426620,22.42,22.49,20.97,22.42,1025,68,1025,1020,2.57,80,,7,1788413512,1788460753,0,800,Clear,ciel dégagé,01d,Bayonne,ibis budget Bayonne,€ 171,43.489082618638825,-1.4571780861297157,"7,7",Bien,5 461
bayonne,43.4945144,-1.4736657,10000,1788426620,22.42,22.49,20.97,22.42,1025,68,1025,1020,2.57,80,,7,1788413512,1788460753,0,800,Clear,ciel dégagé,01d,Bayonne,Premiere Classe Bayonne,€ 160,43.49048959433391,-1.4520353078842163,"7,1",Bien,911
bayonne,43.4945144,-1.4736657,10000,1788426620,22.42,22.49,20.97,22.42,1025,68,1025,1020,2.57,80,,7,1788413512,1788460753,0,800,Clear,ciel dégagé,01d,Bayonne,Hotel Cote Basque,€ 282,43.49618306480432,-1.4696010947227478,"8,1",Très bien,4 494
bayonne,43.4945144,-1.4736657,10000,1788426620,22.42,22.49,20.97,22.42,1025,68,1025,1020,2.57,80,,7,1788413512,1788460753,0,800,Clear,ciel dégagé,01d,Bayonne,Hôtel Le Bayonne,€ 246,43.485026198989566,-1.4753705263137817,"8,1",Très bien,2 864
bayonne,43.4945144,-1.4736657,10000,1788426620,22.42,22.49,20.97,22.42,1025,68,1025,1020,2.57,80,,7,1788413512,1788460753,0,800,Clear,ciel dégagé,01d,Bayonne,Hôtel Les Genêts Bayonne,€ 153,43.464948964686116,-1.4958438277244568,"7,5",Bien,5 011
bayonne,43.4945144,-1.4736657,10000,1788426620,22.42,22.49,20.97,22.42,1025,68,1025,1020,2.57,80,,7,1788413512,1788460753,0,800,Clear,ciel dégagé,01d,Bayonne,Adonis Hotel Bayonne,€ 170,43.489400278396175,-1.431714497253438,"7,7",Bien,2 176
bayonne,43.4945144,-1.4736657,10000,1788426620,22.42,22.49,20.97,22.42,1025,68,1025,1020,2.57,80,,7,1788413512,1788460753,0,800,Clear,ciel dégagé,01d,Bayonne,OKKO Hotels Bayonne Centre,€ 282,43.49534430000001,-1.4825117999999975,"8,2",Très bien,2 960
bayonne,43.4945144,-1.4736657,10000,1788426620,22.42,22.49,20.97,22.42,1025,68,1025,1020,2.57,80,,7,1788413512,1788460753,0,800,Clear,ciel dégagé,01d,Bayonne,Hotel Loreak,€ 258,43.49349108918729,-1.4526334404945374,"8,4",Très bien,2 194
bayonne,43.4945144,-1.4736657,10000,1788426620,22.42,22.49,20.97,22.42,1025,68,1025,1020,2.57,80,,7,1788413512,1788460753,0,800,Clear,ciel dégagé,01d,Bayonne,Temporesidence Chateauneuf,€ 250,43.489910682705116,-1.4731402695178986,"7,1",Bien,1 997
bayonne,43.4945144,-1.4736657,10000,1788426620,22.42,22.49,20.97,22.42,1025,68,1025,1020,2.57,80,,7,1788413512,1788460753,0,800,Clear,ciel dégagé,01d,Bayonne,Hostel20 Bayonne,€ 225,43.49535,-1.468753,"7,8",Bien,1 990
bayonne,43.4945144,-1.4736657,10000,1788426620,22.42,22.49,20.97,22.42,1025,68,1025,1020,2.57,80,,7,1788413512,1788460753,0,800,Clear,ciel dégagé,01d,Bayonne,B&B HOTEL Bayonne,€ 180,43.4645147,-1.4959652999999662,"7,0",Bien,2 374
bayonne,43.4945144,-1.4736657,10000,1788426620,22.42,22.49,20.97,22.42,1025,68,1025,1020,2.57,80,,7,1788413512,1788460753,0,800,Clear,ciel dégagé,01d,Bayonne,Hôtel des Arceaux,€ 198,43.4922497,-1.4757726000000275,"7,1",Bien,1 507
bayonne,43.4945144,-1.4736657,10000,1788426620,22.42,22.49,20.97,22.42,1025,68,1025,1020,2.57,80,,7,1788413512,1788460753,0,800,Clear,ciel dégagé,01d,Bayonne,ibis Styles Bayonne,€ 340,43.495405741197395,-1.4708241820335388,"8,6",Superbe,1 093
bayonne,43.4945144,-1.4736657,10000,1788426620,22.42,22.49,20.97,22.42,1025,68,1025,1020,2.57,80,,7,1788413512,1788460753,0,800,Clear,ciel dégagé,01d,Bayonne,hotelF1 Bayonne,€ 145,43.489623308211456,-1.4510752870235137,"5,2",Note,1 206
bayonne,43.4945144,-1.4736657,10000,1788426620,22.42,22.49,20.97,22.42,1025,68,1025,1020,2.57,80,,7,1788413512,1788460753,0,800,Clear,ciel dégagé,01d,Bayonne,Campanile NATURE,€ 199,43.491124931297946,-1.454840898513794,"6,9",Note,1 434
bayonne,43.4945144,-1.4736657,10000,1788426620,22.42,22.49,20.97,22.42,1025,68,1025,1020,2.57,80,,7,1788413512,1788460753,0,800,Clear,ciel dégagé,01d,Bayonne,Hôtel Villa KOEGUI Bayonne,€ 337,43.492371,-1.472588,"8,8",Superbe,1 303
bayonne,43.4945144,-1.4736657,10000,1788426620,22.42,22.49,20.97,22.42,1025,68,1025,1020,2.57,80,,7,1788413512,1788460753,0,800,Clear,ciel dégagé,01d,Bayonne,Temporesidence Cathedrale,€ 297,43.48954192769906,-1.4781244844198227,"7,8",Bien,1 400
bayonne,43.4945144,-1.4736657,10000,1788426620,22.42,22.49,20.97,22.42,1025,68,1025,1020,2.57,80,,7,1788413512,1788460753,0,800,Clear,ciel dégagé,01d,Bayonne,Bayonne centre Grand appartement sur les quais,€ 468,43.4908695629048,-1.47403835279598,"9,7",Exceptionnel,35
bayonne,43.4945144,-1.4736657,10000,1788426620,22.42,22.49,20.97,22.42,1025,68,1025,1020,2.57,80,,7,1788413512,1788460753,0,800,Clear,ciel dégagé,01d,Bayonne,Hôtel des Basses Pyrénées,€ 427,43.48841135250723,-1.4771433738189899,"8,6",Superbe,905
bayonne,43.4945144,-1.4736657,10000,1788426620,22.42,22.49,20.97,22.42,1025,68,1025,1020,2.57,80,,7,1788413512,1788460753,0,800,Clear,ciel dégagé,01d,Bayonne,Appartement Baiona,€ 638,43.507135403616,-1.4819133597529999,"9,2",Fabuleux,19
bayonne,43.4945144,-1.4736657,10000,1788426620,22.42,22.49,20.97,22.42,1025,68,1025,1020,2.57,80,,7,1788413512,1788460753,0,800,Clear,ciel dégagé,01d,Bayonne,Baionakoa Résidence,€ 422,43.48982756216983,-1.4769295843610735,"9,2",Fabuleux,380
bayonne,43.4945144,-1.4736657,10000,1788426620,22.42,22.49,20.97,22.42,1025,68,1025,1020,2.57,80,,7,1788413512,1788460753,0,800,Clear,ciel dégagé,01d,Bayonne,Appart 4 pers centre-ville Bayonne proche du Stade Jean Dauger,€ 256,43.4841277,-1.4823951,"7,3",Bien,42
bayonne,43.4945144,-1.4736657,10000,1788426620,22.42,22.49,20.97,22.42,1025,68,1025,1020,2.57,80,,7,1788413512,1788460753,0,800,Clear,ciel dégagé,01d,Bayonne,Appart'Hôtel Bellevue,€ 244,43.50579423022689,-1.4560883209014719,"8,4",Très bien,428
bayonne,43.4945144,-1.4736657,10000,1788426620,22.42,22.49,20.97,22.42,1025,68,1025,1020,2.57,80,,7,1788413512,1788460753,0,800,Clear,ciel dégagé,01d,Bayonne,Boutique Hôtel Un Appart en Ville,€ 376,43.4909225,-1.4774412,"8,3",Très bien,423
bayonne,43.4945144,-1.4736657,10000,1788426620,22.42,22.49,20.97,22.42,1025,68,1025,1020,2.57,80,,7,1788413512,1788460753,0,800,Clear,ciel dégagé,01d,Bayonne,Appartement T2 + parking privatif,€ 325,43.4963129,-1.4845876,"6,5",Note,123
la rochelle,46.159732,-1.1515951,10000,1788426301,21.12,21.4,20.52,21.29,1025,81,1025,1025,1.54,0,,7,1788413251,1788460860,0,800,Clear,ciel dégagé,01d,La Rochelle,ibis budget La Rochelle Centre les Minimes,€ 161,46.14702834178295,-1.1530846600494442,"7,7",Bien,3 585
la rochelle,46.159732,-1.1515951,10000,1788426301,21.12,21.4,20.52,21.29,1025,81,1025,1025,1.54,0,,7,1788413251,1788460860,0,800,Clear,ciel dégagé,01d,La Rochelle,B&B HOTEL La Rochelle Centre 3 étoiles,€ 293,46.15450177174464,-1.1446716395645353,"8,2",Très bien,2 724
la rochelle,46.159732,-1.1515951,10000,1788426301,21.12,21.4,20.52,21.29,1025,81,1025,1025,1.54,0,,7,1788413251,1788460860,0,800,Clear,ciel dégagé,01d,La Rochelle,ibis Budget La Rochelle Centre gare,€ 199,46.157612347442985,-1.1403863916015688,"8,3",Très bien,3 301
la rochelle,46.159732,-1.1515951,10000,1788426301,21.12,21.4,20.52,21.29,1025,81,1025,1025,1.54,0,,7,1788413251,1788460860,0,800,Clear,ciel dégagé,01d,La Rochelle,Auberge de Jeunesse,€ 228,46.143788,-1.162168,"8,1",Très bien,853
la rochelle,46.159732,-1.1515951,10000,1788426301,21.12,21.4,20.52,21.29,1025,81,1025,1025,1.54,0,,7,1788413251,1788460860,0,800,Clear,ciel dégagé,01d,La Rochelle,Novotel La Rochelle Centre,€ 409,46.161434077501134,-1.1584755778312683,"8,4",Très bien,1 206
la rochelle,46.159732,-1.1515951,10000,1788426301,21.12,21.4,20.52,21.29,1025,81,1025,1025,1.54,0,,7,1788413251,1788460860,0,800,Clear,ciel dégagé,01d,La Rochelle,B&B HOTEL La Rochelle Centre Les Minimes,€ 207,46.14717566269079,-1.1527222394943237,"8,1",Très bien,3 544
la rochelle,46.159732,-1.1515951,10000,1788426301,21.12,21.4,20.52,21.29,1025,81,1025,1025,1.54,0,,7,1788413251,1788460860,0,800,Clear,ciel dégagé,01d,La Rochelle,ibis Styles La Rochelle Centre Vieux Port,€ 268,46.15801589993504,-1.1539718239425838,"8,3",Très bien,1 258
la rochelle,46.159732,-1.1515951,10000,1788426301,21.12,21.4,20.52,21.29,1025,81,1025,1025,1.54,0,,7,1788413251,1788460860,0,800,Clear,ciel dégagé,01d,La Rochelle,Mercure La Rochelle Vieux Port,€ 353,46.15365316439305,-1.1496511101722717,"8,9",Superbe,1 834
la rochelle,46.159732,-1.1515951,10000,1788426301,21.12,21.4,20.52,21.29,1025,81,1025,1025,1.54,0,,7,1788413251,1788460860,0,800,Clear,ciel dégagé,01d,La Rochelle,Hôtel Kyriad La Rochelle Centre Ville,€ 250,46.15779643320449,-1.1383187770843506,"8,5",Très bien,3 699
la rochelle,46.159732,-1.1515951,10000,1788426301,21.12,21.4,20.52,21.29,1025,81,1025,1025,1.54,0,,7,1788413251,1788460860,0,800,Clear,ciel dégagé,01d,La Rochelle,Appart'City Classic La Rochelle Centre,€ 214,46.158446693708605,-1.1410117149353027,"7,6",Bien,3 787
la rochelle,46.159732,-1.1515951,10000,1788426301,21.12,21.4,20.52,21.29,1025,81,1025,1025,1.54,0,,7,1788413251,1788460860,0,800,Clear,ciel dégagé,01d,La Rochelle,CENTRAL Hostel La Rochelle Centre,€ 402,46.1594925,-1.1551166,"8,6",Superbe,1 131
la rochelle,46.159732,-1.1515951,10000,1788426301,21.12,21.4,20.52,21.29,1025,81,1025,1025,1.54,0,,7,1788413251,1788460860,0,800,Clear,ciel dégagé,01d,La Rochelle,Résidence Pierre & Vacances Centre,€ 244,46.15576942900863,-1.1463922262191772,"7,8",Bien,1 161
la rochelle,46.159732,-1.1515951,10000,1788426301,21.12,21.4,20.52,21.29,1025,81,1025,1025,1.54,0,,7,1788413251,1788460860,0,800,Clear,ciel dégagé,01d,La Rochelle,ibis La Rochelle Centre Historique,€ 202,46.1612519,-1.1504208999999719,"8,1",Très bien,959
la rochelle,46.159732,-1.1515951,10000,1788426301,21.12,21.4,20.52,21.29,1025,81,1025,1025,1.54,0,,7,1788413251,1788460860,0,800,Clear,ciel dégagé,01d,La Rochelle,Maisons du Monde Hôtel & Suites,€ 333,46.15619304375638,-1.1544348299503326,"8,6",Superbe,3 321
la rochelle,46.159732,-1.1515951,10000,1788426301,21.12,21.4,20.52,21.29,1025,81,1025,1025,1.54,0,,7,1788413251,1788460860,0,800,Clear,ciel dégagé,01d,La Rochelle,Maison des Ambassadeurs,€ 330,46.162825533595864,-1.1511021852493286,"9,0",Fabuleux,2 069
la rochelle,46.159732,-1.1515951,10000,1788426301,21.12,21.4,20.52,21.29,1025,81,1025,1025,1.54,0,,7,1788413251,1788460860,0,800,Clear,ciel dégagé,01d,La Rochelle,Hôtel Les Brises,€ 384,46.15345807004079,-1.174386441707611,"8,8",Superbe,342
la rochelle,46.159732,-1.1515951,10000,1788426301,21.12,21.4,20.52,21.29,1025,81,1025,1025,1.54,0,,7,1788413251,1788460860,0,800,Clear,ciel dégagé,01d,La Rochelle,Lagrange Apart'Hotel l’Escale Marine,€ 223,46.15107011961584,-1.1548632902130294,"7,7",Bien,5 699
la rochelle,46.159732,-1.1515951,10000,1788426301,21.12,21.4,20.52,21.29,1025,81,1025,1025,1.54,0,,7,1788413251,1788460860,0,800,Clear,ciel dégagé,01d,La Rochelle,"Hôtel Le Yachtman, The Originals Collection",€ 329,46.15728365093064,-1.149967610836029,"8,6",Superbe,910
la rochelle,46.159732,-1.1515951,10000,1788426301,21.12,21.4,20.52,21.29,1025,81,1025,1025,1.54,0,,7,1788413251,1788460860,0,800,Clear,ciel dégagé,01d,La Rochelle,Appartement à 100m Plage des Minimes avec internet,€ 205,46.1405467,-1.1689662,"8,3",Très bien,32
la rochelle,46.159732,-1.1515951,10000,1788426301,21.12,21.4,20.52,21.29,1025,81,1025,1025,1.54,0,,7,1788413251,1788460860,0,800,Clear,ciel dégagé,01d,La Rochelle,ATHOME RESIDENCE ET SPA,€ 235,46.145995,-1.152398,"8,1",Très bien,2 601
la rochelle,46.159732,-1.1515951,10000,1788426301,21.12,21.4,20.52,21.29,1025,81,1025,1025,1.54,0,,7,1788413251,1788460860,0,800,Clear,ciel dégagé,01d,La Rochelle,IBIS La Rochelle Vieux Port Centre,€ 239,46.15582939999999,-1.14855799999998,"8,5",Très bien,1 008
la rochelle,46.159732,-1.1515951,10000,1788426301,21.12,21.4,20.52,21.29,1025,81,1025,1025,1.54,0,,7,1788413251,1788460860,0,800,Clear,ciel dégagé,01d,La Rochelle,Hôtel Inn Design La Rochelle,€ 165,46.16975862055837,-1.1215844750404358,"7,9",Bien,3 255
la rochelle,46.159732,-1.1515951,10000,1788426301,21.12,21.4,20.52,21.29,1025,81,1025,1025,1.54,0,,7,1788413251,1788460860,0,800,Clear,ciel dégagé,01d,La Rochelle,Escale Pamatxi : Vieux port,€ 237,46.156145035342,-1.155468575735,"8,6",Superbe,72
la rochelle,46.159732,-1.1515951,10000,1788426301,21.12,21.4,20.52,21.29,1025,81,1025,1025,1.54,0,,7,1788413251,1788460860,0,800,Clear,ciel dégagé,01d,La Rochelle,Hôtel Les Gens de Mer La Rochelle,€ 202,46.154126962049,-1.147499247090309,"7,8",Bien,2 048
la rochelle,46.159732,-1.1515951,10000,1788426301,21.12,21.4,20.52,21.29,1025,81,1025,1025,1.54,0,,7,1788413251,1788460860,0,800,Clear,ciel dégagé,01d,La Rochelle,Superbe appartement avec parking,€ 381,46.1547073,-1.1458064000000001,"8,9",Superbe,42
