city,place_id,lat,lon,base,visibility,dt,timezone,id,name,cod,coord.lon,coord.lat,main.temp,main.feels_like,main.temp_min,main.temp_max,main.pressure,main.humidity,main.sea_level,main.grnd_level,wind.speed,wind.deg,wind.gust,clouds.all,sys.country,sys.sunrise,sys.sunset,sys.type,sys.id,rain.1h,weather.0.id,weather.0.main,weather.0.description,weather.0.icon,hotels
mont saint michel,281361808,48.6359541,-1.51146,stations,10000,1787754885,7200,6435453,Huisnes-sur-Mer,200,-1.5115,48.636,25.94,25.74,25.94,25.94,1009,44,1009,1004,5.31,168,6.01,100,FR,1787721275,1787770901,,,,804,Clouds,couvert,04d,"[{'name': 'Le Relais Saint Michel', 'price': '€ 325', 'score': 'Avec une note de 8,1 8,1 Très bien 3 876 expériences vécues'}, {'name': 'Le Saint Aubert', 'price': '€ 179', 'score': 'Avec une note de 7,4 7,4 Bien 2 490 expériences vécues'}, {'name': 'La Confiance', 'price': '€ 279', 'score': 'Avec une note de 7,5 7,5 Bien 3 758 expériences vécues'}, {'name': 'Hotel De La Digue', 'price': '€ 158', 'score': 'Avec une note de 7,5 7,5 Bien 536 expériences vécues'}, {'name': 'Hotel Gabriel', 'price': '€ 173', 'score': 'Avec une note de 8,1 8,1 Très bien 2 417 expériences vécues'}, {'name': 'Le Mouton Blanc', 'price': '€ 310', 'score': 'Avec une note de 7,2 7,2 Bien 1 897 expériences vécues'}, {'name': 'Hôtel la Croix Blanche', 'price': '€ 228', 'score': 'Avec une note de 8,1 8,1 Très bien 609 expériences vécues'}, {'name': 'Auberge Saint Pierre', 'price': '€ 287', 'score': 'Avec une note de 7,9 7,9 Bien 1 199 expériences vécues'}, {'name': 'Apparthôtel Mont Saint Michel - Résidence Fleurdumont', 'price': '€ 149', 'score': 'Avec une note de 8,5 8,5 Très bien 3 333 expériences vécues'}, {'name': 'Hotel Rose', 'price': '€ 128', 'score': 'Avec une note de 8,4 8,4 Très bien 1 784 expériences vécues'}, {'name': 'Le Petit Moulin Rouge, B&B, SDB en-suite, parking privé gratuit', 'price': '€ 123', 'score': 'Avec une note de 9,6 9,6 Exceptionnel 297 expériences vécues'}, {'name': 'La Villa du Manoir', 'price': '€ 269', 'score': 'Avec une note de 9,8 9,8 Exceptionnel 6 expériences vécues'}, {'name': 'Mon Saint Michel', 'price': '€ 172', 'score': 'Avec une note de 8,4 8,4 Très bien 521 expériences vécues'}, {'name': 'Cottage Le Chalet', 'price': '€ 114', 'score': 'Avec une note de 7,7 7,7 Bien 13 expériences vécues'}, {'name': 'Escale du Mont', 'price': '€ 182', 'score': 'Avec une note de 7,0 7,0 Bien 1 expérience vécue'}, {'name': 'Ermitage - Mont-Saint-Michel', 'price': '€ 951', 'score': 'Avec une note de 8,7 8,7 Superbe 152 expériences vécues'}, {'name': 'Horizon du Mont 15 personnes', 'price': '€ 505', 'score': 'Avec une note de 9,7 9,7 Exceptionnel 10 expériences vécues'}, {'name': 'Ibis Budget Pontorson Baie Du Mont Saint Michel', 'price': '€ 102', 'score': 'Avec une note de 8,3 8,3 Très bien 650 expériences vécues'}, {'name': 'ibis Pontorson Baie Du Mont Saint Michel', 'price': '€ 122', 'score': 'Avec une note de 7,9 7,9 Bien 2 906 expériences vécues'}, {'name': ""AU DETOUR DU MONT Chambres d'hôtes"", 'price': '€ 81', 'score': 'Avec une note de 8,8 8,8 Superbe 606 expériences vécues'}, {'name': 'Vacancéole - Le Domaine du Mont - Mont St Michel', 'price': '€ 160', 'score': 'Avec une note de 7,6 7,6 Bien 588 expériences vécues'}, {'name': 'Hotel De France', 'price': '€ 92', 'score': 'Avec une note de 7,5 7,5 Bien 726 expériences vécues'}, {'name': 'Camping Saint Michel', 'price': '€ 80', 'score': 'Avec une note de 7,9 7,9 Bien 745 expériences vécues'}, {'name': 'au petit quinquin', 'price': '€ 94', 'score': 'Avec une note de 7,9 7,9 Bien 465 expériences vécues'}, {'name': 'Vacancéole - Les Chambres de la Baie', 'price': '€ 113', 'score': 'Avec une note de 7,1 7,1 Bien 756 expériences vécues'}]"
saint malo,284423924,48.649518,-2.0260409,stations,10000,1787754887,7200,2978640,Saint-Malo,200,-2.026,48.6495,27.29,27.7,27.29,27.29,1009,50,1009,1007,3.09,150,,100,FR,1787721397,1787771026,1.0,6557.0,,804,Clouds,couvert,04d,"[{'name': 'Kyriad Prestige Saint-Malo', 'price': '€ 168', 'score': 'Avec une note de 8,9 8,9 Superbe 6 974 expériences vécues'}, {'name': 'ibis Saint Malo Plage', 'price': '€ 262', 'score': 'Avec une note de 8,6 8,6 Superbe 2 481 expériences vécues'}, {'name': 'Hotel Kyriad Saint Malo Centre Plage', 'price': '€ 168', 'score': 'Avec une note de 8,4 8,4 Très bien 1 878 expériences vécues'}, {'name': 'Hôtel Cartier', 'price': '€ 284', 'score': 'Avec une note de 8,5 8,5 Très bien 2 333 expériences vécues'}, {'name': 'Hôtel Quic en Groigne', 'price': '€ 191', 'score': 'Avec une note de 8,8 8,8 Superbe 1 152 expériences vécues'}, {'name': 'Oceania Saint Malo', 'price': '€ 326', 'score': 'Avec une note de 8,6 8,6 Superbe 1 334 expériences vécues'}, {'name': 'hotelF1 Saint Malo', 'price': '€ 65', 'score': 'Avec une note de 6,9 6,9 Note 1 932 expériences vécues'}, {'name': 'Golden Tulip Saint Malo– Le Grand Bé', 'price': '€ 345', 'score': 'Avec une note de 8,7 8,7 Superbe 1 897 expériences vécues'}, {'name': 'Ibis Budget Saint Malo Centre', 'price': '€ 120', 'score': 'Avec une note de 7,9 7,9 Bien 1 341 expériences vécues'}, {'name': 'ibis Styles Saint Malo Port', 'price': '€ 185', 'score': 'Avec une note de 8,3 8,3 Très bien 2 330 expériences vécues'}, {'name': '46 Avenue Pasteur', 'price': '€ 216', 'score': 'Avec une note de 8,4 8,4 Très bien 41 expériences vécues'}, {'name': 'Grand Hotel de Courtoisville', 'price': '€ 376', 'score': 'Avec une note de 9,4 9,4 Fabuleux 279 expériences vécues'}, {'name': 'La Rotonde', 'price': '€ 98', 'score': 'Avec une note de 7,3 7,3 Bien 2 578 expériences vécues'}, {'name': 'La Maison des Armateurs', 'price': '€ 248', 'score': 'Avec une note de 8,8 8,8 Superbe 1 975 expériences vécues'}, {'name': 'Val Malouin', 'price': '€ 146', 'score': 'Avec une note de 8,5 8,5 Très bien 56 expériences vécues'}, {'name': 'Hotel Elizabeth - Intra Muros', 'price': '€ 212', 'score': 'Avec une note de 8,2 8,2 Très bien 1 575 expériences vécues'}, {'name': 'Escale Oceania Saint Malo', 'price': '€ 199', 'score': 'Avec une note de 8,3 8,3 Très bien 2 096 expériences vécues'}, {'name': 'Frida - Plage 50m - Rue gratuite', 'price': '€ 173', 'score': 'Avec une note de 8,9 8,9 Superbe 28 expériences vécues'}, {'name': 'Sézam Appart’Hôtel Saint-Malo', 'price': '€ 163', 'score': 'Avec une note de 8,7 8,7 Superbe 2 240 expériences vécues'}, {'name': 'Le Nid Malouin Proche plage, ferry et Intra-muros', 'price': '€ 119', 'score': 'Avec une note de 8,1 8,1 Très bien 8 expériences vécues'}, {'name': 'Hôtel Les Charmettes - Saint Malo', 'price': '€ 229', 'score': 'Avec une note de 8,8 8,8 Superbe 1 141 expériences vécues'}, {'name': 'Hôtel France et Chateaubriand', 'price': '€ 250', 'score': 'Avec une note de 8,1 8,1 Très bien 2 966 expériences vécues'}, {'name': 'Residence Reine Marine', 'price': '€ 392', 'score': 'Avec une note de 8,6 8,6 Superbe 914 expériences vécues'}, {'name': 'Aquaroom RDC - Plage 50m - Rue gratuite', 'price': '€ 173', 'score': 'Avec une note de 7,6 7,6 Bien 25 expériences vécues'}, {'name': ""Chambre d'Hote Saint Malo"", 'price': '€ 161', 'score': 'Avec une note de 9,4 9,4 Fabuleux 211 expériences vécues'}]"
bayeux,284771403,49.2764624,-0.7024738,stations,10000,1787754668,7200,3034483,Bayeux,200,-0.7024,49.2764,26.14,26.14,26.14,26.14,1010,53,1010,1004,5.93,43,5.48,100,FR,1787721009,1787770779,1.0,6569.0,,804,Clouds,couvert,04d,"[{'name': 'B&B HOTEL Bayeux', 'price': '€ 107', 'score': 'Avec une note de 8,2 8,2 Très bien 679 expériences vécues'}, {'name': 'Ibis Budget Bayeux', 'price': '€ 102', 'score': 'Avec une note de 8,1 8,1 Très bien 2 041 expériences vécues'}, {'name': ""Hôtel d'Argouges"", 'price': '€ 178', 'score': 'Avec une note de 8,7 8,7 Superbe 1 111 expériences vécues'}, {'name': 'Hotel Reine Mathilde', 'price': '€ 96', 'score': 'Avec une note de 8,7 8,7 Superbe 1 341 expériences vécues'}, {'name': 'Le Declic', 'price': '€ 102', 'score': 'Avec une note de 8,2 8,2 Très bien 986 expériences vécues'}, {'name': 'Novotel Bayeux', 'price': '€ 165', 'score': 'Avec une note de 8,1 8,1 Très bien 771 expériences vécues'}, {'name': 'Domaine de Bayeux', 'price': '€ 270', 'score': 'Avec une note de 9,4 9,4 Fabuleux 716 expériences vécues'}, {'name': 'Château de Bellefontaine - Teritoria', 'price': '€ 175', 'score': 'Avec une note de 8,0 8,0 Très bien 1 029 expériences vécues'}, {'name': 'Hôtel De Brunville & Spa', 'price': '€ 145', 'score': 'Avec une note de 7,9 7,9 Bien 1 644 expériences vécues'}, {'name': 'Campanile Bayeux', 'price': '€ 132', 'score': 'Avec une note de 7,7 7,7 Bien 1 285 expériences vécues'}, {'name': 'Le Castel Guesthouse', 'price': '€ 187', 'score': 'Avec une note de 8,5 8,5 Très bien 800 expériences vécues'}, {'name': ""Hotel Le Lion D'Or et Restaurant La Table Du Lion"", 'price': '€ 194', 'score': 'Avec une note de 8,7 8,7 Superbe 834 expériences vécues'}, {'name': 'Churchill Hotel Bayeux Centre', 'price': '€ 241', 'score': 'Avec une note de 8,6 8,6 Superbe 651 expériences vécues'}, {'name': 'Hôtel Le Saint Patrice', 'price': '€ 129', 'score': 'Avec une note de 8,2 8,2 Très bien 758 expériences vécues'}, {'name': 'Au Loup Historic Apartments', 'price': '€ 120', 'score': 'Avec une note de 8,4 8,4 Très bien 949 expériences vécues'}, {'name': ""Private house with a view on Bayeux's Cathedrale"", 'price': '€ 207', 'score': 'Avec une note de 7,3 7,3 Bien 83 expériences vécues'}, {'name': ""L'arrozoir Du Jardin Botanique"", 'price': '€ 112', 'score': 'Avec une note de 9,5 9,5 Exceptionnel 115 expériences vécues'}, {'name': 'Hôtel Le Bayeux', 'price': '€ 168', 'score': 'Avec une note de 7,2 7,2 Bien 434 expériences vécues'}, {'name': 'Duplex appartement in Bayeux', 'price': '€ 125', 'score': 'Avec une note de 6,9 6,9 Note 15 expériences vécues'}, {'name': 'Le Clos de la Chapelle Bayeux', 'price': '€ 230', 'score': 'Avec une note de 9,5 9,5 Exceptionnel 165 expériences vécues'}, {'name': 'le Cozy Bayeusain', 'price': '€ 110', 'score': 'Avec une note de 8,5 8,5 Très bien 115 expériences vécues'}, {'name': 'La Parenthese - Charme & Coeur Historique', 'price': '€ 256', 'score': 'Avec une note de 8,6 8,6 Superbe 13 expériences vécues'}, {'name': 'Grand Hôtel du Luxembourg & Spa', 'price': '€ 171', 'score': 'Avec une note de 7,9 7,9 Bien 422 expériences vécues'}, {'name': ""D-DAY's"", 'price': '€ 140', 'score': 'Avec une note de 9,0 9,0 Fabuleux 31 expériences vécues'}, {'name': 'Le Liberty by Melrose', 'price': '€ 182', 'score': 'Avec une note de 8,7 8,7 Superbe 62 expériences vécues'}]"
le havre,100021883,49.4938975,0.1079732,stations,10000,1787754424,7200,3003796,Havre-de-Grâce,200,0.1079,49.4944,24.51,24.82,24.51,25.86,1011,69,1011,1009,5.14,360,,100,FR,1787720790,1787770609,1.0,6533.0,,804,Clouds,couvert,04d,"[{'name': 'All Suites Appart Hôtel - Le Havre Centre - Les docks', 'price': '€ 86', 'score': 'Avec une note de 8,4 8,4 Très bien 4 225 expériences vécues'}, {'name': 'Novotel Le Havre Centre Gare', 'price': '€ 107', 'score': 'Avec une note de 8,1 8,1 Très bien 998 expériences vécues'}, {'name': 'Hilton Garden Inn Le Havre Centre', 'price': '€ 161', 'score': 'Avec une note de 8,4 8,4 Très bien 2 126 expériences vécues'}, {'name': ""Appart'hôtel Odalys City - Le Havre Centre Les Docks"", 'price': '€ 66', 'score': 'Avec une note de 8,4 8,4 Très bien 2 388 expériences vécues'}, {'name': 'Ibis Budget Le Havre Les Docks', 'price': '€ 52', 'score': 'Avec une note de 7,8 7,8 Bien 2 313 expériences vécues'}, {'name': 'Hotel Spa Le Pasino', 'price': '€ 129', 'score': 'Avec une note de 8,3 8,3 Très bien 887 expériences vécues'}, {'name': 'Aparthotel Adagio Access Le Havre Les Docks', 'price': '€ 77', 'score': 'Avec une note de 8,5 8,5 Très bien 919 expériences vécues'}, {'name': 'UNISOTEL Le Havre', 'price': '€ 50', 'score': 'Avec une note de 6,1 6,1 Note 1 302 expériences vécues'}, {'name': 'Premiere Classe Le Havre Centre-LES DOCKS', 'price': '€ 48', 'score': 'Avec une note de 7,7 7,7 Bien 2 708 expériences vécues'}, {'name': 'The Originals Boutique, Hôtel Le Marignan,Le Havre Centre Gare', 'price': '€ 55', 'score': 'Avec une note de 7,9 7,9 Bien 2 775 expériences vécues'}, {'name': 'ibis Le Havre Centre', 'price': '€ 106', 'score': 'Avec une note de 8,1 8,1 Très bien 2 019 expériences vécues'}, {'name': 'Hôtel Richelieu, Le Havre Centre-Ville, Perret', 'price': '€ 81', 'score': 'Avec une note de 7,9 7,9 Bien 916 expériences vécues'}, {'name': 'The People Le Havre', 'price': '€ 71', 'score': 'Avec une note de 8,2 8,2 Très bien 2 111 expériences vécues'}, {'name': 'Le Petit Biscuit - Centre Historique du Havre', 'price': '€ 155', 'score': 'Avec une note de 8,4 8,4 Très bien 37 expériences vécues'}, {'name': 'Mercure Le Havre Centre Bassin Du Commerce', 'price': '€ 125', 'score': 'Avec une note de 7,9 7,9 Bien 879 expériences vécues'}, {'name': ""The Originals Boutique, Hôtel d'Angleterre, Le Havre, centre, plage"", 'price': '€ 68', 'score': 'Avec une note de 7,3 7,3 Bien 1 798 expériences vécues'}, {'name': ""L'Escale Appartements et Suites en bord de Mer"", 'price': '€ 67', 'score': 'Avec une note de 8,4 8,4 Très bien 1 082 expériences vécues'}, {'name': 'Nomad Hotel le Havre Centre Gare', 'price': '€ 83', 'score': 'Avec une note de 8,5 8,5 Très bien 1 753 expériences vécues'}, {'name': 'Birgit Hôtel Le Havre Centre', 'price': '€ 70', 'score': 'Avec une note de 8,4 8,4 Très bien 2 530 expériences vécues'}, {'name': 'JOST Hôtel Le Havre Centre Gare', 'price': '€ 80', 'score': 'Avec une note de 8,5 8,5 Très bien 1 559 expériences vécues'}, {'name': 'Zenitude Hôtel-Résidences Le Havre Centre', 'price': '€ 55', 'score': 'Avec une note de 6,6 6,6 Note 642 expériences vécues'}, {'name': 'Dalikyda - La Jungle - Duplex - proche de la Gare', 'price': '€ 99', 'score': 'Avec une note de 8,5 8,5 Très bien 11 expériences vécues'}, {'name': ""Appart'hôtel Odalys City - Le Havre Centre"", 'price': '€ 87', 'score': 'Avec une note de 8,5 8,5 Très bien 1 335 expériences vécues'}, {'name': 'Le LH CENTRE VILLE', 'price': '€ 90', 'score': 'Avec une note de 8,2 8,2 Très bien 33 expériences vécues'}, {'name': 'ibis Styles Le Havre Centre', 'price': '€ 89', 'score': 'Avec une note de 7,7 7,7 Bien 143 expériences vécues'}]"
rouen,99438300,49.4404591,1.0939658,stations,10000,1787754605,7200,2982652,Rouen,200,1.0936,49.4425,27.39,27.73,26.28,28.04,1010,49,1010,998,2.57,120,,100,FR,1787720559,1787770367,2.0,2003589.0,,804,Clouds,couvert,04d,"[{'name': 'ibis budget Rouen Centre Rive Gauche', 'price': '€ 75', 'score': 'Avec une note de 8,3 8,3 Très bien 4 519 expériences vécues'}, {'name': 'Radisson Blu Hotel, Rouen Centre', 'price': '€ 153', 'score': 'Avec une note de 8,9 8,9 Superbe 4 597 expériences vécues'}, {'name': 'Hyatt Place Rouen', 'price': '€ 159', 'score': 'Avec une note de 8,6 8,6 Superbe 2 079 expériences vécues'}, {'name': 'B&B HOTEL Rouen Centre', 'price': '€ 58', 'score': 'Avec une note de 6,8 6,8 Note 3 443 expériences vécues'}, {'name': 'ibis Rouen Centre Rive Droite Pasteur', 'price': '€ 101', 'score': 'Avec une note de 8,2 8,2 Très bien 1 557 expériences vécues'}, {'name': 'ibis Rouen Centre Champ de Mars', 'price': '€ 107', 'score': 'Avec une note de 8,2 8,2 Très bien 3 035 expériences vécues'}, {'name': 'Ibis Styles Rouen Centre Rive Gauche', 'price': '€ 109', 'score': 'Avec une note de 8,4 8,4 Très bien 1 487 expériences vécues'}, {'name': 'Ibis Rouen Centre Rive Gauche Mermoz', 'price': '€ 79', 'score': 'Avec une note de 7,8 7,8 Bien 1 641 expériences vécues'}, {'name': 'Novotel Rouen Centre Cathédrale', 'price': '€ 161', 'score': 'Avec une note de 8,5 8,5 Très bien 1 894 expériences vécues'}, {'name': 'Mercure Rouen Centre Cathédrale', 'price': '€ 144', 'score': 'Avec une note de 8,5 8,5 Très bien 3 314 expériences vécues'}, {'name': 'KYRIAD ROUEN SUD - Sotteville les Rouen', 'price': '€ 70', 'score': 'Avec une note de 8,0 8,0 Très bien 2 578 expériences vécues'}, {'name': 'Holiday Inn Express Rouen by IHG', 'price': '€ 96', 'score': 'Avec une note de 8,4 8,4 Très bien 1 537 expériences vécues'}, {'name': 'Quality Aparthotel Rouen', 'price': '€ 126', 'score': 'Avec une note de 8,7 8,7 Superbe 850 expériences vécues'}, {'name': 'Grand Hôtel De La Seine', 'price': '€ 88', 'score': 'Avec une note de 7,9 7,9 Bien 1 943 expériences vécues'}, {'name': 'Studios - Appartements Le Médicis', 'price': '€ 112', 'score': 'Avec une note de 8,8 8,8 Superbe 19 expériences vécues'}, {'name': 'Novotel Suites Rouen Normandie', 'price': '€ 144', 'score': 'Avec une note de 8,5 8,5 Très bien 1 391 expériences vécues'}, {'name': 'Studios Le Médicis', 'price': '€ 54', 'score': 'Avec une note de 8,2 8,2 Très bien 1 020 expériences vécues'}, {'name': 'Hôtel Rouen Alba', 'price': '€ 67', 'score': 'Avec une note de 7,2 7,2 Bien 1 036 expériences vécues'}, {'name': 'Flaubert appartement avec parking idéal au cœur du centre-ville', 'price': '€ 105', 'score': 'Avec une note de 7,3 7,3 Bien 41 expériences vécues'}, {'name': 'Best Western Plus Hotel de Dieppe 1880', 'price': '€ 149', 'score': 'Avec une note de 8,8 8,8 Superbe 875 expériences vécues'}, {'name': 'Hôtel De La Cathédrale', 'price': '€ 88', 'score': 'Avec une note de 7,8 7,8 Bien 1 964 expériences vécues'}, {'name': ""Hôtel d'Angleterre Rouen Centre Gare"", 'price': '€ 79', 'score': 'Avec une note de 6,5 6,5 Note 761 expériences vécues'}, {'name': 'Renard - confort et cosy', 'price': '€ 85', 'score': 'Avec une note de 8,7 8,7 Superbe 200 expériences vécues'}, {'name': 'Le Bain Rouennais', 'price': '€ 78', 'score': 'Avec une note de 7,2 7,2 Bien 24 expériences vécues'}, {'name': 'Le Coignebert', 'price': '€ 101', 'score': 'Avec une note de 9,4 9,4 Fabuleux 10 expériences vécues'}]"
paris,98228179,48.8534951,2.3483915,stations,10000,1787754448,7200,2968815,Paris,200,2.3486,48.8534,28.67,28.72,27.88,30.06,1012,45,1012,1002,3.6,180,,100,FR,1787720324,1787770000,2.0,2012208.0,,804,Clouds,couvert,04d,"[{'name': 'Hotel Trianon Rive Gauche', 'price': '€ 264', 'score': 'Avec une note de 8,3 8,3 Très bien 3 632 expériences vécues'}, {'name': 'Ibis Styles Paris Batignolles', 'price': '€ 114', 'score': 'Avec une note de 8,3 8,3 Très bien 3 225 expériences vécues'}, {'name': 'Hilton Paris Opera', 'price': '€ 352', 'score': 'Avec une note de 7,5 7,5 Bien 667 expériences vécues'}, {'name': 'Belleville 1 Bedroom Apartment Near Père Lachaise', 'price': '€ 218', 'score': None}, {'name': 'Mercure Tour Eiffel Grenelle', 'price': '€ 177', 'score': 'Avec une note de 8,2 8,2 Très bien 1 082 expériences vécues'}, {'name': 'Hôtel Botaniste', 'price': '€ 157', 'score': 'Avec une note de 8,6 8,6 Superbe 953 expériences vécues'}, {'name': 'ibis Styles Paris Cadet Lafayette', 'price': '€ 130', 'score': 'Avec une note de 8,4 8,4 Très bien 1 001 expériences vécues'}, {'name': 'Hilton Garden Inn Paris La Villette', 'price': '€ 137', 'score': 'Avec une note de 8,4 8,4 Très bien 866 expériences vécues'}, {'name': 'Moxy Paris Bastille', 'price': '€ 163', 'score': 'Avec une note de 8,0 8,0 Très bien 770 expériences vécues'}, {'name': 'HotelF1 Paris Saint Ouen Marché Aux Puces', 'price': '€ 48', 'score': 'Avec une note de 6,0 6,0 Note 17 009 expériences vécues'}, {'name': 'Courtyard by Marriott Paris Gare de Lyon', 'price': '€ 256', 'score': 'Avec une note de 8,3 8,3 Très bien 1 045 expériences vécues'}, {'name': 'Pullman Paris Tour Eiffel', 'price': '€ 467', 'score': 'Avec une note de 8,1 8,1 Très bien 5 087 expériences vécues'}, {'name': ""Novotel Paris 14 Porte d'Orléans"", 'price': '€ 160', 'score': 'Avec une note de 8,2 8,2 Très bien 3 984 expériences vécues'}, {'name': 'Campanile Prime Paris 19 - La Villette', 'price': '€ 88', 'score': 'Avec une note de 8,2 8,2 Très bien 6 506 expériences vécues'}, {'name': 'Mercure Paris Montparnasse Raspail', 'price': '€ 157', 'score': 'Avec une note de 8,0 8,0 Très bien 644 expériences vécues'}, {'name': 'Holiday Inn Paris - Gare de Lyon Bastille by IHG', 'price': '€ 211', 'score': 'Avec une note de 8,4 8,4 Très bien 1 648 expériences vécues'}, {'name': ""Ibis Styles Paris Place d'Italie - Butte Aux Cailles"", 'price': '€ 119', 'score': 'Avec une note de 8,3 8,3 Très bien 3 549 expériences vécues'}, {'name': 'Hotel Mademoiselle', 'price': '€ 159', 'score': 'Avec une note de 8,3 8,3 Très bien 766 expériences vécues'}, {'name': 'Hotel Mercure La Sorbonne Saint-Germain-des-Prés', 'price': '€ 269', 'score': 'Avec une note de 8,7 8,7 Superbe 351 expériences vécues'}, {'name': 'Bradford Elysées - Astotel', 'price': '€ 213', 'score': 'Avec une note de 9,1 9,1 Fabuleux 1 104 expériences vécues'}, {'name': 'Hotel Faubourg Galant Paris - Handwritten Collection', 'price': '€ 290', 'score': 'Avec une note de 9,0 9,0 Fabuleux 462 expériences vécues'}, {'name': 'ibis Paris Gare de Lyon Diderot', 'price': '€ 140', 'score': 'Avec une note de 8,3 8,3 Très bien 2 692 expériences vécues'}, {'name': 'Ibis Styles Paris Gare Saint Lazare', 'price': '€ 151', 'score': 'Avec une note de 8,1 8,1 Très bien 1 415 expériences vécues'}, {'name': 'Mama Shelter Paris East', 'price': '€ 142', 'score': 'Avec une note de 8,5 8,5 Très bien 1 880 expériences vécues'}, {'name': 'ibis Paris Bastille Opera', 'price': '€ 134', 'score': 'Avec une note de 8,0 8,0 Très bien 3 531 expériences vécues'}]"
amiens,99155202,49.8941708,2.2956951,stations,10000,1787754676,7200,3037854,Amiens,200,2.2957,49.8942,28.09,27.96,28.09,28.09,1012,43,1012,1001,2.45,170,3.17,99,FR,1787720218,1787770131,,,,804,Clouds,couvert,04d,"[{'name': 'Ibis Budget Amiens Centre Gare', 'price': '€ 62', 'score': 'Avec une note de 8,3 8,3 Très bien 3 289 expériences vécues'}, {'name': 'ibis Styles Amiens Sud', 'price': '€ 130', 'score': 'Avec une note de 8,5 8,5 Très bien 5 106 expériences vécues'}, {'name': 'Holiday Inn Express Amiens by IHG', 'price': '€ 105', 'score': 'Avec une note de 7,9 7,9 Bien 3 474 expériences vécues'}, {'name': 'Première Classe Amiens', 'price': '€ 36', 'score': 'Avec une note de 6,4 6,4 Note 1 856 expériences vécues'}, {'name': 'ibis Styles Amiens Centre', 'price': '€ 119', 'score': 'Avec une note de 8,6 8,6 Superbe 1 522 expériences vécues'}, {'name': 'Mercure Amiens Cathédrale', 'price': '€ 147', 'score': 'Avec une note de 8,3 8,3 Très bien 1 762 expériences vécues'}, {'name': 'Comfort Hotel Amiens Nord', 'price': '€ 57', 'score': 'Avec une note de 7,3 7,3 Bien 2 139 expériences vécues'}, {'name': ""Appart'City Confort Amiens Gare"", 'price': '€ 69', 'score': 'Avec une note de 7,8 7,8 Bien 2 323 expériences vécues'}, {'name': 'Moxy Amiens', 'price': '€ 92', 'score': 'Avec une note de 8,4 8,4 Très bien 1 853 expériences vécues'}, {'name': 'B&B HOTEL Amiens Sud', 'price': '€ 85', 'score': 'Avec une note de 8,4 8,4 Très bien 76 expériences vécues'}, {'name': 'You Hotel Amiens - Handwritten Collection', 'price': '€ 144', 'score': 'Avec une note de 8,9 8,9 Superbe 186 expériences vécues'}, {'name': 'Le Saint Louis', 'price': '€ 76', 'score': 'Avec une note de 8,2 8,2 Très bien 1 239 expériences vécues'}, {'name': 'Hotel Le Prieuré et La Résidence', 'price': '€ 117', 'score': 'Avec une note de 8,4 8,4 Très bien 1 258 expériences vécues'}, {'name': 'B&B HOTEL Amiens Centre Cathédrale', 'price': '€ 75', 'score': 'Avec une note de 8,2 8,2 Très bien 2 460 expériences vécues'}, {'name': 'Hôtel De Normandie', 'price': '€ 52', 'score': 'Avec une note de 7,1 7,1 Bien 586 expériences vécues'}, {'name': 'La ContrEscarpe - Studios de DEPANNAGE - Secteur GARE CENTRE', 'price': '€ 53', 'score': 'Avec une note de 6,3 6,3 Note 40 expériences vécues'}, {'name': 'Manifique T1 centre ville Saint-Leu 2 pers WIFI', 'price': '€ 66', 'score': 'Avec une note de 7,4 7,4 Bien 89 expériences vécues'}, {'name': 'Nemea Appart Hotel Coliseum Amiens Centre', 'price': '€ 64', 'score': 'Avec une note de 8,4 8,4 Très bien 1 614 expériences vécues'}, {'name': ""Grand Hotel de L'Univers"", 'price': '€ 90', 'score': 'Avec une note de 7,9 7,9 Bien 1 110 expériences vécues'}, {'name': 'Maison Calme Terrasse et Jardin Vue Forêt', 'price': '€ 132', 'score': 'Avec une note de 9,1 9,1 Fabuleux 40 expériences vécues'}, {'name': 'La maison magique des sorciers', 'price': '€ 162', 'score': 'Avec une note de 10 10 Exceptionnel 20 expériences vécues'}, {'name': ""L 'escapade amiénoise 4"", 'price': '€ 41', 'score': 'Avec une note de 7,5 7,5 Bien 73 expériences vécues'}, {'name': 'Hôtel Central Anzac Amiens Gare', 'price': '€ 61', 'score': 'Avec une note de 7,1 7,1 Bien 1 409 expériences vécues'}, {'name': ""Appt 3 à deux pas de la gare d'Amiens"", 'price': '€ 55', 'score': 'Avec une note de 6,2 6,2 Note 202 expériences vécues'}, {'name': 'Vue Cathedrale, Elegance & Lumière à Amiens', 'price': '€ 154', 'score': 'Avec une note de 7,6 7,6 Bien 18 expériences vécues'}]"
lille,101870667,50.6365654,3.0635282,stations,10000,1787754882,7200,6454414,Lille,200,3.0635,50.6366,28.67,29.47,28.11,29.94,1012,52,1012,1008,2.06,180,,95,FR,1787719945,1787770035,2.0,2011132.0,,804,Clouds,couvert,04d,"[{'name': 'Residence Inn by Marriott Lille', 'price': '€ 236', 'score': 'Avec une note de 8,7 8,7 Superbe 460 expériences vécues'}, {'name': 'OKKO Hotels Lille Centre', 'price': '€ 182', 'score': 'Avec une note de 8,7 8,7 Superbe 3 723 expériences vécues'}, {'name': 'Mama Shelter Lille', 'price': '€ 189', 'score': 'Avec une note de 8,2 8,2 Très bien 2 387 expériences vécues'}, {'name': 'Moxy Lille City', 'price': '€ 104', 'score': 'Avec une note de 8,2 8,2 Très bien 4 173 expériences vécues'}, {'name': 'Grand Hotel Bellevue - Grand Place', 'price': '€ 219', 'score': 'Avec une note de 8,5 8,5 Très bien 3 233 expériences vécues'}, {'name': 'Hotel Lille Europe', 'price': '€ 143', 'score': 'Avec une note de 8,1 8,1 Très bien 6 925 expériences vécues'}, {'name': 'Ibis Budget Lille Gares Vieux-Lille', 'price': '€ 59', 'score': 'Avec une note de 7,2 7,2 Bien 3 312 expériences vécues'}, {'name': 'Appartements de Louise', 'price': '€ 159', 'score': 'Avec une note de 8,8 8,8 Superbe 264 expériences vécues'}, {'name': 'Séjours & Affaires Lille Europe', 'price': '€ 74', 'score': 'Avec une note de 7,0 7,0 Bien 3 061 expériences vécues'}, {'name': ""Hotel L'Arbre Voyageur - LILLE"", 'price': '€ 227', 'score': 'Avec une note de 8,9 8,9 Superbe 1 313 expériences vécues'}, {'name': 'Hilton Lille', 'price': '€ 190', 'score': 'Avec une note de 8,2 8,2 Très bien 1 254 expériences vécues'}, {'name': 'B&B HOTEL Lille Centre Grand Palais', 'price': '€ 78', 'score': 'Avec une note de 8,0 8,0 Très bien 4 147 expériences vécues'}, {'name': 'Hotel Chagnot', 'price': '€ 86', 'score': 'Avec une note de 8,1 8,1 Très bien 4 219 expériences vécues'}, {'name': 'Lille City Hotel', 'price': '€ 80', 'score': 'Avec une note de 7,2 7,2 Bien 4 248 expériences vécues'}, {'name': 'B&B HOTEL Lille Lillenium Eurasanté', 'price': '€ 69', 'score': 'Avec une note de 8,5 8,5 Très bien 3 604 expériences vécues'}, {'name': 'HOTEL AMBASSADEUR', 'price': '€ 80', 'score': 'Avec une note de 7,8 7,8 Bien 3 223 expériences vécues'}, {'name': 'ibis Lille Centre Gares', 'price': '€ 106', 'score': 'Avec une note de 7,9 7,9 Bien 1 994 expériences vécues'}, {'name': 'Novotel Suites Lille Europe', 'price': '€ 169', 'score': 'Avec une note de 7,9 7,9 Bien 2 136 expériences vécues'}, {'name': 'Hotel & Spa Oceania Lille Les Augustins', 'price': '€ 216', 'score': 'Avec une note de 8,6 8,6 Superbe 1 058 expériences vécues'}, {'name': 'Eklo Hotels Lille', 'price': '€ 56', 'score': 'Avec une note de 7,7 7,7 Bien 3 067 expériences vécues'}, {'name': 'ibis Styles Lille Centre Gare Beffroi', 'price': '€ 91', 'score': 'Avec une note de 7,9 7,9 Bien 3 570 expériences vécues'}, {'name': ""Appart'City Confort Lille Grand Palais"", 'price': '€ 94', 'score': 'Avec une note de 7,7 7,7 Bien 3 383 expériences vécues'}, {'name': ""Montempô Appart'hôtel Lille Gares"", 'price': '€ 69', 'score': 'Avec une note de 8,6 8,6 Superbe 253 expériences vécues'}, {'name': 'Campanile Lille Sud - CHR', 'price': '€ 71', 'score': 'Avec une note de 7,3 7,3 Bien 2 411 expériences vécues'}, {'name': ""Domitys L'Agapanthe"", 'price': '€ 103', 'score': 'Avec une note de 8,3 8,3 Très bien 2 091 expériences vécues'}]"
strasbourg,120975157,48.584614,7.7507127,stations,10000,1787754608,7200,2973781,Strasbourg,200,7.7505,48.5776,27.04,27.45,27.03,28.51,1014,50,1014,997,2.06,110,,52,FR,1787719056,1787768675,1.0,6595.0,,803,Clouds,nuageux,04d,"[{'name': 'Hôtel Restaurant Athena Spa', 'price': '€ 111', 'score': 'Avec une note de 8,7 8,7 Superbe 3 869 expériences vécues'}, {'name': 'Ibis Budget Strasbourg Centre Gare', 'price': '€ 97', 'score': 'Avec une note de 7,9 7,9 Bien 4 122 expériences vécues'}, {'name': 'Residence Inn by Marriott Strasbourg', 'price': '€ 145', 'score': 'Avec une note de 8,9 8,9 Superbe 3 526 expériences vécues'}, {'name': 'The People - Strasbourg', 'price': '€ 210', 'score': 'Avec une note de 7,9 7,9 Bien 5 544 expériences vécues'}, {'name': 'City Residence Access Strasbourg', 'price': '€ 81', 'score': 'Avec une note de 7,1 7,1 Bien 6 191 expériences vécues'}, {'name': 'ibis Strasbourg Centre Historique', 'price': '€ 93', 'score': 'Avec une note de 7,2 7,2 Bien 4 108 expériences vécues'}, {'name': 'Hotel Strasbourg Montagne Verte & Restaurant - Free Parking', 'price': '€ 82', 'score': 'Avec une note de 8,4 8,4 Très bien 10 303 expériences vécues'}, {'name': 'Novotel Strasbourg Centre Halles', 'price': '€ 130', 'score': 'Avec une note de 7,8 7,8 Bien 2 098 expériences vécues'}, {'name': 'voco Strasbourg Centre - The Garden by IHG', 'price': '€ 130', 'score': 'Avec une note de 8,5 8,5 Très bien 4 528 expériences vécues'}, {'name': 'Hôtel Arc-en-Ciel', 'price': '€ 51', 'score': 'Avec une note de 6,5 6,5 Note 227 expériences vécues'}, {'name': 'Le Grand Hotel By Stay Collection', 'price': '€ 123', 'score': 'Avec une note de 8,6 8,6 Superbe 7 236 expériences vécues'}, {'name': 'ibis Styles Strasbourg Avenue du Rhin', 'price': '€ 115', 'score': 'Avec une note de 8,2 8,2 Très bien 2 838 expériences vécues'}, {'name': 'ibis Styles Strasbourg Stade de la Meinau', 'price': '€ 99', 'score': 'Avec une note de 7,9 7,9 Bien 2 574 expériences vécues'}, {'name': 'ibis Strasbourg Centre Petite France', 'price': '€ 96', 'score': 'Avec une note de 7,8 7,8 Bien 2 878 expériences vécues'}, {'name': 'Citadines Eurometropole Strasbourg - Restaurant & SPA', 'price': '€ 119', 'score': 'Avec une note de 8,5 8,5 Très bien 6 729 expériences vécues'}, {'name': ""hotelF1 Strasbourg Pont de l'Europe"", 'price': '€ 48', 'score': 'Avec une note de 5,7 5,7 Note 1 978 expériences vécues'}, {'name': 'K Hotel', 'price': '€ 86', 'score': 'Avec une note de 8,6 8,6 Superbe 3 691 expériences vécues'}, {'name': 'ibis Strasbourg Centre Gare', 'price': '€ 100', 'score': 'Avec une note de 8,3 8,3 Très bien 1 693 expériences vécues'}, {'name': 'Premiere Classe Strasbourg Ouest', 'price': '€ 58', 'score': 'Avec une note de 6,3 6,3 Note 4 229 expériences vécues'}, {'name': 'Ibis Styles Strasbourg Centre République', 'price': '€ 131', 'score': 'Avec une note de 8,9 8,9 Superbe 1 772 expériences vécues'}, {'name': 'City Résidence Strasbourg Centre', 'price': '€ 93', 'score': 'Avec une note de 7,8 7,8 Bien 6 020 expériences vécues'}, {'name': 'Kyriad Direct Strasbourg Ouest - Zénith', 'price': '€ 61', 'score': 'Avec une note de 7,6 7,6 Bien 2 229 expériences vécues'}, {'name': 'Hilton Strasbourg', 'price': '€ 115', 'score': 'Avec une note de 7,9 7,9 Bien 2 342 expériences vécues'}, {'name': 'ibis Styles Strasbourg Centre Petite France', 'price': '€ 139', 'score': 'Avec une note de 8,0 8,0 Très bien 1 359 expériences vécues'}, {'name': 'Holiday Inn Express Strasbourg Centre by IHG', 'price': '€ 126', 'score': 'Avec une note de 8,0 8,0 Très bien 6 010 expériences vécues'}]"
chateau du haut koenigsbourg,121042783,48.249382,7.3439412,stations,10000,1787754895,7200,6441605,Saint-Hippolyte,200,7.3439,48.2494,22.9,22.73,22.9,23.44,1014,57,1014,967,2.57,80,,99,FR,1787719190,1787768736,1.0,6482.0,,804,Clouds,couvert,04d,"[{'name': ""Maison Kieffer - Hotel & Vins d'Alsace"", 'price': '€ 105', 'score': 'Avec une note de 9,5 9,5 Exceptionnel 717 expériences vécues'}, {'name': 'Paisible logement tout équipé pour 1 à 6 personnes', 'price': '€ 109', 'score': 'Avec une note de 9,6 9,6 Exceptionnel 175 expériences vécues'}, {'name': 'Au Fief du Château', 'price': '€ 84', 'score': 'Avec une note de 9,2 9,2 Fabuleux 399 expériences vécues'}, {'name': 'Logis Hotel Le Parc & Spa', 'price': '€ 262', 'score': 'Avec une note de 8,8 8,8 Superbe 1 636 expériences vécues'}, {'name': 'Gîte Meyer-Liss', 'price': '€ 75', 'score': 'Avec une note de 8,7 8,7 Superbe 281 expériences vécues'}, {'name': 'Logis Hôtel de la Tour', 'price': '€ 161', 'score': 'Avec une note de 8,7 8,7 Superbe 1 359 expériences vécues'}, {'name': 'Hotel Restaurant Faller Emmebuckel', 'price': '€ 87', 'score': 'Avec une note de 9,0 9,0 Fabuleux 251 expériences vécues'}, {'name': 'Hotel KLE, BW Signature Collection', 'price': '€ 126', 'score': 'Avec une note de 8,9 8,9 Superbe 1 146 expériences vécues'}, {'name': 'Hôtel Val-Vignes Colmar Haut-Koenigsbourg, The Originals Relais', 'price': '€ 122', 'score': 'Avec une note de 8,5 8,5 Très bien 1 827 expériences vécues'}, {'name': 'La Cour du Bailli Suites & Spa', 'price': '€ 121', 'score': 'Avec une note de 8,4 8,4 Très bien 1 594 expériences vécues'}, {'name': 'La Bonne Franquette', 'price': '€ 105', 'score': 'Avec une note de 8,3 8,3 Très bien 220 expériences vécues'}, {'name': 'La ferme des Colieuvres', 'price': '€ 139', 'score': 'Avec une note de 8,9 8,9 Superbe 103 expériences vécues'}, {'name': 'La Cour de Mamama Appartement 5 Climatisé', 'price': '€ 144', 'score': 'Avec une note de 9,6 9,6 Exceptionnel 26 expériences vécues'}, {'name': 'Hôtel Le Mittelwihr', 'price': '€ 115', 'score': 'Avec une note de 8,8 8,8 Superbe 1 515 expériences vécues'}, {'name': 'Chambre Le Hupsa Pfannala', 'price': '€ 109', 'score': 'Avec une note de 8,9 8,9 Superbe 423 expériences vécues'}, {'name': 'Hôtel Arnold', 'price': '€ 219', 'score': 'Avec une note de 8,6 8,6 Superbe 599 expériences vécues'}, {'name': 'Hotel Restaurant Au Parc des Cigognes', 'price': '€ 100', 'score': 'Avec une note de 8,6 8,6 Superbe 1 139 expériences vécues'}, {'name': ""Gîte l'Oiseau du Paradis - Appartement moderne au cœur de l'Alsace"", 'price': '€ 170', 'score': 'Avec une note de 9,2 9,2 Fabuleux 21 expériences vécues'}, {'name': 'L’Échappée Verte', 'price': '€ 131', 'score': 'Avec une note de 9,0 9,0 Fabuleux 147 expériences vécues'}, {'name': 'B&B HOTEL Sélestat Centre-Alsace', 'price': '€ 94', 'score': 'Avec une note de 8,5 8,5 Très bien 1 830 expériences vécues'}, {'name': 'Hôtel le Saint Nicolas', 'price': '€ 122', 'score': 'Avec une note de 8,4 8,4 Très bien 1 317 expériences vécues'}, {'name': 'Ibis Budget Sélestat', 'price': '€ 75', 'score': 'Avec une note de 7,9 7,9 Bien 2 121 expériences vécues'}, {'name': ""Hotel à l'Oriel"", 'price': '€ 169', 'score': 'Avec une note de 8,7 8,7 Superbe 1 858 expériences vécues'}, {'name': 'Hotel Les Remparts', 'price': '€ 130', 'score': 'Avec une note de 8,7 8,7 Superbe 823 expériences vécues'}, {'name': 'Hotel Le Mandelberg', 'price': '€ 120', 'score': 'Avec une note de 8,9 8,9 Superbe 956 expériences vécues'}]"
colmar,119771663,48.0777517,7.3579641,stations,10000,1787754632,7200,3024297,Colmar,200,7.3559,48.0812,26.14,26.14,25.93,27.84,1014,59,1014,973,3.8,11,6.9,96,FR,1787719205,1787768715,1.0,6482.0,,804,Clouds,couvert,04d,"[{'name': 'Résidence Pierre & Vacances La Petite Venise', 'price': '€ 106', 'score': 'Avec une note de 8,6 8,6 Superbe 2 504 expériences vécues'}, {'name': 'Hôtel Maison Turenne', 'price': '€ 171', 'score': 'Avec une note de 8,7 8,7 Superbe 5 214 expériences vécues'}, {'name': 'Novotel Suites Colmar Centre', 'price': '€ 247', 'score': 'Avec une note de 8,9 8,9 Superbe 2 334 expériences vécues'}, {'name': 'ibis Budget Colmar Centre Gare', 'price': '€ 118', 'score': 'Avec une note de 7,2 7,2 Bien 5 980 expériences vécues'}, {'name': ""Cit'Hotel Primo Colmar Centre"", 'price': '€ 85', 'score': 'Avec une note de 7,0 7,0 Bien 885 expériences vécues'}, {'name': 'B&B HOTEL Colmar Lumière', 'price': '€ 79', 'score': 'Avec une note de 7,9 7,9 Bien 4 762 expériences vécues'}, {'name': ""Hotel L'Europe Colmar, BW Signature Collection"", 'price': '€ 170', 'score': 'Avec une note de 8,6 8,6 Superbe 5 350 expériences vécues'}, {'name': ""Appart'hôtel Odalys City - Colmar Centre"", 'price': '€ 201', 'score': 'Avec une note de 8,2 8,2 Très bien 5 801 expériences vécues'}, {'name': 'Logis Hotel Saint-Martin', 'price': '€ 188', 'score': 'Avec une note de 8,4 8,4 Très bien 4 623 expériences vécues'}, {'name': 'ibis Colmar Est - Hotel Restaurant en Alsace', 'price': '€ 109', 'score': 'Avec une note de 7,5 7,5 Bien 4 802 expériences vécues'}, {'name': 'Hotel Le Colombier', 'price': '€ 272', 'score': 'Avec une note de 8,9 8,9 Superbe 2 991 expériences vécues'}, {'name': 'Ibis Styles Colmar Centre', 'price': '€ 202', 'score': 'Avec une note de 8,5 8,5 Très bien 1 473 expériences vécues'}, {'name': 'Mercure Colmar Centre Unterlinden', 'price': '€ 184', 'score': 'Avec une note de 8,4 8,4 Très bien 1 789 expériences vécues'}, {'name': 'Large Private Room Near Colmar Center with Free Public Parking', 'price': '€ 109', 'score': 'Avec une note de 9,2 9,2 Fabuleux 55 expériences vécues'}, {'name': 'Ibis Styles Colmar Nord', 'price': '€ 149', 'score': 'Avec une note de 8,2 8,2 Très bien 2 552 expériences vécues'}, {'name': ""L'Esquisse Hotel & Spa Colmar - MGallery Collection"", 'price': '€ 510', 'score': 'Avec une note de 9,2 9,2 Fabuleux 1 433 expériences vécues'}, {'name': 'Unisotel Colmar Parc Des Exposition EX F1', 'price': '€ 47', 'score': 'Avec une note de 4,4 4,4 Note 1 895 expériences vécues'}, {'name': 'B&B HOTEL Colmar Expo', 'price': '€ 83', 'score': 'Avec une note de 8,2 8,2 Très bien 3 296 expériences vécues'}, {'name': 'Hôtel Quatorze', 'price': '€ 174', 'score': 'Avec une note de 8,4 8,4 Très bien 1 565 expériences vécues'}, {'name': 'Best Western Colmar Expo', 'price': '€ 99', 'score': 'Avec une note de 8,6 8,6 Superbe 4 207 expériences vécues'}, {'name': 'Campanile NATURE - Colmar Parc des Exposition', 'price': '€ 113', 'score': 'Avec une note de 8,0 8,0 Très bien 589 expériences vécues'}, {'name': 'Chez Tiina', 'price': '€ 68', 'score': 'Avec une note de 9,1 9,1 Fabuleux 8 expériences vécues'}, {'name': 'The Originals City, Hôtel Colmar Gare', 'price': '€ 97', 'score': 'Avec une note de 7,6 7,6 Bien 2 822 expériences vécues'}, {'name': 'James Boutique Hôtel Colmar centre', 'price': '€ 257', 'score': 'Avec une note de 9,0 9,0 Fabuleux 2 654 expériences vécues'}, {'name': 'Grand Hôtel Bristol By Stay Collection', 'price': '€ 171', 'score': 'Avec une note de 8,0 8,0 Très bien 3 262 expériences vécues'}]"
eguisheim,121083240,48.0447968,7.3079618,stations,10000,1787754898,7200,3020324,Eguisheim,200,7.308,48.0448,26.72,27.74,26.44,28.51,1014,60,1014,970,3.4,42,9.2,95,FR,1787719221,1787768723,5.0,50014460.0,,804,Clouds,couvert,04d,"[{'name': 'Hotel SPA Restaurant Husseren Collections - Proche Colmar - Eguisheim', 'price': '€ 261', 'score': 'Avec une note de 8,9 8,9 Superbe 6 610 expériences vécues'}, {'name': 'The Originals Boutique, Hôtel La Ferme du Pape, Eguisheim', 'price': '€ 116', 'score': 'Avec une note de 8,1 8,1 Très bien 2 383 expériences vécues'}, {'name': 'Auberge du Rempart', 'price': '€ 135', 'score': 'Avec une note de 8,9 8,9 Superbe 664 expériences vécues'}, {'name': ""Hôtel L'Auberge Alsacienne"", 'price': '€ 152', 'score': 'Avec une note de 8,7 8,7 Superbe 1 148 expériences vécues'}, {'name': 'James Vignoble Hôtel, Eguisheim', 'price': '€ 263', 'score': 'Avec une note de 8,9 8,9 Superbe 2 029 expériences vécues'}, {'name': ""La Grange du Pape - Annexe de l'Hôtel La Ferme du Pape"", 'price': '€ 99', 'score': 'Avec une note de 7,7 7,7 Bien 455 expériences vécues'}, {'name': ""Chabi Chalet Gîte au coeur d'Eguisheim"", 'price': '€ 219', 'score': 'Avec une note de 9,1 9,1 Fabuleux 117 expériences vécues'}, {'name': ""Gite Traditionnel au Centre Historique d'Éguisheim"", 'price': '€ 149', 'score': 'Avec une note de 9,1 9,1 Fabuleux 59 expériences vécues'}, {'name': 'Les Appartements Husseren Collections - Proche Colmar - Eguisheim', 'price': '€ 210', 'score': 'Avec une note de 9,0 9,0 Fabuleux 214 expériences vécues'}, {'name': 'Logis Hôtel Restaurant & Spa au Soleil', 'price': '€ 157', 'score': 'Avec une note de 8,7 8,7 Superbe 24 expériences vécues'}, {'name': 'Hôtel Terra Vinum', 'price': '€ 169', 'score': 'Avec une note de 9,1 9,1 Fabuleux 1 176 expériences vécues'}, {'name': 'Studio Les Deux Grenouilles 5mn de Colmar', 'price': '€ 107', 'score': 'Avec une note de 9,5 9,5 Exceptionnel 38 expériences vécues'}, {'name': 'Logis Hôtel Restaurant La Palette', 'price': '€ 97', 'score': 'Avec une note de 7,9 7,9 Bien 126 expériences vécues'}, {'name': 'Résidence Pierre & Vacances La Petite Venise', 'price': '€ 106', 'score': 'Avec une note de 8,6 8,6 Superbe 2 504 expériences vécues'}, {'name': 'B&B HOTEL Colmar Vignobles Ouest', 'price': '€ 73', 'score': 'Avec une note de 7,6 7,6 Bien 2 224 expériences vécues'}, {'name': 'Les Jardins de Colmar', 'price': '€ 104', 'score': 'Avec une note de 9,5 9,5 Exceptionnel 6 expériences vécues'}, {'name': 'La Maison des Manalas', 'price': '€ 108', 'score': 'Avec une note de 10 10 Exceptionnel 2 expériences vécues'}, {'name': 'CHATEAU R', 'price': '€ 237', 'score': 'Avec une note de 8,6 8,6 Superbe 84 expériences vécues'}, {'name': 'Gîtes rénovés avec goût au coeur du vignoble, route des vins, Alsace, Gueberschwihr', 'price': '€ 132', 'score': 'Avec une note de 9,5 9,5 Exceptionnel 30 expériences vécues'}, {'name': ""Chambres Suite d'Hôte Divine Providence"", 'price': '€ 142', 'score': 'Avec une note de 9,3 9,3 Fabuleux 197 expériences vécues'}, {'name': 'Les Portes de la Vallee', 'price': '€ 152', 'score': 'Avec une note de 8,6 8,6 Superbe 114 expériences vécues'}, {'name': 'Grand Hôtel Bristol By Stay Collection', 'price': '€ 171', 'score': 'Avec une note de 8,0 8,0 Très bien 3 262 expériences vécues'}, {'name': 'Greet Hotel Colmar', 'price': '€ 139', 'score': 'Avec une note de 8,2 8,2 Très bien 3 144 expériences vécues'}, {'name': 'Gîte de la Petite Porte', 'price': '€ 149', 'score': 'Avec une note de 9,2 9,2 Fabuleux 6 expériences vécues'}, {'name': 'F1 avec Terrasse, 5 min de Colmar, vignoble et free parking', 'price': '€ 90', 'score': 'Avec une note de 7,7 7,7 Bien 169 expériences vécues'}]"
besancon,92178036,47.2380222,6.0243622,stations,10000,1787754628,7200,3033123,Besançon,200,6.0199,47.2443,29.22,30.35,29.14,30.95,1012,53,1012,973,1.65,357,1.74,100,FR,1787719615,1787768947,5.0,50014141.0,,804,Clouds,couvert,04d,"[{'name': 'ibis Styles Besançon', 'price': '€ 106', 'score': 'Avec une note de 7,8 7,8 Bien 5 297 expériences vécues'}, {'name': 'Premiere Classe Besancon Ecole Valentin', 'price': '€ 40', 'score': 'Avec une note de 6,9 6,9 Note 2 053 expériences vécues'}, {'name': 'Comfort Aparthotel Besancon La City', 'price': '€ 72', 'score': 'Avec une note de 7,8 7,8 Bien 2 030 expériences vécues'}, {'name': 'ibis budget Besançon Centre Gare', 'price': '€ 74', 'score': 'Avec une note de 7,7 7,7 Bien 2 325 expériences vécues'}, {'name': 'B&B HOTEL Besançon Valentin', 'price': '€ 88', 'score': 'Avec une note de 8,4 8,4 Très bien 2 821 expériences vécues'}, {'name': 'ibis budget Besançon Ecole Valentin', 'price': '€ 48', 'score': 'Avec une note de 6,2 6,2 Note 1 437 expériences vécues'}, {'name': 'Temis hôtel Besançon', 'price': '€ 63', 'score': 'Avec une note de 8,1 8,1 Très bien 2 376 expériences vécues'}, {'name': 'Hôtel Restaurant Spa Le Sauvage', 'price': '€ 153', 'score': 'Avec une note de 8,6 8,6 Superbe 1 228 expériences vécues'}, {'name': 'Best Western Citadelle', 'price': '€ 109', 'score': 'Avec une note de 8,1 8,1 Très bien 2 069 expériences vécues'}, {'name': 'B&B HOTEL Besançon Chateaufarine', 'price': '€ 73', 'score': 'Avec une note de 7,8 7,8 Bien 1 720 expériences vécues'}, {'name': 'hotelF1 Besancon Ouest Micropolis', 'price': '€ 34', 'score': 'Avec une note de 4,4 4,4 Note 821 expériences vécues'}, {'name': 'Hôtel AKENA Besançon', 'price': '€ 87', 'score': 'Avec une note de 8,7 8,7 Superbe 2 498 expériences vécues'}, {'name': 'ibis Besançon Centre la City', 'price': '€ 91', 'score': 'Avec une note de 7,9 7,9 Bien 2 344 expériences vécues'}, {'name': 'Campanile NATURE - Besançon Ouest Chateaufarine', 'price': '€ 78', 'score': 'Avec une note de 7,8 7,8 Bien 328 expériences vécues'}, {'name': 'ibis Besançon Centre Ville', 'price': '€ 103', 'score': 'Avec une note de 8,3 8,3 Très bien 1 062 expériences vécues'}, {'name': 'Hôtel Siatel Besançon Chateaufarine', 'price': '€ 64', 'score': 'Avec une note de 7,6 7,6 Bien 789 expériences vécues'}, {'name': 'Maison rénové 10 prsn Parking privée & Balcon Proche Gare-Viotte', 'price': '€ 220', 'score': 'Avec une note de 8,3 8,3 Très bien 26 expériences vécues'}, {'name': 'Comfort Aparthotel Besancon Hauts du Chazal', 'price': '€ 78', 'score': 'Avec une note de 7,9 7,9 Bien 1 861 expériences vécues'}, {'name': 'Ethic Etapes CIS de Besançon', 'price': '€ 51', 'score': 'Avec une note de 7,5 7,5 Bien 413 expériences vécues'}, {'name': 'Hotel Restaurant Vesontio', 'price': '€ 72', 'score': 'Avec une note de 8,6 8,6 Superbe 949 expériences vécues'}, {'name': ""Brit Hotel Besancon l'Horloge"", 'price': '€ 61', 'score': 'Avec une note de 7,6 7,6 Bien 1 182 expériences vécues'}, {'name': 'Logis Hôtel Victor Hugo & Spa', 'price': '€ 125', 'score': 'Avec une note de 8,1 8,1 Très bien 723 expériences vécues'}, {'name': 'Hotel Campanile Besançon Nord Ecole Valentin', 'price': '€ 74', 'score': 'Avec une note de 7,4 7,4 Bien 1 050 expériences vécues'}, {'name': 'Le Cocon des Granges - Hyper-centre Cosy - 2 chambres & canapé lit', 'price': '€ 148', 'score': 'Avec une note de 7,7 7,7 Bien 12 expériences vécues'}, {'name': 'LE VICTORIA', 'price': '€ 55', 'score': 'Avec une note de 6,8 6,8 Note 165 expériences vécues'}]"
dijon,93904488,47.3215806,5.0414701,stations,10000,1787754627,7200,3006622,Larrey,200,5.0407,47.3206,29.8,29.35,29.8,29.8,1012,39,1012,975,2.06,160,,100,FR,1787719842,1787769189,1.0,6586.0,,804,Clouds,couvert,04d,"[{'name': 'Holiday Inn Dijon Sud - Longvic by IHG', 'price': '€ 266', 'score': 'Avec une note de 8,8 8,8 Superbe 6 447 expériences vécues'}, {'name': 'ibis budget Dijon Saint Apollinaire', 'price': '€ 105', 'score': 'Avec une note de 7,7 7,7 Bien 2 985 expériences vécues'}, {'name': ""Holiday Inn Dijon Toison D'or by IHG"", 'price': '€ 156', 'score': 'Avec une note de 8,2 8,2 Très bien 5 269 expériences vécues'}, {'name': 'Grand Hôtel La Cloche Dijon - MGallery Collection', 'price': '€ 409', 'score': 'Avec une note de 8,8 8,8 Superbe 1 099 expériences vécues'}, {'name': ""Campanile Dijon Nord - Toison D'or"", 'price': '€ 99', 'score': 'Avec une note de 7,7 7,7 Bien 1 425 expériences vécues'}, {'name': 'Novotel Dijon Sud', 'price': '€ 165', 'score': 'Avec une note de 7,1 7,1 Bien 2 182 expériences vécues'}, {'name': 'Hôtel des Ducs', 'price': '€ 236', 'score': 'Avec une note de 8,7 8,7 Superbe 2 811 expériences vécues'}, {'name': 'Aloft by Marriott Dijon', 'price': '€ 285', 'score': 'Avec une note de 8,6 8,6 Superbe 3 311 expériences vécues'}, {'name': 'hotelF1 Dijon Nord', 'price': '€ 81', 'score': 'Avec une note de 6,7 6,7 Note 1 954 expériences vécues'}, {'name': 'Ibis budget Dijon Centre Clemenceau', 'price': '€ 116', 'score': 'Avec une note de 7,8 7,8 Bien 1 653 expériences vécues'}, {'name': 'FASTHOTEL A Dijon', 'price': '€ 87', 'score': 'Avec une note de 6,5 6,5 Note 2 729 expériences vécues'}, {'name': 'Première Classe Dijon Nord - Zénith', 'price': '€ 92', 'score': 'Avec une note de 7,1 7,1 Bien 4 357 expériences vécues'}, {'name': 'ETHIC ETAPES DIJON Accueil 24h24 et parking gratuit', 'price': '€ 73', 'score': 'Avec une note de 6,9 6,9 Note 2 308 expériences vécues'}, {'name': 'Holiday Inn Express Dijon by IHG', 'price': '€ 151', 'score': 'Avec une note de 8,4 8,4 Très bien 4 612 expériences vécues'}, {'name': 'Nomad Hotel Dijon', 'price': '€ 181', 'score': 'Avec une note de 8,7 8,7 Superbe 3 144 expériences vécues'}, {'name': 'Campanile PRIME - Dijon Centre Gare', 'price': '€ 149', 'score': 'Avec une note de 8,0 8,0 Très bien 556 expériences vécues'}, {'name': 'Kyriad Dijon Sud - Longvic', 'price': '€ 114', 'score': 'Avec une note de 7,7 7,7 Bien 4 138 expériences vécues'}, {'name': 'Kyriad Dijon Est Mirande', 'price': '€ 120', 'score': 'Avec une note de 7,2 7,2 Bien 2 778 expériences vécues'}, {'name': 'City Loft Dijon', 'price': '€ 203', 'score': 'Avec une note de 8,1 8,1 Très bien 3 488 expériences vécues'}, {'name': ""Hôtel Restaurant Kyriad Direct DIJON NORD - Zenith - Toison d'Or"", 'price': '€ 132', 'score': 'Avec une note de 7,4 7,4 Bien 5 300 expériences vécues'}, {'name': 'Vertigo Hotel, By Marriott, a Member of Design Hotels', 'price': '€ 246', 'score': 'Avec une note de 8,3 8,3 Très bien 1 454 expériences vécues'}, {'name': 'Aparthotel Adagio Access Dijon République', 'price': '€ 139', 'score': 'Avec une note de 8,5 8,5 Très bien 3 341 expériences vécues'}, {'name': ""B&B HOTEL Dijon Valmy Toison d'or"", 'price': '€ 175', 'score': 'Avec une note de 8,1 8,1 Très bien 3 307 expériences vécues'}, {'name': 'Campanile Dijon Centre Clemenceau', 'price': '€ 125', 'score': 'Avec une note de 7,8 7,8 Bien 2 610 expériences vécues'}, {'name': 'Mercure Dijon Centre Clemenceau', 'price': '€ 223', 'score': 'Avec une note de 8,4 8,4 Très bien 1 255 expériences vécues'}]"
annecy,88762115,45.8992348,6.1288847,stations,10000,1787754390,7200,3037543,Annecy,200,6.1323,45.9008,28.08,28.03,26.67,28.08,1014,44,1014,929,1.03,0,,100,FR,1787719724,1787768783,1.0,6500.0,,804,Clouds,couvert,04d,"[{'name': 'Icône Hôtel - Annecy', 'price': '€ 180', 'score': 'Avec une note de 7,7 7,7 Bien 3 484 expériences vécues'}, {'name': 'Premiere Classe Annecy Cran-Gevrier RÉNOVÉ EN 2025', 'price': '€ 147', 'score': 'Avec une note de 7,1 7,1 Bien 2 898 expériences vécues'}, {'name': 'ibis Annecy Centre Vieille Ville', 'price': '€ 222', 'score': 'Avec une note de 8,4 8,4 Très bien 3 719 expériences vécues'}, {'name': 'B&B HOTEL Annecy Cran-Gevrier', 'price': '€ 110', 'score': 'Avec une note de 7,9 7,9 Bien 3 184 expériences vécues'}, {'name': 'Le Pélican', 'price': '€ 403', 'score': 'Avec une note de 8,8 8,8 Superbe 4 911 expériences vécues'}, {'name': 'Centre Jean XXIII', 'price': '€ 173', 'score': 'Avec une note de 8,1 8,1 Très bien 3 053 expériences vécues'}, {'name': 'Moxy Annecy', 'price': '€ 342', 'score': 'Avec une note de 8,4 8,4 Très bien 3 222 expériences vécues'}, {'name': ""Hôtel du Palais de l'Isle"", 'price': '€ 210', 'score': 'Avec une note de 7,9 7,9 Bien 2 195 expériences vécues'}, {'name': 'Le Trésum a few steps from the lake parking', 'price': '€ 277', 'score': 'Avec une note de 7,9 7,9 Bien 39 expériences vécues'}, {'name': 'Allobroges Park Hôtel', 'price': '€ 198', 'score': 'Avec une note de 8,9 8,9 Superbe 2 834 expériences vécues'}, {'name': 'Aparthotel Adagio Annecy Centre', 'price': '€ 274', 'score': 'Avec une note de 8,3 8,3 Très bien 2 838 expériences vécues'}, {'name': 'Ibis Annecy - Cran-Gevrier', 'price': '€ 172', 'score': 'Avec une note de 7,4 7,4 Bien 2 065 expériences vécues'}, {'name': 'Campanile Annecy Centre - Gare', 'price': '€ 209', 'score': 'Avec une note de 7,8 7,8 Bien 3 756 expériences vécues'}, {'name': 'Mercure Annecy Sud', 'price': '€ 225', 'score': 'Avec une note de 7,9 7,9 Bien 792 expériences vécues'}, {'name': 'Hôtel La Cour du 6', 'price': '€ 420', 'score': 'Avec une note de 9,0 9,0 Fabuleux 702 expériences vécues'}, {'name': ""Comfort Aparthotel Les Hauts d'Annecy"", 'price': '€ 138', 'score': 'Avec une note de 7,6 7,6 Bien 5 381 expériences vécues'}, {'name': 'Best Western Plus Hotel Carlton Annecy', 'price': '€ 243', 'score': 'Avec une note de 8,7 8,7 Superbe 2 661 expériences vécues'}, {'name': 'Hotel de Savoie', 'price': '€ 155', 'score': 'Avec une note de 6,2 6,2 Note 797 expériences vécues'}, {'name': ""L'annecien, central proche du lac"", 'price': '€ 172', 'score': 'Avec une note de 7,7 7,7 Bien 21 expériences vécues'}, {'name': 'La Chapelle', 'price': '€ 239', 'score': 'Avec une note de 9,4 9,4 Fabuleux 114 expériences vécues'}, {'name': 'Campanile Annecy - Cran Gevrier', 'price': '€ 152', 'score': 'Avec une note de 7,4 7,4 Bien 1 878 expériences vécues'}, {'name': ""Le Splendid Hotel Lac D'Annecy - Handwritten Collection"", 'price': '€ 332', 'score': 'Avec une note de 8,6 8,6 Superbe 1 899 expériences vécues'}, {'name': 'Hôtel de Bonlieu', 'price': '€ 212', 'score': 'Avec une note de 8,6 8,6 Superbe 1 337 expériences vécues'}, {'name': 'Les Trésoms Lake and Spa Resort', 'price': '€ 423', 'score': 'Avec une note de 8,1 8,1 Très bien 1 098 expériences vécues'}, {'name': ""A l'aventure ! Joli T2 avec balcon centre ville"", 'price': '€ 276', 'score': 'Avec une note de 8,3 8,3 Très bien 65 expériences vécues'}]"
grenoble,90045804,45.1875602,5.7357819,stations,10000,1787754902,7200,6454071,Grenoble,200,5.7358,45.1876,29.61,29.95,29.61,29.61,1013,46,1013,920,3.55,192,10.0,100,FR,1787719889,1787768809,2.0,20823.0,,804,Clouds,couvert,04d,"[{'name': 'greet Grenoble Centre Gare Accor Hotel', 'price': '€ 64', 'score': 'Avec une note de 8,2 8,2 Très bien 1 384 expériences vécues'}, {'name': 'B&B HOTEL Grenoble Centre Alpexpo', 'price': '€ 66', 'score': 'Avec une note de 7,5 7,5 Bien 2 197 expériences vécues'}, {'name': 'B&B HOTEL Grenoble Centre Verlaine', 'price': '€ 61', 'score': 'Avec une note de 7,1 7,1 Bien 1 158 expériences vécues'}, {'name': 'Campanile Grenoble Centre Gare', 'price': '€ 64', 'score': 'Avec une note de 7,4 7,4 Bien 1 945 expériences vécues'}, {'name': 'Kyriad Grenoble Centre', 'price': '€ 68', 'score': 'Avec une note de 7,9 7,9 Bien 2 572 expériences vécues'}, {'name': 'The Babel Community Hôtel - Grenoble Bastille', 'price': '€ 110', 'score': 'Avec une note de 8,5 8,5 Très bien 2 279 expériences vécues'}, {'name': 'Residhome Grenoble Caserne De Bonne', 'price': '€ 70', 'score': 'Avec une note de 8,0 8,0 Très bien 1 294 expériences vécues'}, {'name': 'Novotel Grenoble Centre', 'price': '€ 99', 'score': 'Avec une note de 7,9 7,9 Bien 1 181 expériences vécues'}, {'name': 'ibis Grenoble Centre Bastille', 'price': '€ 87', 'score': 'Avec une note de 7,9 7,9 Bien 919 expériences vécues'}, {'name': 'Le Grand Hôtel Grenoble, BW Premier Collection by Best Western', 'price': '€ 96', 'score': 'Avec une note de 8,8 8,8 Superbe 1 305 expériences vécues'}, {'name': 'RockyPop Grenoble Hotel', 'price': '€ 102', 'score': 'Avec une note de 8,5 8,5 Très bien 3 326 expériences vécues'}, {'name': 'Residhotel Grenette', 'price': '€ 60', 'score': 'Avec une note de 7,9 7,9 Bien 1 923 expériences vécues'}, {'name': 'Park Hotel Grenoble - Handwritten Collection', 'price': '€ 120', 'score': 'Avec une note de 9,0 9,0 Fabuleux 554 expériences vécues'}, {'name': ""Residhotel Le Central'Gare"", 'price': '€ 70', 'score': 'Avec une note de 8,2 8,2 Très bien 1 359 expériences vécues'}, {'name': 'Maison Barbillon Grenoble - Centre Gare', 'price': '€ 114', 'score': 'Avec une note de 8,3 8,3 Très bien 1 933 expériences vécues'}, {'name': 'Hôtel d’Angleterre Grenoble Hyper-Centre', 'price': '€ 93', 'score': 'Avec une note de 8,0 8,0 Très bien 1 927 expériences vécues'}, {'name': 'Mercure Grenoble Centre Porte des Alpes', 'price': '€ 98', 'score': 'Avec une note de 7,9 7,9 Bien 405 expériences vécues'}, {'name': ""Hôtel de l'Europe Grenoble hyper-centre"", 'price': '€ 73', 'score': 'Avec une note de 8,0 8,0 Très bien 1 450 expériences vécues'}, {'name': 'Adagio Grenoble Centre', 'price': '€ 82', 'score': 'Avec une note de 7,9 7,9 Bien 895 expériences vécues'}, {'name': 'ibis Grenoble Gare', 'price': '€ 68', 'score': 'Avec une note de 8,1 8,1 Très bien 155 expériences vécues'}, {'name': 'Le cardinal', 'price': '€ 83', 'score': 'Avec une note de 8,9 8,9 Superbe 136 expériences vécues'}, {'name': 'Appartéa Grenoble Alpexpo', 'price': '€ 81', 'score': 'Avec une note de 7,0 7,0 Bien 1 393 expériences vécues'}, {'name': 'Apparthotel Le Hüb Grenoble', 'price': '€ 59', 'score': 'Avec une note de 7,5 7,5 Bien 1 071 expériences vécues'}, {'name': 'COWOOL GRENOBLE', 'price': '€ 74', 'score': 'Avec une note de 7,7 7,7 Bien 607 expériences vécues'}, {'name': 'ibis Styles Grenoble Centre Gare', 'price': '€ 90', 'score': 'Avec une note de 8,1 8,1 Très bien 289 expériences vécues'}]"
lyon,90002899,45.7578137,4.8320114,stations,10000,1787754903,7200,8015556,Vieux Lyon,200,4.832,45.7578,30.3,30.71,29.73,30.84,1011,45,1011,980,4.63,150,,92,FR,1787720051,1787769081,2.0,2108477.0,,804,Clouds,couvert,04d,"[{'name': 'Novotel Lyon Gerland', 'price': '€ 108', 'score': 'Avec une note de 7,6 7,6 Bien 3 902 expériences vécues'}, {'name': 'Mama Shelter Lyon', 'price': '€ 115', 'score': 'Avec une note de 8,5 8,5 Très bien 1 587 expériences vécues'}, {'name': 'Campanile PRIME Lyon Centre Gare Part-Dieu', 'price': '€ 83', 'score': 'Avec une note de 8,6 8,6 Superbe 5 259 expériences vécues'}, {'name': 'MEININGER Hotel Lyon Centre Berthelot', 'price': '€ 82', 'score': 'Avec une note de 8,3 8,3 Très bien 9 867 expériences vécues'}, {'name': ""Residence Montempo Appart'Hôtel Lyon Cite Internationale"", 'price': '€ 84', 'score': 'Avec une note de 8,1 8,1 Très bien 6 675 expériences vécues'}, {'name': 'Novotel Lyon Centre-Confluence Bord de Saone', 'price': '€ 115', 'score': 'Avec une note de 8,4 8,4 Très bien 3 181 expériences vécues'}, {'name': 'Hôtel Lyon Métropole & Spa', 'price': '€ 170', 'score': 'Avec une note de 8,2 8,2 Très bien 4 858 expériences vécues'}, {'name': 'HO36 Hostel Lyon', 'price': '€ 85', 'score': 'Avec une note de 8,1 8,1 Très bien 2 366 expériences vécues'}, {'name': 'Hôtel des Facultés', 'price': '€ 47', 'score': 'Avec une note de 6,6 6,6 Note 1 390 expériences vécues'}, {'name': 'Hôtel du Helder', 'price': '€ 72', 'score': 'Avec une note de 6,5 6,5 Note 2 829 expériences vécues'}, {'name': 'SLO Hostel Lyon les Pentes', 'price': '€ 105', 'score': 'Avec une note de 8,2 8,2 Très bien 2 986 expériences vécues'}, {'name': 'Première Classe Lyon Centre Gare Part Dieu', 'price': '€ 59', 'score': 'Avec une note de 7,7 7,7 Bien 9 391 expériences vécues'}, {'name': 'Hotel de Normandie', 'price': '€ 56', 'score': 'Avec une note de 7,0 7,0 Bien 2 976 expériences vécues'}, {'name': 'ibis Lyon Part Dieu Les Halles', 'price': '€ 84', 'score': 'Avec une note de 7,8 7,8 Bien 3 958 expériences vécues'}, {'name': ""Appart'City Classic Lyon Part Dieu Villette"", 'price': '€ 79', 'score': 'Avec une note de 7,8 7,8 Bien 3 104 expériences vécues'}, {'name': 'ibis Lyon Gare Part Dieu', 'price': '€ 81', 'score': 'Avec une note de 7,9 7,9 Bien 2 455 expériences vécues'}, {'name': 'Ibis Styles Lyon Centre - Gare Part Dieu', 'price': '€ 108', 'score': 'Avec une note de 8,6 8,6 Superbe 3 190 expériences vécues'}, {'name': 'ibis Lyon Centre', 'price': '€ 96', 'score': 'Avec une note de 8,1 8,1 Très bien 522 expériences vécues'}, {'name': 'B&B HOME Lyon Centre Berthelot', 'price': '€ 80', 'score': 'Avec une note de 7,9 7,9 Bien 2 304 expériences vécues'}, {'name': 'YASI Hostel', 'price': '€ 79', 'score': 'Avec une note de 8,7 8,7 Superbe 4 250 expériences vécues'}, {'name': 'Greet Hotel Lyon Confluence', 'price': '€ 76', 'score': 'Avec une note de 8,3 8,3 Très bien 3 004 expériences vécues'}, {'name': 'Crowne Plaza Lyon - Cité Internationale', 'price': '€ 120', 'score': 'Avec une note de 8,4 8,4 Très bien 2 682 expériences vécues'}, {'name': 'ibis Lyon Centre Perrache', 'price': '€ 84', 'score': 'Avec une note de 8,3 8,3 Très bien 2 092 expériences vécues'}, {'name': 'Pullman Lyon', 'price': '€ 146', 'score': 'Avec une note de 9,2 9,2 Fabuleux 4 989 expériences vécues'}, {'name': 'Mercure Lyon Centre - Gare Part Dieu', 'price': '€ 136', 'score': 'Avec une note de 8,7 8,7 Superbe 1 840 expériences vécues'}]"
gorges du verdon,82363223,43.7496562,6.3285616,stations,10000,1787754905,7200,6451459,Bauduen,200,6.3286,43.7497,23.87,23.83,23.87,23.87,1016,58,1016,918,2.78,112,3.37,100,FR,1787719882,1787768532,2.0,2006427.0,,804,Clouds,couvert,04d,"[{'name': 'Auberge des Salles', 'price': '€ 134', 'score': 'Avec une note de 8,7 8,7 Superbe 1 514 expériences vécues'}, {'name': 'Studi-Hôtel Résidence Plein Voile', 'price': '€ 112', 'score': 'Avec une note de 7,8 7,8 Bien 1 696 expériences vécues'}, {'name': 'Les Canyons du Verdon', 'price': '€ 79', 'score': 'Avec une note de 7,9 7,9 Bien 1 223 expériences vécues'}, {'name': 'Provençal Studio with Private Entrance', 'price': '€ 66', 'score': 'Avec une note de 9,5 9,5 Exceptionnel 29 expériences vécues'}, {'name': 'Hotel Les Restanques De Moustiers', 'price': '€ 223', 'score': 'Avec une note de 9,2 9,2 Fabuleux 626 expériences vécues'}, {'name': 'Hotel du Levant', 'price': '€ 129', 'score': 'Avec une note de 8,1 8,1 Très bien 1 114 expériences vécues'}, {'name': ""Chambres d' hôtes l'Escalo à Moutiers-Ste-Marie (04360)"", 'price': '€ 130', 'score': 'Avec une note de 9,3 9,3 Fabuleux 466 expériences vécues'}, {'name': ""Maison Castellane Chambre d'Hotes BB"", 'price': '€ 131', 'score': 'Avec une note de 9,3 9,3 Fabuleux 670 expériences vécues'}, {'name': 'La Bastide du Paradou', 'price': '€ 185', 'score': 'Avec une note de 8,9 8,9 Superbe 489 expériences vécues'}, {'name': 'La Ferme Rose-Hôtel de Charme', 'price': '€ 155', 'score': 'Avec une note de 9,4 9,4 Fabuleux 844 expériences vécues'}, {'name': 'Best Western Hôtel Le Sud', 'price': '€ 93', 'score': 'Avec une note de 8,2 8,2 Très bien 1 151 expériences vécues'}, {'name': 'Camping Les Prés du Verdon', 'price': '€ 192', 'score': 'Avec une note de 8,4 8,4 Très bien 67 expériences vécues'}, {'name': 'Ma Petite Auberge', 'price': '€ 123', 'score': 'Avec une note de 8,4 8,4 Très bien 874 expériences vécues'}, {'name': 'Logis Hôtel Le Vieil Amandier', 'price': '€ 85', 'score': 'Avec une note de 8,9 8,9 Superbe 346 expériences vécues'}, {'name': 'Auberge de la Tour', 'price': '€ 86', 'score': 'Avec une note de 8,2 8,2 Très bien 304 expériences vécues'}, {'name': 'Auberge de la Table Ronde', 'price': '€ 83', 'score': 'Avec une note de 8,3 8,3 Très bien 301 expériences vécues'}, {'name': 'la parenthèse', 'price': '€ 100', 'score': 'Avec une note de 8,7 8,7 Superbe 63 expériences vécues'}, {'name': 'Hotel Restaurant Le Verdon', 'price': '€ 131', 'score': 'Avec une note de 7,1 7,1 Bien 81 expériences vécues'}, {'name': 'Entre Terrasses et Restanque - Pierrevert', 'price': '€ 116', 'score': 'Avec une note de 9,2 9,2 Fabuleux 11 expériences vécues'}, {'name': 'Ibis Budget Manosque Cadarache', 'price': '€ 73', 'score': 'Avec une note de 7,7 7,7 Bien 1 189 expériences vécues'}, {'name': ""Logis Hotel de l'Artuby"", 'price': '€ 85', 'score': 'Avec une note de 9,0 9,0 Fabuleux 174 expériences vécues'}, {'name': 'Hôtel du Bastier', 'price': '€ 88', 'score': 'Avec une note de 7,2 7,2 Bien 118 expériences vécues'}, {'name': 'La Meisoun', 'price': '€ 117', 'score': 'Avec une note de 8,1 8,1 Très bien 279 expériences vécues'}, {'name': 'Hôtel Restaurant Le Lachens', 'price': '€ 92', 'score': 'Avec une note de 8,9 8,9 Superbe 401 expériences vécues'}, {'name': 'Camping La Ferme de Castellane', 'price': '€ 31', 'score': 'Avec une note de 9,1 9,1 Fabuleux 1 579 expériences vécues'}]"
bormes les mimosas,81776233,43.1506968,6.3419285,stations,10000,1787754906,7200,3031532,Bormes-les-Mimosas,200,6.3419,43.1507,27.76,29.86,26.26,29.42,1015,67,1015,999,4.63,120,,100,FR,1787719932,1787768475,2.0,2006377.0,,804,Clouds,couvert,04d,"[{'name': 'Hotel La Voile', 'price': '€ 144', 'score': 'Avec une note de 7,9 7,9 Bien 1 016 expériences vécues'}, {'name': 'Le Mirage', 'price': '€ 432', 'score': 'Avec une note de 9,2 9,2 Fabuleux 402 expériences vécues'}, {'name': 'Hostellerie du Cigalou', 'price': '€ 194', 'score': 'Avec une note de 8,8 8,8 Superbe 432 expériences vécues'}, {'name': 'Hotel Restaurant Bellevue', 'price': '€ 191', 'score': 'Avec une note de 7,6 7,6 Bien 485 expériences vécues'}, {'name': 'Hôtel Paradis', 'price': '€ 125', 'score': 'Avec une note de 7,9 7,9 Bien 564 expériences vécues'}, {'name': 'Village Vacances La Manne', 'price': '€ 121', 'score': 'Avec une note de 6,0 6,0 Note 215 expériences vécues'}, {'name': 'Hôtel de la Plage - HDLP', 'price': '€ 185', 'score': 'Avec une note de 9,0 9,0 Fabuleux 276 expériences vécues'}, {'name': 'Eden Rose Grand Hotel BW Premier Collection', 'price': '€ 371', 'score': 'Avec une note de 9,1 9,1 Fabuleux 317 expériences vécues'}, {'name': 'Auberge du Dom', 'price': '€ 243', 'score': 'Avec une note de 8,6 8,6 Superbe 165 expériences vécues'}, {'name': 'Appartements de Charme climatisés à Bormes les Mimosas Village médiéval !', 'price': '€ 133', 'score': 'Avec une note de 8,1 8,1 Très bien 20 expériences vécues'}, {'name': 'LE MAZET Au petit bonheur', 'price': '€ 101', 'score': 'Avec une note de 9,3 9,3 Fabuleux 7 expériences vécues'}, {'name': 'Studio 2 personnes, à 600 m de la mer', 'price': '€ 95', 'score': 'Avec une note de 7,2 7,2 Bien 24 expériences vécues'}, {'name': 'Appartement entièrement climatisé avec spa', 'price': '€ 192', 'score': None}, {'name': 'Entre les pins et les oliviers', 'price': '€ 159', 'score': 'Avec une note de 8,9 8,9 Superbe 29 expériences vécues'}, {'name': 'Les Sables', 'price': '€ 292', 'score': 'Avec une note de 9,2 9,2 Fabuleux 9 expériences vécues'}, {'name': 'Dépendance de maison avec terrasse privée Bormes', 'price': '€ 113', 'score': 'Avec une note de 6,0 6,0 Note 3 expériences vécues'}, {'name': 'Le Mas Berliat N°7', 'price': '€ 195', 'score': 'Avec une note de 7,9 7,9 Bien 22 expériences vécues'}, {'name': 'Bormes center 75 m2 artistic stay 2 to 4 people', 'price': '€ 299', 'score': 'Avec une note de 10 10 Exceptionnel 1 expérience vécue'}, {'name': 'Appartement vue sur mer, piscine, garage privé', 'price': '€ 203', 'score': 'Avec une note de 8,9 8,9 Superbe 14 expériences vécues'}, {'name': 'Le Mas Berliat N°9', 'price': '€ 191', 'score': 'Avec une note de 8,5 8,5 Très bien 8 expériences vécues'}, {'name': 'Le Mas Berliat F2 N°15', 'price': '€ 278', 'score': 'Avec une note de 7,6 7,6 Bien 14 expériences vécues'}, {'name': 'Tirojade', 'price': '€ 125', 'score': 'Avec une note de 9,0 9,0 Fabuleux 1 expérience vécue'}, {'name': 'Maison au Lavandou', 'price': '€ 232', 'score': None}, {'name': 'Bormes village médiéval', 'price': '€ 184', 'score': None}, {'name': 'Villa Elephantine', 'price': '€ 196', 'score': 'Avec une note de 10 10 Exceptionnel 3 expériences vécues'}]"
cassis,83333043,43.2140359,5.5396318,stations,10000,1787754907,7200,3028431,Cassis,200,5.5396,43.214,29.76,32.19,27.18,30.25,1013,59,1013,1002,9.3,128,12.19,100,FR,1787720119,1787768673,2.0,2012554.0,0.56,500,Rain,légère pluie,10d,"[{'name': 'Les Jardins de Cassis - Parking Gratuit & Piscine Chauffée', 'price': '€ 222', 'score': 'Avec une note de 8,1 8,1 Très bien 1 731 expériences vécues'}, {'name': 'Best Western Plus Hôtel la Rade', 'price': '€ 191', 'score': 'Avec une note de 8,7 8,7 Superbe 880 expériences vécues'}, {'name': 'LE CLOS DES ARÔMES', 'price': '€ 264', 'score': 'Avec une note de 8,7 8,7 Superbe 336 expériences vécues'}, {'name': 'Hôtel Liautaud Cassis by Germain Collection', 'price': '€ 597', 'score': 'Avec une note de 8,8 8,8 Superbe 575 expériences vécues'}, {'name': 'Le Petit Canaille', 'price': '€ 192', 'score': 'Avec une note de 9,2 9,2 Fabuleux 106 expériences vécues'}, {'name': 'Chambre cosy avec terrasse arborée, Cassis, calme, parking, plage à 10 min', 'price': '€ 264', 'score': 'Avec une note de 9,5 9,5 Exceptionnel 17 expériences vécues'}, {'name': 'Pamela Hotel Cassis', 'price': '€ 212', 'score': 'Avec une note de 8,6 8,6 Superbe 933 expériences vécues'}, {'name': 'BOUTIQUE HOSTEL BY Cassis', 'price': '€ 148', 'score': 'Avec une note de 7,6 7,6 Bien 246 expériences vécues'}, {'name': 'LES VOLETS ROUGES - Hôtel Cassis - Situé dans le Parc National des Calanques - Parking Gratuit', 'price': '€ 159', 'score': 'Avec une note de 8,2 8,2 Très bien 700 expériences vécues'}, {'name': 'Hôtel by Reboul - Boutique Hôtel - Port de Cassis', 'price': '€ 205', 'score': 'Avec une note de 7,8 7,8 Bien 248 expériences vécues'}, {'name': 'Suite vue mer, grande piscine et spa extérieur privatifs,climatisation et parking', 'price': '€ 292', 'score': 'Avec une note de 9,5 9,5 Exceptionnel 91 expériences vécues'}, {'name': 'Vue mer, petite piscine, climatisation,spa extérieur,parking TOUT PRIVES', 'price': '€ 242', 'score': 'Avec une note de 9,6 9,6 Exceptionnel 112 expériences vécues'}, {'name': 'Cassis Loc - Chambre Meublée', 'price': '€ 235', 'score': 'Avec une note de 7,9 7,9 Bien 182 expériences vécues'}, {'name': 'appartement du pêcheur à Cassis à 10 mètres du port', 'price': '€ 170', 'score': 'Avec une note de 8,2 8,2 Très bien 253 expériences vécues'}, {'name': 'Hôtel Les Roches Blanches Cassis', 'price': '€ 1 875', 'score': 'Avec une note de 8,9 8,9 Superbe 377 expériences vécues'}, {'name': 'Cassis Loc - Appartement meublé', 'price': '€ 275', 'score': 'Avec une note de 7,7 7,7 Bien 151 expériences vécues'}, {'name': 'appartement cosy à 10 mètres du port de Cassis', 'price': '€ 192', 'score': 'Avec une note de 8,2 8,2 Très bien 196 expériences vécues'}, {'name': 'Suite sous les toits 25m2 à 1mn du port de CASSIS', 'price': '€ 174', 'score': 'Avec une note de 7,4 7,4 Bien 13 expériences vécues'}, {'name': 'Le plaisir des yeux !', 'price': '€ 437', 'score': 'Avec une note de 9,4 9,4 Fabuleux 69 expériences vécues'}, {'name': 'BY Cassis chambre privée dans maison familiale', 'price': '€ 263', 'score': 'Avec une note de 7,4 7,4 Bien 182 expériences vécues'}, {'name': 'Vacances confortables et paisibles, Climatisation, Piscine, Garage, Cuisine Équipée, Machine à café à grains, Le linge de lit et de toilette sont fournis', 'price': '€ 421', 'score': 'Avec une note de 10 10 Exceptionnel 1 expérience vécue'}, {'name': 'Maison familiale avec piscine 7 personnes', 'price': '€ 544', 'score': 'Avec une note de 8,9 8,9 Superbe 9 expériences vécues'}, {'name': 'villa les nefliers vue panoramique mer', 'price': '€ 1 634', 'score': None}, {'name': 'Luxurious architectural villa', 'price': '€ 905', 'score': None}, {'name': 'Résidence Pierre et Vacances Cap Cassis Calanques', 'price': '€ 193', 'score': 'Avec une note de 8,5 8,5 Très bien 721 expériences vécues'}]"
marseille,82966111,43.2963986,5.3777888,stations,10000,1787754908,7200,2995469,Marseille,200,5.3778,43.2964,28.77,29.72,28.52,30.27,1013,53,1013,1006,9.63,133,13.21,100,FR,1787720151,1787768719,2.0,80238.0,,804,Clouds,couvert,04d,"[{'name': 'MEININGER Marseille Centre la Joliette', 'price': '€ 101', 'score': 'Avec une note de 8,5 8,5 Très bien 6 982 expériences vécues'}, {'name': 'HOTEL SYLVABELLE', 'price': '€ 71', 'score': 'Avec une note de 5,1 5,1 Note 2 562 expériences vécues'}, {'name': 'ibis budget Marseille Vieux Port', 'price': '€ 114', 'score': 'Avec une note de 7,6 7,6 Bien 3 277 expériences vécues'}, {'name': 'ibis Styles Marseille Palais des Congrès Vélodrome', 'price': '€ 120', 'score': 'Avec une note de 8,6 8,6 Superbe 1 048 expériences vécues'}, {'name': 'Hotel Gambetta', 'price': '€ 71', 'score': 'Avec une note de 3,5 3,5 Note 824 expériences vécues'}, {'name': 'Novotel Marseille Centre Prado Vélodrome', 'price': '€ 138', 'score': 'Avec une note de 8,0 8,0 Très bien 1 247 expériences vécues'}, {'name': 'Hôtel Horizon', 'price': '€ 103', 'score': 'Avec une note de 7,8 7,8 Bien 55 expériences vécues'}, {'name': 'Ibis Marseille Centre Prefecture', 'price': '€ 116', 'score': 'Avec une note de 7,2 7,2 Bien 2 761 expériences vécues'}, {'name': 'ibis Marseille Centre Euromed', 'price': '€ 119', 'score': 'Avec une note de 8,0 8,0 Très bien 1 523 expériences vécues'}, {'name': 'Campanile NATURE - Marseille Saint-Antoine', 'price': '€ 79', 'score': 'Avec une note de 7,7 7,7 Bien 819 expériences vécues'}, {'name': 'Premiere Classe Marseille La Valentine', 'price': '€ 62', 'score': 'Avec une note de 5,7 5,7 Note 2 307 expériences vécues'}, {'name': 'The People - Marseille', 'price': '€ 227', 'score': 'Avec une note de 8,4 8,4 Très bien 5 322 expériences vécues'}, {'name': 'Golden Tulip Marseille Euromed', 'price': '€ 151', 'score': 'Avec une note de 7,8 7,8 Bien 3 983 expériences vécues'}, {'name': 'ibis Marseille Centre Gare Saint Charles', 'price': '€ 119', 'score': 'Avec une note de 7,6 7,6 Bien 4 359 expériences vécues'}, {'name': 'Vertigo Hostel', 'price': '€ 105', 'score': 'Avec une note de 7,6 7,6 Bien 3 649 expériences vécues'}, {'name': 'Ibis Budget Marseille Timone', 'price': '€ 91', 'score': 'Avec une note de 6,8 6,8 Note 1 663 expériences vécues'}, {'name': 'La Petite Calanque', 'price': '€ 126', 'score': 'Avec une note de 8,1 8,1 Très bien 266 expériences vécues'}, {'name': 'Radisson Blu Hotel Marseille Vieux Port', 'price': '€ 254', 'score': 'Avec une note de 8,6 8,6 Superbe 2 118 expériences vécues'}, {'name': 'Grand Juste', 'price': '€ 220', 'score': 'Avec une note de 9,0 9,0 Fabuleux 568 expériences vécues'}, {'name': 'Hôtel Ligo by HappyCulture', 'price': '€ 167', 'score': 'Avec une note de 8,5 8,5 Très bien 1 173 expériences vécues'}, {'name': 'Hotel du Pharo', 'price': '€ 120', 'score': 'Avec une note de 7,0 7,0 Bien 177 expériences vécues'}, {'name': 'Les Chambres de la Relève', 'price': '€ 172', 'score': 'Avec une note de 7,9 7,9 Bien 155 expériences vécues'}, {'name': 'Residhotel Le Grand Prado', 'price': '€ 96', 'score': 'Avec une note de 7,2 7,2 Bien 4 035 expériences vécues'}, {'name': 'Toyoko INN Marseille Saint Charles', 'price': '€ 112', 'score': 'Avec une note de 8,0 8,0 Très bien 14 858 expériences vécues'}, {'name': 'Novotel Marseille Centre Gare', 'price': '€ 164', 'score': 'Avec une note de 7,9 7,9 Bien 5 646 expériences vécues'}]"
aix en provence,82709709,43.5298424,5.4474738,stations,10000,1787754909,7200,3038354,Aix-en-Provence,200,5.4475,43.5298,28.93,29.81,27.07,29.11,1013,52,1013,981,1.79,185,4.47,100,FR,1787720113,1787768723,2.0,2006832.0,,804,Clouds,couvert,04d,"[{'name': 'Aparthotel Adagio Access Aix-en-Provence Université', 'price': '€ 94', 'score': 'Avec une note de 8,3 8,3 Très bien 4 095 expériences vécues'}, {'name': ""B&B HOTEL Aix-en-Provence Pont de l'Arc"", 'price': '€ 70', 'score': 'Avec une note de 7,4 7,4 Bien 2 352 expériences vécues'}, {'name': 'ibis Aix en Provence', 'price': '€ 109', 'score': 'Avec une note de 7,9 7,9 Bien 1 888 expériences vécues'}, {'name': ""Appart'hôtel Odalys City - Aix en Provence Centre Palais des Congrès"", 'price': '€ 93', 'score': 'Avec une note de 8,0 8,0 Très bien 2 216 expériences vécues'}, {'name': 'ibis budget Aix en Provence', 'price': '€ 77', 'score': 'Avec une note de 7,9 7,9 Bien 1 629 expériences vécues'}, {'name': 'thecamp hôtel - Aix en Provence', 'price': '€ 108', 'score': 'Avec une note de 8,3 8,3 Très bien 3 498 expériences vécues'}, {'name': 'Hôtel des Augustins', 'price': '€ 279', 'score': 'Avec une note de 8,4 8,4 Très bien 2 151 expériences vécues'}, {'name': 'Radisson Hotel Aix En Provence', 'price': '€ 159', 'score': 'Avec une note de 8,0 8,0 Très bien 1 771 expériences vécues'}, {'name': 'Appartement de charme', 'price': '€ 107', 'score': 'Avec une note de 9,3 9,3 Fabuleux 156 expériences vécues'}, {'name': ""Campanile Prime - Aix-en-Provence Sud - Pont de l'Arc"", 'price': '€ 96', 'score': 'Avec une note de 8,1 8,1 Très bien 1 110 expériences vécues'}, {'name': 'Grand Hôtel Roi René Aix - MGallery Collection', 'price': '€ 304', 'score': 'Avec une note de 8,4 8,4 Très bien 1 281 expériences vécues'}, {'name': 'Aquabella Hôtel & Spa', 'price': '€ 253', 'score': 'Avec une note de 8,8 8,8 Superbe 1 353 expériences vécues'}, {'name': ""Novotel Aix-en-Provence Pont de L'Arc"", 'price': '€ 175', 'score': 'Avec une note de 8,0 8,0 Très bien 639 expériences vécues'}, {'name': 'Renaissance Aix-en-Provence Hotel', 'price': '€ 299', 'score': 'Avec une note de 8,5 8,5 Très bien 1 272 expériences vécues'}, {'name': 'Setclub Hôtel & Spa Aix-en-Provence', 'price': '€ 214', 'score': 'Avec une note de 8,1 8,1 Très bien 1 399 expériences vécues'}, {'name': 'Appartement Belle Lettre 7', 'price': '€ 119', 'score': 'Avec une note de 9,2 9,2 Fabuleux 68 expériences vécues'}, {'name': 'Hôtel Rotonde Aix-en-Provence centre', 'price': '€ 133', 'score': 'Avec une note de 8,4 8,4 Très bien 204 expériences vécues'}, {'name': 'Èrsextius, MG, Aix-en-Provence', 'price': '€ 107', 'score': 'Avec une note de 8,3 8,3 Très bien 71 expériences vécues'}, {'name': 'Le Concorde', 'price': '€ 112', 'score': 'Avec une note de 8,0 8,0 Très bien 2 437 expériences vécues'}, {'name': 'Ibis Styles Aix-en-Provence Universite', 'price': '€ 158', 'score': 'Avec une note de 8,5 8,5 Très bien 10 expériences vécues'}, {'name': 'Appartement Belle lettre 4', 'price': '€ 136', 'score': 'Avec une note de 9,5 9,5 Exceptionnel 71 expériences vécues'}, {'name': 'Best Western Hotel le Galice Aix-en-Provence', 'price': '€ 135', 'score': 'Avec une note de 8,1 8,1 Très bien 2 529 expériences vécues'}, {'name': ""L'étape Aixoise - appartement climatisé terrasse centre ville Rotonde cours Mirabeau allées provençales"", 'price': '€ 186', 'score': 'Avec une note de 8,9 8,9 Superbe 21 expériences vécues'}, {'name': 'Appartement Belle Lettre 2', 'price': '€ 102', 'score': 'Avec une note de 8,6 8,6 Superbe 88 expériences vécues'}, {'name': ""Zenao Appart'hôtels Aix-en-Provence Carnot"", 'price': '€ 103', 'score': 'Avec une note de 9,2 9,2 Fabuleux 11 expériences vécues'}]"
avignon,82758863,43.9492493,4.8059012,stations,10000,1787754800,7200,3035681,Avignon,200,4.8089,43.9483,28.24,30.44,27.44,29.16,1013,65,1013,1006,5.14,200,,100,FR,1787720228,1787768914,1.0,6520.0,,804,Clouds,couvert,04d,"[{'name': 'Hôtel Le Bristol', 'price': '€ 91', 'score': 'Avec une note de 8,4 8,4 Très bien 4 493 expériences vécues'}, {'name': 'Mercure Avignon TGV Hotel & Spa', 'price': '€ 137', 'score': 'Avec une note de 8,6 8,6 Superbe 2 319 expériences vécues'}, {'name': 'Premiere Classe Avignon Courtine Gare TGV', 'price': '€ 46', 'score': 'Avec une note de 5,8 5,8 Note 1 942 expériences vécues'}, {'name': 'hotelF1 Avignon Centre Courtine gare TGV', 'price': '€ 48', 'score': 'Avec une note de 7,2 7,2 Bien 2 123 expériences vécues'}, {'name': 'Novotel Avignon Centre', 'price': '€ 172', 'score': 'Avec une note de 8,2 8,2 Très bien 1 002 expériences vécues'}, {'name': 'Mercure Pont d’Avignon Centre', 'price': '€ 146', 'score': 'Avec une note de 8,1 8,1 Très bien 228 expériences vécues'}, {'name': 'Golden Tulip Avignon Le Paradou', 'price': '€ 119', 'score': 'Avec une note de 8,3 8,3 Très bien 2 264 expériences vécues'}, {'name': 'Hotel Cristol', 'price': '€ 73', 'score': 'Avec une note de 7,2 7,2 Bien 567 expériences vécues'}, {'name': 'Auberge de jeunesse HI Avignon', 'price': '€ 91', 'score': 'Avec une note de 8,0 8,0 Très bien 860 expériences vécues'}, {'name': ""ibis Avignon Centre Pont De L'Europe"", 'price': '€ 74', 'score': 'Avec une note de 7,6 7,6 Bien 1 098 expériences vécues'}, {'name': 'ApartHotel Sainte-Marthe', 'price': '€ 67', 'score': 'Avec une note de 8,0 8,0 Très bien 5 661 expériences vécues'}, {'name': 'B&B HOTEL Avignon Sud Parc des Expositions', 'price': '€ 76', 'score': 'Avec une note de 6,3 6,3 Note 1 541 expériences vécues'}, {'name': 'ibis Styles Avignon Sud', 'price': '€ 100', 'score': 'Avec une note de 8,4 8,4 Très bien 2 368 expériences vécues'}, {'name': 'ibis Avignon Sud', 'price': '€ 80', 'score': 'Avec une note de 7,7 7,7 Bien 2 007 expériences vécues'}, {'name': 'Hôtel du Palais des Papes', 'price': '€ 74', 'score': 'Avec une note de 8,0 8,0 Très bien 674 expériences vécues'}, {'name': 'Best Western Plus Le Lavarin Avignon', 'price': '€ 141', 'score': 'Avec une note de 8,1 8,1 Très bien 1 787 expériences vécues'}, {'name': 'Avignon Grand Hotel', 'price': '€ 148', 'score': 'Avec une note de 8,1 8,1 Très bien 2 438 expériences vécues'}, {'name': 'La Chapelle du Miracle', 'price': '€ 131', 'score': 'Avec une note de 8,8 8,8 Superbe 573 expériences vécues'}, {'name': 'Brit Hotel Avignon Sud Le Calendal', 'price': '€ 86', 'score': 'Avec une note de 8,2 8,2 Très bien 326 expériences vécues'}, {'name': 'Hôtel Cloitre Saint Louis Avignon', 'price': '€ 125', 'score': 'Avec une note de 7,7 7,7 Bien 3 015 expériences vécues'}, {'name': 'Hotel Alizéa', 'price': '€ 63', 'score': 'Avec une note de 5,6 5,6 Note 999 expériences vécues'}, {'name': 'Aparthotel Adagio Access Avignon', 'price': '€ 79', 'score': 'Avec une note de 7,8 7,8 Bien 1 468 expériences vécues'}, {'name': 'Hotel Le Magnan', 'price': '€ 94', 'score': 'Avec une note de 8,4 8,4 Très bien 2 224 expériences vécues'}, {'name': 'ibis Avignon Centre Gare', 'price': '€ 80', 'score': 'Avec une note de 7,5 7,5 Bien 1 151 expériences vécues'}, {'name': 'Hôtel Central', 'price': '€ 77', 'score': 'Avec une note de 8,0 8,0 Très bien 2 328 expériences vécues'}]"
uzes,87726432,44.0121279,4.4196718,stations,10000,1787754600,7200,2971258,Uzès,200,4.4215,44.0122,27.34,28.36,25.71,27.34,1013,58,1013,996,7.46,178,9.44,100,FR,1787720316,1787769013,2.0,2024181.0,,804,Clouds,couvert,04d,"[{'name': 'Boutique Hôtel Entraigues', 'price': '€ 340', 'score': 'Avec une note de 9,0 9,0 Fabuleux 1 309 expériences vécues'}, {'name': 'Logis Hotel Restaurant Uzès Pont du Gard', 'price': '€ 78', 'score': 'Avec une note de 7,8 7,8 Bien 926 expériences vécues'}, {'name': ""Authentique maison en pierre avec piscine aux portes d'Uzès"", 'price': '€ 459', 'score': None}, {'name': 'Patio De Violette', 'price': '€ 147', 'score': 'Avec une note de 8,7 8,7 Superbe 581 expériences vécues'}, {'name': 'Appart One Uzès', 'price': '€ 84', 'score': 'Avec une note de 7,7 7,7 Bien 283 expériences vécues'}, {'name': 'Pause Uzètienne', 'price': '€ 61', 'score': 'Avec une note de 9,2 9,2 Fabuleux 33 expériences vécues'}, {'name': ""LOGIS HOTEL L' Auberge d'Uzes"", 'price': '€ 87', 'score': 'Avec une note de 8,2 8,2 Très bien 244 expériences vécues'}, {'name': 'Hostellerie et la parenthese uzes', 'price': '€ 148', 'score': 'Avec une note de 9,0 9,0 Fabuleux 210 expériences vécues'}, {'name': 'O Mas de Meze', 'price': '€ 294', 'score': 'Avec une note de 9,8 9,8 Exceptionnel 61 expériences vécues'}, {'name': ""L'Écrin Voûté, cocon chaleureux en pierre à 2 pas de la Place aux Herbes"", 'price': '€ 109', 'score': 'Avec une note de 9,0 9,0 Fabuleux 19 expériences vécues'}, {'name': 'Domaine de Privadière & Spa', 'price': '€ 279', 'score': 'Avec une note de 9,0 9,0 Fabuleux 161 expériences vécues'}, {'name': 'La Maison Comte Charm & History in Uzès', 'price': '€ 169', 'score': 'Avec une note de 9,5 9,5 Exceptionnel 4 expériences vécues'}, {'name': 'Kira', 'price': '€ 84', 'score': 'Avec une note de 7,4 7,4 Bien 120 expériences vécues'}, {'name': 'Le grand Castille', 'price': '€ 109', 'score': 'Avec une note de 8,7 8,7 Superbe 36 expériences vécues'}, {'name': ""Suite Kyoto, experience Japonaise & shower spa XXL au coeur d'Uzès"", 'price': '€ 167', 'score': 'Avec une note de 9,4 9,4 Fabuleux 29 expériences vécues'}, {'name': ""La Loggia d'Uzès"", 'price': '€ 108', 'score': 'Avec une note de 8,7 8,7 Superbe 20 expériences vécues'}, {'name': ""Le Petit Cocoon d'Uzès"", 'price': '€ 123', 'score': 'Avec une note de 9,8 9,8 Exceptionnel 6 expériences vécues'}, {'name': 'Maison La Perrinne', 'price': '€ 137', 'score': 'Avec une note de 10 10 Exceptionnel 3 expériences vécues'}, {'name': 'appartement a 50 m de la place aux herbes', 'price': '€ 168', 'score': 'Avec une note de 9,0 9,0 Fabuleux 113 expériences vécues'}, {'name': 'Manoir des Sources', 'price': '€ 200', 'score': 'Avec une note de 9,7 9,7 Exceptionnel 83 expériences vécues'}, {'name': 'Appartement-Terrasse Centre Historique', 'price': '€ 223', 'score': 'Avec une note de 9,2 9,2 Fabuleux 63 expériences vécues'}, {'name': ""Villa d'antiquaire Heure bleue - 160 m2 Suites et Jardin à 10 mn à pied du centre d'Uzès"", 'price': '€ 402', 'score': 'Avec une note de 10 10 Exceptionnel 2 expériences vécues'}, {'name': 'La Maison des Rêves', 'price': '€ 379', 'score': 'Avec une note de 9,5 9,5 Exceptionnel 4 expériences vécues'}, {'name': 'La maison d\'HamiH ""Gîte et Chambres d\'hôtes', 'price': '€ 148', 'score': 'Avec une note de 8,6 8,6 Superbe 107 expériences vécues'}, {'name': ""Au coeur d'Uzès"", 'price': '€ 87', 'score': 'Avec une note de 5,7 5,7 Note 18 expériences vécues'}]"
nimes,83003654,43.8374249,4.3600687,stations,10000,1787754627,7200,2990363,Nîmes,200,4.3616,43.8387,26.25,26.25,26.25,26.25,1014,69,1014,1005,6.69,170,,100,FR,1787720346,1787769012,1.0,6599.0,,804,Clouds,couvert,04d,"[{'name': 'hotelF1 Nîmes Ouest', 'price': '€ 44', 'score': 'Avec une note de 7,2 7,2 Bien 2 526 expériences vécues'}, {'name': 'ibis budget Nimes Centre Gare', 'price': '€ 61', 'score': 'Avec une note de 8,2 8,2 Très bien 2 936 expériences vécues'}, {'name': ""Appart'hôtel Odalys City - Nîmes Arènes - Palais des Congrès"", 'price': '€ 71', 'score': 'Avec une note de 8,6 8,6 Superbe 3 727 expériences vécues'}, {'name': 'ibis Nîmes Ouest - A9', 'price': '€ 92', 'score': 'Avec une note de 8,2 8,2 Très bien 2 109 expériences vécues'}, {'name': 'Campanile PRIME - Nîmes Centre', 'price': '€ 79', 'score': 'Avec une note de 8,2 8,2 Très bien 2 086 expériences vécues'}, {'name': 'Comfort Aparthotel Nimes Centre', 'price': '€ 76', 'score': 'Avec une note de 8,0 8,0 Très bien 3 088 expériences vécues'}, {'name': 'B&B HOTEL Nîmes Centre Arènes', 'price': '€ 69', 'score': 'Avec une note de 8,3 8,3 Très bien 3 520 expériences vécues'}, {'name': 'Novotel Atria Nimes Centre', 'price': '€ 130', 'score': 'Avec une note de 8,5 8,5 Très bien 349 expériences vécues'}, {'name': 'Hôtel Concorde - Centre ville de Nimes', 'price': '€ 47', 'score': 'Avec une note de 6,6 6,6 Note 836 expériences vécues'}, {'name': 'B&B HOTEL Nîmes Ville Active 3 étoiles', 'price': '€ 68', 'score': 'Avec une note de 7,7 7,7 Bien 1 631 expériences vécues'}, {'name': ""Appart'City Collection Nîmes Arènes"", 'price': '€ 116', 'score': 'Avec une note de 8,9 8,9 Superbe 3 008 expériences vécues'}, {'name': 'Logis Hotel NIMOTEL', 'price': '€ 76', 'score': 'Avec une note de 7,7 7,7 Bien 3 887 expériences vécues'}, {'name': 'SQUARE HOTEL', 'price': '€ 88', 'score': 'Avec une note de 8,6 8,6 Superbe 2 505 expériences vécues'}, {'name': 'Brit Hotel Confort Nîmes Ouest - A9 sortie 25', 'price': '€ 60', 'score': 'Avec une note de 7,7 7,7 Bien 2 108 expériences vécues'}, {'name': 'Royal Hôtel', 'price': '€ 102', 'score': 'Avec une note de 8,3 8,3 Très bien 3 188 expériences vécues'}, {'name': 'Maison Albar Hotels L’Imperator', 'price': '€ 282', 'score': 'Avec une note de 9,1 9,1 Fabuleux 1 540 expériences vécues'}, {'name': 'The Originals City, Hôtel Nîmes Costières', 'price': '€ 60', 'score': 'Avec une note de 7,1 7,1 Bien 673 expériences vécues'}, {'name': ""Appart'City Classic Nîmes Centre"", 'price': '€ 70', 'score': 'Avec une note de 8,1 8,1 Très bien 1 442 expériences vécues'}, {'name': 'Hotel Majestic', 'price': '€ 98', 'score': 'Avec une note de 8,7 8,7 Superbe 1 853 expériences vécues'}, {'name': 'ibis Styles Nimes Gare Centre', 'price': '€ 101', 'score': 'Avec une note de 8,3 8,3 Très bien 1 203 expériences vécues'}, {'name': 'Ingrid Mary', 'price': '€ 52', 'score': 'Avec une note de 8,9 8,9 Superbe 679 expériences vécues'}, {'name': ""Best Western L'Orangerie"", 'price': '€ 108', 'score': 'Avec une note de 7,9 7,9 Bien 1 476 expériences vécues'}, {'name': 'Hôtel & Spa Vatel', 'price': '€ 109', 'score': 'Avec une note de 8,4 8,4 Très bien 1 021 expériences vécues'}, {'name': 'Le Grand Hôtel Dieu by SOWELL COLLECTION', 'price': '€ 165', 'score': 'Avec une note de 8,6 8,6 Superbe 101 expériences vécues'}, {'name': ""Le Clos de la Tour d'Örrianh"", 'price': '€ 146', 'score': None}]"
aigues mortes,82998413,43.5661521,4.19154,stations,10000,1787754885,7200,3038493,Aigues-Mortes,200,4.1915,43.5662,27.81,30.81,26.66,27.98,1013,74,1013,1012,5.14,110,,100,FR,1787720412,1787769028,1.0,6518.0,,804,Clouds,couvert,04d,"[{'name': 'Artemia Aigues-Mortes - Hôtel avec piscine - Bornes électriques - Parking privé - Local vélo-moto', 'price': '€ 99', 'score': 'Avec une note de 8,9 8,9 Superbe 1 378 expériences vécues'}, {'name': 'Hôtel les jardins du canal - piscine chauffée - solaire eco responsable - parking - garage - bornes électriques - accueil vélos - kids friendly', 'price': '€ 129', 'score': 'Avec une note de 8,9 8,9 Superbe 2 005 expériences vécues'}, {'name': 'La Villa Mazarin', 'price': '€ 143', 'score': 'Avec une note de 9,2 9,2 Fabuleux 1 278 expériences vécues'}, {'name': 'Hotel Saint Louis - Au Coeur des Remparts', 'price': '€ 115', 'score': 'Avec une note de 8,6 8,6 Superbe 1 320 expériences vécues'}, {'name': 'Hôtel La Maison des Croisades - Au pied des Remparts', 'price': '€ 117', 'score': 'Avec une note de 9,0 9,0 Fabuleux 1 019 expériences vécues'}, {'name': 'Le Mas Des Sables', 'price': '€ 99', 'score': 'Avec une note de 7,9 7,9 Bien 609 expériences vécues'}, {'name': 'Maison sol en ciel Petit Dejeuner et Parking inclus', 'price': '€ 121', 'score': 'Avec une note de 9,7 9,7 Exceptionnel 209 expériences vécues'}, {'name': 'Hotel Des 4 Vents ""Esprit Camargue"" Parking Privé Gratuit', 'price': '€ 103', 'score': 'Avec une note de 8,4 8,4 Très bien 589 expériences vécues'}, {'name': 'Maison Arthur', 'price': '€ 76', 'score': 'Avec une note de 9,0 9,0 Fabuleux 335 expériences vécues'}, {'name': 'Studio refait à neuf avec jardin Aigues Mortes', 'price': '€ 87', 'score': 'Avec une note de 9,5 9,5 Exceptionnel 125 expériences vécues'}, {'name': 'La Chambre Côté Piscine', 'price': '€ 132', 'score': 'Avec une note de 9,7 9,7 Exceptionnel 29 expériences vécues'}, {'name': 'Maison vacances', 'price': '€ 173', 'score': 'Avec une note de 9,1 9,1 Fabuleux 49 expériences vécues'}, {'name': 'Hôtel-Restaurant ""Chez Carrière""', 'price': '€ 105', 'score': 'Avec une note de 8,9 8,9 Superbe 397 expériences vécues'}, {'name': 'Appartement bord du canal avec piscine et parking couvert', 'price': '€ 194', 'score': 'Avec une note de 8,7 8,7 Superbe 9 expériences vécues'}, {'name': 'La Maison de Lyna - Suites de charme intra-muros avec parking & autonomie', 'price': '€ 168', 'score': 'Avec une note de 9,0 9,0 Fabuleux 323 expériences vécues'}, {'name': '27 côté remparts', 'price': '€ 133', 'score': 'Avec une note de 9,4 9,4 Fabuleux 181 expériences vécues'}, {'name': 'Maison Teiss', 'price': '€ 89', 'score': 'Avec une note de 9,2 9,2 Fabuleux 8 expériences vécues'}, {'name': 'Hotel Les Templiers', 'price': '€ 155', 'score': 'Avec une note de 8,7 8,7 Superbe 142 expériences vécues'}, {'name': 'La fricassée', 'price': '€ 84', 'score': 'Avec une note de 8,8 8,8 Superbe 160 expériences vécues'}, {'name': 'LE PALMIER Aigues-Mortes PARKING Petite Camargue', 'price': '€ 133', 'score': 'Avec une note de 9,8 9,8 Exceptionnel 13 expériences vécues'}, {'name': 'Boutique Hôtel des Remparts & Spa', 'price': '€ 398', 'score': 'Avec une note de 9,4 9,4 Fabuleux 219 expériences vécues'}, {'name': ""l'écrin de Bali"", 'price': '€ 105', 'score': 'Avec une note de 9,0 9,0 Fabuleux 42 expériences vécues'}, {'name': 'Charmant appart avec jardin', 'price': '€ 142', 'score': 'Avec une note de 9,3 9,3 Fabuleux 88 expériences vécues'}, {'name': 'La Parenthèse de Victoire', 'price': '€ 95', 'score': 'Avec une note de 9,3 9,3 Fabuleux 22 expériences vécues'}, {'name': 'La Maison du Môle', 'price': '€ 265', 'score': 'Avec une note de 9,7 9,7 Exceptionnel 231 expériences vécues'}]"
saintes maries de la mer,82867790,43.4515922,4.4277202,stations,10000,1787754914,7200,2980325,Saintes-Maries-de-la-Mer,200,4.4277,43.4516,25.02,25.67,25.02,25.02,1012,80,1012,1012,7.58,131,12.07,100,FR,1787720365,1787768961,,,,804,Clouds,couvert,04d,"[{'name': 'Hotel Les Palmiers En Camargue', 'price': '€ 162', 'score': 'Avec une note de 8,3 8,3 Très bien 2 063 expériences vécues'}, {'name': 'Hotel Le Bleu Marine', 'price': '€ 114', 'score': 'Avec une note de 7,5 7,5 Bien 1 714 expériences vécues'}, {'name': 'Le Castelet', 'price': '€ 82', 'score': 'Avec une note de 6,7 6,7 Note 1 335 expériences vécues'}, {'name': 'Thalacap Camargue', 'price': '€ 261', 'score': 'Avec une note de 7,6 7,6 Bien 1 061 expériences vécues'}, {'name': 'Hotel Le Méditérranée', 'price': '€ 80', 'score': 'Avec une note de 7,0 7,0 Bien 894 expériences vécues'}, {'name': 'Hôtel Casa Marina', 'price': '€ 166', 'score': 'Avec une note de 9,0 9,0 Fabuleux 1 471 expériences vécues'}, {'name': 'Les Rizières', 'price': '€ 122', 'score': 'Avec une note de 9,0 9,0 Fabuleux 1 091 expériences vécues'}, {'name': 'Hotel Camille', 'price': '€ 156', 'score': 'Avec une note de 7,8 7,8 Bien 1 312 expériences vécues'}, {'name': 'Mas Des Salicornes', 'price': '€ 190', 'score': 'Avec une note de 9,3 9,3 Fabuleux 948 expériences vécues'}, {'name': 'Hotel La Tramontane', 'price': '€ 154', 'score': 'Avec une note de 9,0 9,0 Fabuleux 1 385 expériences vécues'}, {'name': ""L'auberge Camarguaise"", 'price': '€ 130', 'score': 'Avec une note de 9,0 9,0 Fabuleux 691 expériences vécues'}, {'name': 'Vila De La Mar & Spa', 'price': '€ 244', 'score': 'Avec une note de 8,4 8,4 Très bien 768 expériences vécues'}, {'name': 'Hotel Mas des Lys', 'price': '€ 137', 'score': 'Avec une note de 9,1 9,1 Fabuleux 678 expériences vécues'}, {'name': 'Hôtel Le Dauphin Bleu', 'price': '€ 154', 'score': 'Avec une note de 8,5 8,5 Très bien 1 021 expériences vécues'}, {'name': 'Hôtel Le Neptune en Camargue', 'price': '€ 112', 'score': 'Avec une note de 9,0 9,0 Fabuleux 137 expériences vécues'}, {'name': 'Les Vagues by boho', 'price': '€ 200', 'score': 'Avec une note de 8,6 8,6 Superbe 568 expériences vécues'}, {'name': 'Hôtel Le Mirage', 'price': '€ 126', 'score': 'Avec une note de 8,8 8,8 Superbe 764 expériences vécues'}, {'name': 'Manade des Baumelles', 'price': '€ 230', 'score': 'Avec une note de 8,6 8,6 Superbe 514 expériences vécues'}, {'name': 'Clamador', 'price': '€ 118', 'score': 'Avec une note de 8,8 8,8 Superbe 582 expériences vécues'}, {'name': ""Résidence La Palma & L'Oasis"", 'price': '€ 169', 'score': 'Avec une note de 8,3 8,3 Très bien 107 expériences vécues'}, {'name': 'Mas De Calabrun', 'price': '€ 190', 'score': 'Avec une note de 8,7 8,7 Superbe 590 expériences vécues'}, {'name': 'Hôtel Les Arcades', 'price': '€ 125', 'score': 'Avec une note de 8,8 8,8 Superbe 747 expériences vécues'}, {'name': 'Les Bains Gardians', 'price': '€ 241', 'score': 'Avec une note de 8,8 8,8 Superbe 490 expériences vécues'}, {'name': 'Hôtel restaurant le delta', 'price': '€ 68', 'score': 'Avec une note de 4,9 4,9 Note 292 expériences vécues'}, {'name': 'Hôtel du Pont Blanc', 'price': '€ 205', 'score': 'Avec une note de 9,3 9,3 Fabuleux 487 expériences vécues'}]"
collioure,84939196,42.52505,3.0831554,stations,10000,1787754916,7200,3024314,Collioure,200,3.0832,42.5251,28.92,28.71,28.9,30.74,1010,42,1010,990,6.74,162,10.34,67,FR,1787720770,1787769201,2.0,2020519.0,,803,Clouds,nuageux,04d,"[{'name': 'Residence Pierre & Vacances Les Balcons de Collioure', 'price': '€ 228', 'score': 'Avec une note de 8,3 8,3 Très bien 620 expériences vécues'}, {'name': 'Chambres Rue de la République', 'price': '€ 130', 'score': 'Avec une note de 8,0 8,0 Très bien 531 expériences vécues'}, {'name': 'Les Roches Brunes', 'price': '€ 352', 'score': 'Avec une note de 9,2 9,2 Fabuleux 667 expériences vécues'}, {'name': 'Hôtel des Templiers', 'price': '€ 138', 'score': 'Avec une note de 8,5 8,5 Très bien 1 011 expériences vécues'}, {'name': '41 Les Imperiales', 'price': '€ 189', 'score': 'Avec une note de 8,7 8,7 Superbe 59 expériences vécues'}, {'name': 'Grand Hotel Du Golfe - Spa & Restaurant', 'price': '€ 242', 'score': 'Avec une note de 8,8 8,8 Superbe 572 expériences vécues'}, {'name': 'Logis Hôtel le Triton', 'price': '€ 131', 'score': 'Avec une note de 7,8 7,8 Bien 1 038 expériences vécues'}, {'name': 'Le Mas des Citronniers', 'price': '€ 228', 'score': 'Avec une note de 8,6 8,6 Superbe 1 038 expériences vécues'}, {'name': 'Les Appartements de Collioure', 'price': '€ 231', 'score': 'Avec une note de 9,1 9,1 Fabuleux 599 expériences vécues'}, {'name': 'Hotel Le Bon Port', 'price': '€ 170', 'score': 'Avec une note de 8,5 8,5 Très bien 746 expériences vécues'}, {'name': 'Hôtel La Casa Pairal', 'price': '€ 383', 'score': 'Avec une note de 9,2 9,2 Fabuleux 1 003 expériences vécues'}, {'name': 'Maison Nova - Boutique Hôtel & Spa', 'price': '€ 401', 'score': 'Avec une note de 9,1 9,1 Fabuleux 639 expériences vécues'}, {'name': 'My Collioure - La Suite - Sauna, Spa & Beach', 'price': '€ 141', 'score': 'Avec une note de 8,1 8,1 Très bien 21 expériences vécues'}, {'name': 'Les Suites de Collioure - Les Suites Collection', 'price': '€ 236', 'score': 'Avec une note de 9,2 9,2 Fabuleux 353 expériences vécues'}, {'name': 'Casa Collioura & Spa', 'price': '€ 336', 'score': 'Avec une note de 9,2 9,2 Fabuleux 394 expériences vécues'}, {'name': 'Duplex quartier piéton', 'price': '€ 255', 'score': 'Avec une note de 8,6 8,6 Superbe 46 expériences vécues'}, {'name': 'Studio du pêcheur', 'price': '€ 138', 'score': 'Avec une note de 7,4 7,4 Bien 37 expériences vécues'}, {'name': 'Appartement neuf et nouvelle top gestion, hyper calme, vue superbe mer et nature', 'price': '€ 359', 'score': 'Avec une note de 9,0 9,0 Fabuleux 24 expériences vécues'}, {'name': 'Grand appartement climatisé à deux pas de la plage', 'price': '€ 229', 'score': 'Avec une note de 9,4 9,4 Fabuleux 12 expériences vécues'}, {'name': 'Appartement T2 de 30m2, Grande Terrasse, Résidence Soleil Marin', 'price': '€ 149', 'score': 'Avec une note de 7,2 7,2 Bien 40 expériences vécues'}, {'name': 'Le Nid de Gilles', 'price': '€ 136', 'score': 'Avec une note de 7,2 7,2 Bien 34 expériences vécues'}, {'name': ""Appartement les pieds dans l'eau !"", 'price': '€ 440', 'score': 'Avec une note de 8,1 8,1 Très bien 39 expériences vécues'}, {'name': 'DUPLEX REP 10 COEUR de COLLIOURE', 'price': '€ 430', 'score': 'Avec une note de 9,8 9,8 Exceptionnel 11 expériences vécues'}, {'name': 'Appartement De Charme Padiolka Mach', 'price': '€ 381', 'score': None}, {'name': 'Appartement De Charme Padiolka Avd', 'price': '€ 401', 'score': 'Avec une note de 6,7 6,7 Note 3 expériences vécues'}]"
carcassonne,85058290,43.2130358,2.3491069,stations,10000,1787754356,7200,3028641,Carcassonne,200,2.3506,43.2128,30.06,32.55,30.06,30.06,1009,58,1009,978,12.86,80,18.01,91,FR,1787720886,1787769437,1.0,6513.0,,804,Clouds,couvert,04d,"[{'name': 'Tribe Carcassonne', 'price': '€ 172', 'score': 'Avec une note de 8,1 8,1 Très bien 3 278 expériences vécues'}, {'name': 'Premiere Classe Carcassonne', 'price': '€ 35', 'score': 'Avec une note de 7,2 7,2 Bien 2 981 expériences vécues'}, {'name': 'ibis Styles Carcassonne La Cité', 'price': '€ 124', 'score': 'Avec une note de 8,6 8,6 Superbe 2 824 expériences vécues'}, {'name': 'ibis budget Carcassonne La Cité', 'price': '€ 70', 'score': 'Avec une note de 7,8 7,8 Bien 4 268 expériences vécues'}, {'name': 'Hotel du Roi & Spa by SOWELL COLLECTION', 'price': '€ 160', 'score': 'Avec une note de 8,3 8,3 Très bien 1 578 expériences vécues'}, {'name': 'Campanile Carcassonne Est - La Cité', 'price': '€ 77', 'score': 'Avec une note de 8,2 8,2 Très bien 1 626 expériences vécues'}, {'name': 'ibis budget Carcassonne Aéroport - A61', 'price': '€ 66', 'score': 'Avec une note de 7,7 7,7 Bien 1 990 expériences vécues'}, {'name': 'SOWELL HOTELS Les Chevaliers', 'price': '€ 185', 'score': 'Avec une note de 8,0 8,0 Très bien 2 492 expériences vécues'}, {'name': ""SalutBB Chambre d'hote"", 'price': '€ 147', 'score': 'Avec une note de 9,7 9,7 Exceptionnel 698 expériences vécues'}, {'name': 'Le Cœur de la Bastide - Adult only', 'price': '€ 134', 'score': 'Avec une note de 9,5 9,5 Exceptionnel 748 expériences vécues'}, {'name': 'ibis Carcassonne Est la Cité', 'price': '€ 79', 'score': 'Avec une note de 8,2 8,2 Très bien 996 expériences vécues'}, {'name': 'Mercure Carcassonne La Cité', 'price': '€ 187', 'score': 'Avec une note de 8,6 8,6 Superbe 1 613 expériences vécues'}, {'name': 'Les chambres de la cité de Carcassonne', 'price': '€ 120', 'score': 'Avec une note de 8,9 8,9 Superbe 43 expériences vécues'}, {'name': 'Vue Cité Médiévale Castel View', 'price': '€ 105', 'score': 'Avec une note de 7,6 7,6 Bien 1 181 expériences vécues'}, {'name': 'Le PALACE, Auberge', 'price': '€ 53', 'score': 'Avec une note de 7,7 7,7 Bien 203 expériences vécues'}, {'name': 'Lueur des Années Dorées', 'price': '€ 101', 'score': 'Avec une note de 8,8 8,8 Superbe 73 expériences vécues'}, {'name': 'La Rapière', 'price': '€ 115', 'score': 'Avec une note de 8,2 8,2 Très bien 2 825 expériences vécues'}, {'name': 'Les florentines', 'price': '€ 79', 'score': 'Avec une note de 8,3 8,3 Très bien 246 expériences vécues'}, {'name': 'L’Aparté Carcassonnais', 'price': '€ 86', 'score': 'Avec une note de 9,2 9,2 Fabuleux 29 expériences vécues'}, {'name': 'Cerise Carcassonne Sud', 'price': '€ 115', 'score': 'Avec une note de 7,7 7,7 Bien 3 138 expériences vécues'}, {'name': 'La Cité Voltaire', 'price': '€ 134', 'score': 'Avec une note de 9,1 9,1 Fabuleux 75 expériences vécues'}, {'name': 'Charmant appartement cité Médiévale - Pont Vieux', 'price': '€ 77', 'score': 'Avec une note de 8,6 8,6 Superbe 26 expériences vécues'}, {'name': 'Carcassonne Studio', 'price': '€ 62', 'score': 'Avec une note de 8,9 8,9 Superbe 71 expériences vécues'}, {'name': 'Hotel Espace Cite', 'price': '€ 82', 'score': 'Avec une note de 8,7 8,7 Superbe 3 072 expériences vécues'}, {'name': 'Les berges de la cité', 'price': '€ 80', 'score': 'Avec une note de 8,1 8,1 Très bien 29 expériences vécues'}]"
ariege,84734344,42.9455368,1.4065544,stations,10000,1787754918,7200,3007059,Larbont,200,1.4066,42.9455,29.02,27.89,29.02,30.82,1008,30,1008,905,4.92,125,7.15,18,FR,1787721136,1787769640,2.0,2106908.0,,801,Clouds,peu nuageux,02d,"[{'name': 'Mercure Ax Les Thermes', 'price': '€ 173', 'score': 'Avec une note de 9,0 9,0 Fabuleux 441 expériences vécues'}, {'name': 'Hôtel Le Bellevue', 'price': '€ 104', 'score': 'Avec une note de 8,6 8,6 Superbe 1 288 expériences vécues'}, {'name': 'Le Pountou Grand Parc Nature Calme WIFI', 'price': '€ 96', 'score': 'Avec une note de 9,1 9,1 Fabuleux 43 expériences vécues'}, {'name': 'Chalet bois au milieu des Pyrénées', 'price': '€ 135', 'score': 'Avec une note de 9,1 9,1 Fabuleux 138 expériences vécues'}, {'name': ""Vacancéole - Le Domaine de la Vallée d'Ax"", 'price': '€ 148', 'score': 'Avec une note de 8,1 8,1 Très bien 1 710 expériences vécues'}, {'name': ""Résidence Vacancéole Les Chalets d'Ax"", 'price': '€ 137', 'score': 'Avec une note de 7,8 7,8 Bien 259 expériences vécues'}, {'name': 'Brit Hotel Confort Foix', 'price': '€ 61', 'score': 'Avec une note de 8,1 8,1 Très bien 1 910 expériences vécues'}, {'name': 'Hôtel Premiere Classe Pamiers', 'price': '€ 54', 'score': 'Avec une note de 7,5 7,5 Bien 988 expériences vécues'}, {'name': 'Le Petit Manoir', 'price': '€ 108', 'score': 'Avec une note de 8,7 8,7 Superbe 24 expériences vécues'}, {'name': 'Siam Mahanakhon Appart & Spa', 'price': '€ 131', 'score': 'Avec une note de 8,9 8,9 Superbe 147 expériences vécues'}, {'name': 'Gite Julie Anne', 'price': '€ 75', 'score': 'Avec une note de 9,0 9,0 Fabuleux 3 expériences vécues'}, {'name': 'Résidence Le Grand Tétras- SPA THERMAL INCLUS', 'price': '€ 171', 'score': 'Avec une note de 8,3 8,3 Très bien 1 058 expériences vécues'}, {'name': 'Hôtel La Cachette de Nina - Saint-Girons', 'price': '€ 87', 'score': 'Avec une note de 8,9 8,9 Superbe 182 expériences vécues'}, {'name': ""Le P'tit Montagnard"", 'price': '€ 77', 'score': 'Avec une note de 8,4 8,4 Très bien 53 expériences vécues'}, {'name': 'La Maison de Natasha', 'price': '€ 71', 'score': 'Avec une note de 8,9 8,9 Superbe 233 expériences vécues'}, {'name': 'Hôtel Pyrène', 'price': '€ 92', 'score': 'Avec une note de 8,6 8,6 Superbe 1 366 expériences vécues'}, {'name': 'Quié, Ariège Maison avec jardin au cœur des montagnes', 'price': '€ 204', 'score': 'Avec une note de 9,3 9,3 Fabuleux 12 expériences vécues'}, {'name': 'The Originals Access, Hôtel Foix', 'price': '€ 63', 'score': 'Avec une note de 7,9 7,9 Bien 1 338 expériences vécues'}, {'name': 'Chambres les 4 saisons', 'price': '€ 66', 'score': 'Avec une note de 8,3 8,3 Très bien 43 expériences vécues'}, {'name': 'Terres de France - Domaine du Palais', 'price': '€ 97', 'score': 'Avec une note de 8,0 8,0 Très bien 825 expériences vécues'}, {'name': ""Studio cosy à l'étage d'une grange de montagne"", 'price': '€ 72', 'score': 'Avec une note de 10 10 Exceptionnel 1 expérience vécue'}, {'name': 'Chaleureux et lumineux à proximité d un lac et de stations de ski', 'price': '€ 69', 'score': 'Avec une note de 10 10 Exceptionnel 5 expériences vécues'}, {'name': ""Balcons de Sorgeat - Chambres d'hôtes - Ecolodge en montagne"", 'price': '€ 126', 'score': 'Avec une note de 9,7 9,7 Exceptionnel 106 expériences vécues'}, {'name': 'Hôtel Le Castelet', 'price': '€ 71', 'score': 'Avec une note de 8,1 8,1 Très bien 533 expériences vécues'}, {'name': ""Auberge l'Escaleta"", 'price': '€ 62', 'score': 'Avec une note de 8,4 8,4 Très bien 410 expériences vécues'}]"
toulouse,85268269,43.6044638,1.4442433,stations,10000,1787754605,7200,2972315,Toulouse,200,1.4351,43.5972,31.05,32.31,31.05,32.06,1006,48,1006,984,9.26,120,,33,FR,1787721071,1787769691,1.0,6467.0,,802,Clouds,partiellement nuageux,03d,"[{'name': 'ibis budget Toulouse Centre Gare', 'price': '€ 80', 'score': 'Avec une note de 7,7 7,7 Bien 6 065 expériences vécues'}, {'name': 'Eklo Hotels Toulouse Cartoucherie Zénith', 'price': '€ 96', 'score': 'Avec une note de 8,1 8,1 Très bien 4 569 expériences vécues'}, {'name': 'The Social Hub Toulouse', 'price': '€ 115', 'score': 'Avec une note de 8,7 8,7 Superbe 5 036 expériences vécues'}, {'name': 'Premiere Classe Toulouse Sesquières', 'price': '€ 46', 'score': 'Avec une note de 6,3 6,3 Note 2 470 expériences vécues'}, {'name': 'Hostel20 Toulouse Wilson', 'price': '€ 60', 'score': 'Avec une note de 7,0 7,0 Bien 2 267 expériences vécues'}, {'name': 'Hôtel Riquet', 'price': '€ 80', 'score': 'Avec une note de 7,3 7,3 Bien 1 862 expériences vécues'}, {'name': 'Mercure Toulouse Centre Saint-Georges', 'price': '€ 142', 'score': 'Avec une note de 8,3 8,3 Très bien 2 143 expériences vécues'}, {'name': 'Hotel Mercure Toulouse Centre Compans', 'price': '€ 113', 'score': 'Avec une note de 8,6 8,6 Superbe 1 189 expériences vécues'}, {'name': 'Alfred Hotels Toulouse Centre Wilson - Hôtel Rénové', 'price': '€ 103', 'score': 'Avec une note de 9,3 9,3 Fabuleux 305 expériences vécues'}, {'name': 'Hôtel le Pastel', 'price': '€ 62', 'score': 'Avec une note de 6,8 6,8 Note 2 554 expériences vécues'}, {'name': 'Résidence le Pastel François Verdier', 'price': '€ 52', 'score': 'Avec une note de 5,7 5,7 Note 1 672 expériences vécues'}, {'name': 'Citiz Hotel', 'price': '€ 86', 'score': 'Avec une note de 7,8 7,8 Bien 1 902 expériences vécues'}, {'name': 'Mama Shelter Toulouse', 'price': '€ 136', 'score': 'Avec une note de 8,7 8,7 Superbe 1 398 expériences vécues'}, {'name': 'ibis Toulouse Centre', 'price': '€ 84', 'score': 'Avec une note de 8,0 8,0 Très bien 2 495 expériences vécues'}, {'name': ""Montempô Appart'Hôtel Toulouse Balma"", 'price': '€ 65', 'score': 'Avec une note de 7,4 7,4 Bien 1 713 expériences vécues'}, {'name': 'ibis Toulouse Gare Matabiau', 'price': '€ 88', 'score': 'Avec une note de 8,2 8,2 Très bien 1 173 expériences vécues'}, {'name': 'Hôtel Anatole France', 'price': '€ 49', 'score': 'Avec une note de 5,8 5,8 Note 360 expériences vécues'}, {'name': 'T3 Moderne - Parking & Clim - 300m Place Saint-Pierre', 'price': '€ 224', 'score': 'Avec une note de 9,2 9,2 Fabuleux 9 expériences vécues'}, {'name': 'Citadines Wilson Toulouse', 'price': '€ 110', 'score': 'Avec une note de 8,2 8,2 Très bien 1 566 expériences vécues'}, {'name': ""Appart'hôtel Odalys City - Toulouse Centre Compans Caffarelli"", 'price': '€ 83', 'score': 'Avec une note de 8,8 8,8 Superbe 7 095 expériences vécues'}, {'name': 'La Cour des Consuls Hotel & Spa Toulouse - MGallery Collection', 'price': '€ 364', 'score': 'Avec une note de 8,1 8,1 Très bien 495 expériences vécues'}, {'name': 'Hôtel de Brienne', 'price': '€ 119', 'score': 'Avec une note de 8,7 8,7 Superbe 1 784 expériences vécues'}, {'name': 'Novotel Toulouse Centre Wilson', 'price': '€ 127', 'score': 'Avec une note de 8,2 8,2 Très bien 791 expériences vécues'}, {'name': 'Hôtel Innes by HappyCulture', 'price': '€ 123', 'score': 'Avec une note de 8,6 8,6 Superbe 3 160 expériences vécues'}, {'name': 'Plaza Hotel Capitole Toulouse', 'price': '€ 140', 'score': 'Avec une note de 8,3 8,3 Très bien 8 047 expériences vécues'}]"
montauban,86590925,44.0175835,1.3549991,stations,10000,1787754920,7200,2993002,Montauban,200,1.355,44.0176,32.43,33.1,32.43,32.43,1006,41,1006,993,6.9,117,7.78,38,FR,1787721052,1787769749,,,,802,Clouds,partiellement nuageux,03d,"[{'name': 'Dali Hôtel Montauban', 'price': '€ 100', 'score': 'Avec une note de 8,8 8,8 Superbe 2 759 expériences vécues'}, {'name': 'Unisotel Montauban EX F1', 'price': '€ 35', 'score': 'Avec une note de 6,8 6,8 Note 1 543 expériences vécues'}, {'name': 'Premiere Classe Montauban', 'price': '€ 43', 'score': 'Avec une note de 5,9 5,9 Note 2 122 expériences vécues'}, {'name': 'ibis Montauban', 'price': '€ 68', 'score': 'Avec une note de 8,3 8,3 Très bien 863 expériences vécues'}, {'name': 'ibis budget Montauban Les Chaumes', 'price': '€ 67', 'score': 'Avec une note de 7,9 7,9 Bien 843 expériences vécues'}, {'name': 'Hôtel du Commerce', 'price': '€ 76', 'score': 'Avec une note de 8,3 8,3 Très bien 1 197 expériences vécues'}, {'name': 'Abbaye des Capucins Spa & Resort', 'price': '€ 110', 'score': 'Avec une note de 8,4 8,4 Très bien 2 214 expériences vécues'}, {'name': 'ibis Styles Montauban', 'price': '€ 102', 'score': 'Avec une note de 8,5 8,5 Très bien 535 expériences vécues'}, {'name': 'Brit Hotel Confort Montauban', 'price': '€ 84', 'score': 'Avec une note de 8,5 8,5 Très bien 1 367 expériences vécues'}, {'name': 'Kyriad Montauban Sud - Albasud', 'price': '€ 56', 'score': 'Avec une note de 7,0 7,0 Bien 1 051 expériences vécues'}, {'name': 'B&B HOTEL Montauban', 'price': '€ 68', 'score': 'Avec une note de 7,8 7,8 Bien 1 082 expériences vécues'}, {'name': 'Les Logis du Port Suites & Spa - Climatisation -Port Canal Montauban', 'price': '€ 98', 'score': 'Avec une note de 9,2 9,2 Fabuleux 85 expériences vécues'}, {'name': 'Hôtel Mercure Montauban', 'price': '€ 140', 'score': 'Avec une note de 9,1 9,1 Fabuleux 204 expériences vécues'}, {'name': 'Manoir de La Gravette Authentic French Manor Experience', 'price': '€ 142', 'score': 'Avec une note de 9,5 9,5 Exceptionnel 282 expériences vécues'}, {'name': 'Chalet 1 contemporain dans son écrin de verdure', 'price': '€ 56', 'score': 'Avec une note de 8,7 8,7 Superbe 333 expériences vécues'}, {'name': 'Studio plein Sud au calme', 'price': '€ 74', 'score': 'Avec une note de 9,1 9,1 Fabuleux 208 expériences vécues'}, {'name': 'DORMIR A MONTAUBAN Logements Carreyrat Calme et Verdoyant', 'price': '€ 93', 'score': 'Avec une note de 8,5 8,5 Très bien 317 expériences vécues'}, {'name': 'Grand appartement - spacieux- proche gare et centre ville', 'price': '€ 80', 'score': 'Avec une note de 9,2 9,2 Fabuleux 6 expériences vécues'}, {'name': 'Les Voutes de Villebourbon', 'price': '€ 78', 'score': 'Avec une note de 9,1 9,1 Fabuleux 196 expériences vécues'}, {'name': ""Castel Bois Marie, Maison d'hôtes"", 'price': '€ 124', 'score': 'Avec une note de 9,0 9,0 Fabuleux 710 expériences vécues'}, {'name': 'Lassus RDC - T2 tout confort - Wifi - 4 pers', 'price': '€ 104', 'score': 'Avec une note de 5,5 5,5 Note 2 expériences vécues'}, {'name': 'T1 Duplex Cosy - Notre-Dame - Netflix', 'price': '€ 86', 'score': 'Avec une note de 7,4 7,4 Bien 26 expériences vécues'}, {'name': 'La Halte Occitane - Classé 3 étoiles - Pour 6 personnes, 3 chambres, parking, terrasse, tout inclus', 'price': '€ 164', 'score': 'Avec une note de 9,3 9,3 Fabuleux 160 expériences vécues'}, {'name': 'T3 Dupleix - Hypercentre - Climatisation - Calme', 'price': '€ 126', 'score': 'Avec une note de 9,4 9,4 Fabuleux 9 expériences vécues'}, {'name': 'la porte verte', 'price': '€ 47', 'score': 'Avec une note de 6,6 6,6 Note 5 expériences vécues'}]"
biarritz,291979173,43.4711437,-1.5527275,stations,10000,1787754921,7200,3032797,Biarritz,200,-1.5527,43.4711,31.0,34.36,28.55,31.0,1002,58,1002,997,2.06,100,,48,FR,1787721800,1787770396,1.0,6478.0,,802,Clouds,partiellement nuageux,03d,"[{'name': 'ibis Styles Biarritz Plage', 'price': '€ 218', 'score': 'Avec une note de 8,4 8,4 Très bien 1 650 expériences vécues'}, {'name': 'Résidence Vacances Bleues Le Grand Large', 'price': '€ 199', 'score': 'Avec une note de 8,6 8,6 Superbe 4 050 expériences vécues'}, {'name': 'Premiere Classe Biarritz', 'price': '€ 130', 'score': 'Avec une note de 5,8 5,8 Note 3 465 expériences vécues'}, {'name': 'Campanile NATURE - Biarritz', 'price': '€ 138', 'score': 'Avec une note de 7,2 7,2 Bien 3 047 expériences vécues'}, {'name': 'Résidence Mer & Golf Eugénie', 'price': '€ 162', 'score': 'Avec une note de 7,7 7,7 Bien 1 637 expériences vécues'}, {'name': 'Mercure Président Biarritz Plage', 'price': '€ 263', 'score': 'Avec une note de 8,4 8,4 Très bien 955 expériences vécues'}, {'name': 'Alfred Hotels Port-Vieux', 'price': '€ 330', 'score': 'Avec une note de 9,2 9,2 Fabuleux 1 352 expériences vécues'}, {'name': 'Hôtel Le Windsor Biarritz', 'price': '€ 240', 'score': 'Avec une note de 8,0 8,0 Très bien 2 378 expériences vécues'}, {'name': 'Hôtel & Espace Bien-être La Maison du Lierre', 'price': '€ 269', 'score': 'Avec une note de 9,2 9,2 Fabuleux 1 091 expériences vécues'}, {'name': 'Hôtel Kemaris', 'price': '€ 160', 'score': 'Avec une note de 8,3 8,3 Très bien 2 087 expériences vécues'}, {'name': 'Hôtel Les Alizés', 'price': '€ 155', 'score': 'Avec une note de 7,4 7,4 Bien 1 241 expériences vécues'}, {'name': 'Grand Tonic Hotel & SPA NUXE', 'price': '€ 312', 'score': 'Avec une note de 8,0 8,0 Très bien 1 310 expériences vécues'}, {'name': 'Hotel Plaza Biarritz Plage - Handwritten Collection', 'price': '€ 277', 'score': 'Avec une note de 8,6 8,6 Superbe 944 expériences vécues'}, {'name': 'Hôtel Jules Verne Biarritz', 'price': '€ 208', 'score': 'Avec une note de 8,4 8,4 Très bien 2 091 expériences vécues'}, {'name': 'Hôtel Au Bon Coin', 'price': '€ 220', 'score': 'Avec une note de 9,4 9,4 Fabuleux 1 606 expériences vécues'}, {'name': 'Sure Hotel by Best Western Biarritz Aeroport', 'price': '€ 140', 'score': 'Avec une note de 8,0 8,0 Très bien 1 978 expériences vécues'}, {'name': 'Hôtel VAL FLORES LOGIS', 'price': '€ 257', 'score': 'Avec une note de 7,5 7,5 Bien 783 expériences vécues'}, {'name': 'Hôtel du Palais Biarritz, in The Unbound Collection by Hyatt', 'price': '€ 1 763', 'score': 'Avec une note de 9,4 9,4 Fabuleux 785 expériences vécues'}, {'name': 'Hotel Marbella', 'price': '€ 167', 'score': 'Avec une note de 7,9 7,9 Bien 1 339 expériences vécues'}, {'name': 'Ama Hôtel', 'price': '€ 209', 'score': 'Avec une note de 8,8 8,8 Superbe 735 expériences vécues'}, {'name': 'Alfred Hotels Les Halles', 'price': '€ 316', 'score': 'Avec une note de 9,1 9,1 Fabuleux 1 377 expériences vécues'}, {'name': 'Hôtel Florida', 'price': '€ 197', 'score': 'Avec une note de 7,5 7,5 Bien 933 expériences vécues'}, {'name': 'Hotel Edouard VII', 'price': '€ 184', 'score': 'Avec une note de 9,2 9,2 Fabuleux 820 expériences vécues'}, {'name': ""petit maison de standing à 5 minutes de l'ocean"", 'price': '€ 434', 'score': 'Avec une note de 6,0 6,0 Note 2 expériences vécues'}, {'name': 'Maison Atalaye - Hôtel entièrement rénové', 'price': '€ 283', 'score': 'Avec une note de 9,5 9,5 Exceptionnel 32 expériences vécues'}]"
bayonne,291698146,43.4945144,-1.4736657,stations,10000,1787754922,7200,3034475,Bayonne,200,-1.4737,43.4945,31.42,35.22,28.97,31.42,1004,58,1004,998,2.06,100,,63,FR,1787721779,1787770379,1.0,6478.0,,803,Clouds,nuageux,04d,"[{'name': 'ibis budget Bayonne', 'price': '€ 121', 'score': 'Avec une note de 7,7 7,7 Bien 5 481 expériences vécues'}, {'name': 'Hôtel Les Genêts Bayonne', 'price': '€ 91', 'score': 'Avec une note de 7,5 7,5 Bien 5 012 expériences vécues'}, {'name': 'Premiere Classe Bayonne', 'price': '€ 123', 'score': 'Avec une note de 7,1 7,1 Bien 884 expériences vécues'}, {'name': 'Adonis Hotel Bayonne', 'price': '€ 95', 'score': 'Avec une note de 7,6 7,6 Bien 2 134 expériences vécues'}, {'name': 'Hôtel Le Bayonne', 'price': '€ 155', 'score': 'Avec une note de 8,1 8,1 Très bien 2 838 expériences vécues'}, {'name': 'OKKO Hotels Bayonne Centre', 'price': '€ 159', 'score': 'Avec une note de 8,3 8,3 Très bien 2 977 expériences vécues'}, {'name': 'Temporesidence Chateauneuf', 'price': '€ 147', 'score': 'Avec une note de 7,1 7,1 Bien 1 986 expériences vécues'}, {'name': 'Hostel20 Bayonne', 'price': '€ 152', 'score': 'Avec une note de 7,8 7,8 Bien 1 999 expériences vécues'}, {'name': 'Hotel Loreak', 'price': '€ 135', 'score': 'Avec une note de 8,4 8,4 Très bien 2 167 expériences vécues'}, {'name': 'ibis Bayonne Centre', 'price': '€ 134', 'score': 'Avec une note de 8,1 8,1 Très bien 1 421 expériences vécues'}, {'name': 'B&B HOTEL Bayonne', 'price': '€ 103', 'score': 'Avec une note de 7,0 7,0 Bien 2 379 expériences vécues'}, {'name': 'Campanile NATURE - Bayonne', 'price': '€ 136', 'score': 'Avec une note de 6,9 6,9 Note 1 428 expériences vécues'}, {'name': 'ibis Styles Bayonne', 'price': '€ 159', 'score': 'Avec une note de 8,6 8,6 Superbe 1 095 expériences vécues'}, {'name': 'Hôtel des Arceaux', 'price': '€ 110', 'score': 'Avec une note de 7,1 7,1 Bien 1 510 expériences vécues'}, {'name': 'Hôtel Villa KOEGUI Bayonne', 'price': '€ 172', 'score': 'Avec une note de 8,8 8,8 Superbe 1 309 expériences vécues'}, {'name': 'hotelF1 Bayonne', 'price': '€ 89', 'score': 'Avec une note de 5,3 5,3 Note 1 221 expériences vécues'}, {'name': 'Temporesidence Cathedrale', 'price': '€ 124', 'score': 'Avec une note de 7,8 7,8 Bien 1 425 expériences vécues'}, {'name': 'Appartement au coeur de bayonne', 'price': '€ 176', 'score': 'Avec une note de 8,8 8,8 Superbe 6 expériences vécues'}, {'name': 'Hôtel Mercure Bayonne Centre Le Grand Hotel', 'price': '€ 160', 'score': 'Avec une note de 8,5 8,5 Très bien 642 expériences vécues'}, {'name': 'Hôtel des Basses Pyrénées - Bayonne', 'price': '€ 191', 'score': 'Avec une note de 8,6 8,6 Superbe 907 expériences vécues'}, {'name': 'Grenier des halles', 'price': '€ 159', 'score': 'Avec une note de 8,6 8,6 Superbe 7 expériences vécues'}, {'name': ""Appart'Hôtel Bellevue"", 'price': '€ 168', 'score': 'Avec une note de 8,4 8,4 Très bien 428 expériences vécues'}, {'name': 'Bel appartement lumineux au cœur de Bayonne', 'price': '€ 232', 'score': 'Avec une note de 9,3 9,3 Fabuleux 16 expériences vécues'}, {'name': 'Villa AJNA Bayonne', 'price': '€ 202', 'score': 'Avec une note de 8,4 8,4 Très bien 111 expériences vécues'}, {'name': 'Baionakoa Résidence', 'price': '€ 201', 'score': 'Avec une note de 9,1 9,1 Fabuleux 381 expériences vécues'}]"
la rochelle,289000003,46.159732,-1.1515951,stations,10000,1787754608,7200,3006787,La Rochelle,200,-1.1497,46.1616,32.22,32.41,32.03,32.92,1005,39,1005,1005,6.17,110,,100,FR,1787721448,1787770555,1.0,6458.0,,804,Clouds,couvert,04d,"[{'name': 'ibis budget La Rochelle Centre les Minimes', 'price': '€ 94', 'score': 'Avec une note de 7,7 7,7 Bien 3 576 expériences vécues'}, {'name': 'Sweetly La Rochelle', 'price': '€ 127', 'score': 'Avec une note de 8,6 8,6 Superbe 108 expériences vécues'}, {'name': 'B&B HOTEL La Rochelle Centre 3 étoiles', 'price': '€ 149', 'score': 'Avec une note de 8,2 8,2 Très bien 2 729 expériences vécues'}, {'name': 'ibis Budget La Rochelle Centre gare', 'price': '€ 95', 'score': 'Avec une note de 8,3 8,3 Très bien 3 322 expériences vécues'}, {'name': 'B&B HOTEL La Rochelle Centre Les Minimes', 'price': '€ 103', 'score': 'Avec une note de 8,1 8,1 Très bien 3 578 expériences vécues'}, {'name': 'ibis Styles La Rochelle Centre Vieux Port', 'price': '€ 144', 'score': 'Avec une note de 8,3 8,3 Très bien 1 266 expériences vécues'}, {'name': 'Novotel La Rochelle Centre', 'price': '€ 179', 'score': 'Avec une note de 8,4 8,4 Très bien 1 213 expériences vécues'}, {'name': ""Appart'City Classic La Rochelle Centre"", 'price': '€ 111', 'score': 'Avec une note de 7,6 7,6 Bien 3 821 expériences vécues'}, {'name': 'ibis Styles La Rochelle Centre les Minimes', 'price': '€ 128', 'score': 'Avec une note de 8,4 8,4 Très bien 1 482 expériences vécues'}, {'name': 'Maisons du Monde Hôtel & Suites - La Rochelle Vieux Port', 'price': '€ 179', 'score': 'Avec une note de 8,6 8,6 Superbe 3 331 expériences vécues'}, {'name': 'Hôtel Kyriad La Rochelle Centre Ville', 'price': '€ 121', 'score': 'Avec une note de 8,5 8,5 Très bien 3 661 expériences vécues'}, {'name': 'Résidence avec Piscine face au port 200m plage', 'price': '€ 114', 'score': 'Avec une note de 8,1 8,1 Très bien 2 345 expériences vécues'}, {'name': 'CENTRAL Hostel La Rochelle Centre', 'price': '€ 169', 'score': 'Avec une note de 8,6 8,6 Superbe 1 116 expériences vécues'}, {'name': 'ibis La Rochelle Centre Historique', 'price': '€ 115', 'score': 'Avec une note de 8,1 8,1 Très bien 949 expériences vécues'}, {'name': 'Hôtel Les Brises', 'price': '€ 185', 'score': 'Avec une note de 8,8 8,8 Superbe 317 expériences vécues'}, {'name': 'Le Saint-Nicolas', 'price': '€ 164', 'score': 'Avec une note de 9,1 9,1 Fabuleux 3 364 expériences vécues'}, {'name': 'Maison des Ambassadeurs', 'price': '€ 217', 'score': 'Avec une note de 9,0 9,0 Fabuleux 2 058 expériences vécues'}, {'name': 'IBIS La Rochelle Vieux Port Centre', 'price': '€ 149', 'score': 'Avec une note de 8,5 8,5 Très bien 1 005 expériences vécues'}, {'name': 'ATHOME RESIDENCE ET SPA', 'price': '€ 110', 'score': 'Avec une note de 8,1 8,1 Très bien 2 584 expériences vécues'}, {'name': 'Hôtel Les Gens de Mer La Rochelle', 'price': '€ 110', 'score': 'Avec une note de 7,8 7,8 Bien 2 007 expériences vécues'}, {'name': ""Résidence hôtelière Odalys l'Archipel"", 'price': '€ 162', 'score': 'Avec une note de 8,5 8,5 Très bien 2 120 expériences vécues'}, {'name': 'Hôtel Inn Design La Rochelle', 'price': '€ 94', 'score': 'Avec une note de 7,9 7,9 Bien 3 230 expériences vécues'}, {'name': ""Lagrange Apart'Hotel l’Escale Marine"", 'price': '€ 117', 'score': 'Avec une note de 7,7 7,7 Bien 5 743 expériences vécues'}, {'name': 'Hôtel La Monnaie Arty & Spa', 'price': '€ 200', 'score': 'Avec une note de 8,9 8,9 Superbe 2 109 expériences vécues'}, {'name': 'ibis Styles La Rochelle Centre Gare', 'price': '€ 146', 'score': 'Avec une note de 8,2 8,2 Très bien 1 783 expériences vécues'}]"
